PathFileType  4	(X/Y/Z) /workspace/Data/abe79267-646f-436b-a19e-a9e1d8f32807/MarkerData/PostAugmentation
DataRate	CameraRate	NumFrames	NumMarkers	Units	OrigDataRate	OrigDataStartFrame	OrigNumFrames
60.0	60.0	291	63	m	60.0	1	291
Frame#	Time	Neck			RShoulder			RElbow			RWrist			LShoulder			LElbow			LWrist			midHip			RHip			RKnee			RAnkle			LHip			LKnee			LAnkle			LBigToe			LSmallToe			LHeel			RBigToe			RSmallToe			RHeel			r.ASIS_study			L.ASIS_study			r.PSIS_study			L.PSIS_study			r_knee_study			r_mknee_study			r_ankle_study			r_mankle_study			r_toe_study			r_5meta_study			r_calc_study			L_knee_study			L_mknee_study			L_ankle_study			L_mankle_study			L_toe_study			L_calc_study			L_5meta_study			r_shoulder_study			L_shoulder_study			C7_study			r_thigh1_study			r_thigh2_study			r_thigh3_study			L_thigh1_study			L_thigh2_study			L_thigh3_study			r_sh1_study			r_sh2_study			r_sh3_study			L_sh1_study			L_sh2_study			L_sh3_study			RHJC_study			LHJC_study			r_lelbow_study			r_melbow_study			r_lwrist_study			r_mwrist_study			L_lelbow_study			L_melbow_study			L_lwrist_study			L_mwrist_study			
		X1	Y1	Z1	X2	Y2	Z2	X3	Y3	Z3	X4	Y4	Z4	X5	Y5	Z5	X6	Y6	Z6	X7	Y7	Z7	X8	Y8	Z8	X9	Y9	Z9	X10	Y10	Z10	X11	Y11	Z11	X12	Y12	Z12	X13	Y13	Z13	X14	Y14	Z14	X15	Y15	Z15	X16	Y16	Z16	X17	Y17	Z17	X18	Y18	Z18	X19	Y19	Z19	X20	Y20	Z20	X21	Y21	Z21	X22	Y22	Z22	X23	Y23	Z23	X24	Y24	Z24	X25	Y25	Z25	X26	Y26	Z26	X27	Y27	Z27	X28	Y28	Z28	X29	Y29	Z29	X30	Y30	Z30	X31	Y31	Z31	X32	Y32	Z32	X33	Y33	Z33	X34	Y34	Z34	X35	Y35	Z35	X36	Y36	Z36	X37	Y37	Z37	X38	Y38	Z38	X39	Y39	Z39	X40	Y40	Z40	X41	Y41	Z41	X42	Y42	Z42	X43	Y43	Z43	X44	Y44	Z44	X45	Y45	Z45	X46	Y46	Z46	X47	Y47	Z47	X48	Y48	Z48	X49	Y49	Z49	X50	Y50	Z50	X51	Y51	Z51	X52	Y52	Z52	X53	Y53	Z53	X54	Y54	Z54	X55	Y55	Z55	X56	Y56	Z56	X57	Y57	Z57	X58	Y58	Z58	X59	Y59	Z59	X60	Y60	Z60	X61	Y61	Z61	X62	Y62	Z62	X63	Y63	Z63	

1	0.0000000	0.3852800	1.5026590	-0.0567700	0.3877700	1.5003490	0.1162800	0.3422700	1.2212490	0.1717100	0.4110800	0.9561390	0.2039100	0.3909100	1.4969090	-0.2303000	0.3598200	1.2006690	-0.2914800	0.3992500	0.9403390	-0.3178000	0.4256000	0.9555390	-0.0528800	0.4366900	0.9583090	0.0689400	0.3659800	0.5199290	0.0725200	0.3240800	0.0688590	0.0681000	0.4218200	0.9571090	-0.1731800	0.3371900	0.5025390	-0.1929900	0.3195200	0.0746690	-0.1878300	0.5064100	0.0472090	-0.1766200	0.4764000	0.0493690	-0.2210000	0.2668100	0.0270390	-0.1863100	0.5021200	0.0466290	0.0865800	0.4729300	0.0449990	0.1245800	0.2886700	0.0279990	0.0587700	0.4905277	1.0231984	0.1104231	0.4905689	1.0176880	-0.2181985	0.2683611	1.0482231	0.0143711	0.2682785	1.0452343	-0.1136981	0.3734699	0.5160765	0.1331169	0.3926175	0.5151881	0.0046316	0.3043633	0.0881426	0.1230484	0.3414675	0.0864568	0.0264258	0.4654776	0.0475892	0.0976666	0.4117449	0.0428840	0.1562236	0.2408838	0.0518140	0.0543039	0.3592567	0.5085565	-0.2381734	0.3764342	0.5104343	-0.1066984	0.2916450	0.0726880	-0.2433431	0.3273147	0.0761684	-0.1469440	0.4749509	0.0491685	-0.2014018	0.2185428	0.0303565	-0.1844721	0.4186605	0.0328253	-0.2687872	0.3855770	1.5610228	0.1220686	0.3927692	1.5510361	-0.2343502	0.2834281	1.5698190	-0.0535650	0.4666240	0.7856767	0.1498609	0.4245981	0.6801494	0.1672766	0.3470505	0.7896990	0.1687696	0.4731216	0.7757148	-0.2530289	0.4226426	0.6706962	-0.2718076	0.3403670	0.7844486	-0.2759629	0.3554987	0.3863639	0.1411234	0.3671836	0.2544151	0.1546775	0.2912644	0.2771600	0.1486742	0.3412062	0.3782746	-0.2513772	0.3564961	0.2444850	-0.2691765	0.2757928	0.2644530	-0.2637992	0.3877560	0.9324269	0.0465129	0.3876172	0.9295873	-0.1513919	0.3307257	1.1947956	0.2209232	0.3158696	1.1748768	0.1382910	0.4561027	0.9432479	0.1943057	0.3893900	0.9193182	0.2141066	0.3502476	1.1779764	-0.3391140	0.3241387	1.1672486	-0.2601538	0.4408241	0.9301072	-0.3077770	0.3723670	0.9118472	-0.3246792
2	0.0166667	0.3851900	1.5024790	-0.0569000	0.3879500	1.5003990	0.1162400	0.3422600	1.2212090	0.1716600	0.4156800	0.9564790	0.2058000	0.3908900	1.4969290	-0.2304300	0.3587100	1.2037290	-0.2916100	0.3989800	0.9404190	-0.3178300	0.4254900	0.9554090	-0.0529200	0.4369900	0.9583190	0.0688900	0.3660700	0.5197590	0.0724600	0.3241100	0.0689690	0.0680100	0.4218600	0.9570690	-0.1732800	0.3370600	0.5023590	-0.1929700	0.3202400	0.0749190	-0.1900400	0.5063800	0.0471390	-0.1767500	0.4764100	0.0494390	-0.2211000	0.2667600	0.0270390	-0.1860300	0.5022800	0.0467390	0.0864700	0.4727800	0.0449090	0.1245100	0.2882400	0.0295690	0.0588700	0.4944778	1.0205052	0.1095812	0.4906824	1.0165840	-0.2184541	0.2711170	1.0513629	0.0129410	0.2703426	1.0496559	-0.1155027	0.3765027	0.5174060	0.1315556	0.3920706	0.5166438	0.0068393	0.3057562	0.0846960	0.1170673	0.3397943	0.0847542	0.0253142	0.4676466	0.0518942	0.0926305	0.4117920	0.0418761	0.1485869	0.2406859	0.0462630	0.0520120	0.3571445	0.5087006	-0.2410828	0.3722149	0.5105565	-0.1106195	0.2965495	0.0749347	-0.2370722	0.3294230	0.0786118	-0.1445965	0.4767727	0.0518737	-0.1958971	0.2226272	0.0317779	-0.1817359	0.4227995	0.0333202	-0.2599377	0.3878910	1.5607490	0.1175118	0.3952813	1.5535490	-0.2297698	0.2856340	1.5715939	-0.0517688	0.4695785	0.7834857	0.1475517	0.4270375	0.6788286	0.1649724	0.3506069	0.7916444	0.1657195	0.4663756	0.7712952	-0.2496081	0.4180104	0.6681844	-0.2709607	0.3415387	0.7852610	-0.2753525	0.3556359	0.3880226	0.1394761	0.3674222	0.2552808	0.1500494	0.2932561	0.2754500	0.1439554	0.3410784	0.3781720	-0.2499270	0.3569396	0.2445170	-0.2654890	0.2802335	0.2653971	-0.2598806	0.3880449	0.9329278	0.0468303	0.3857595	0.9308689	-0.1514158	0.3238219	1.1955102	0.2221053	0.3223811	1.1762887	0.1258708	0.4570966	0.9473796	0.1970979	0.3891718	0.9207902	0.2121026	0.3423431	1.1820688	-0.3350286	0.3314286	1.1721910	-0.2482700	0.4387033	0.9303840	-0.3100882	0.3725005	0.9109956	-0.3214103
3	0.0333333	0.3854400	1.5026590	-0.0567600	0.3879500	1.5003190	0.1163100	0.3470800	1.2213590	0.1736000	0.4155800	0.9566190	0.2056600	0.3909400	1.4968990	-0.2303100	0.3587400	1.2040790	-0.2916600	0.3992100	0.9403990	-0.3178400	0.4255800	0.9555190	-0.0529400	0.4366000	0.9582290	0.0688900	0.3660100	0.5198190	0.0725100	0.3243500	0.0710090	0.0688300	0.4261400	0.9577190	-0.1773800	0.3372400	0.5025390	-0.1929500	0.3194700	0.0746490	-0.1878000	0.5064600	0.0472290	-0.1766000	0.4763500	0.0493790	-0.2210300	0.2668300	0.0269490	-0.1862300	0.5021100	0.0466390	0.0866100	0.4729100	0.0450190	0.1245800	0.2939200	0.0319490	0.0616900	0.4971774	1.0205518	0.1118857	0.4939374	1.0184333	-0.2187835	0.2702847	1.0536843	0.0131445	0.2695896	1.0527129	-0.1161061	0.3723637	0.5157635	0.1337926	0.3893928	0.5149488	0.0066711	0.3051750	0.0816550	0.1164803	0.3411006	0.0823389	0.0252493	0.4684068	0.0512875	0.0939155	0.4115729	0.0402111	0.1493184	0.2414555	0.0421021	0.0497473	0.3527473	0.5089331	-0.2438438	0.3688342	0.5103300	-0.1123125	0.2947803	0.0769220	-0.2366497	0.3285675	0.0797155	-0.1448938	0.4747506	0.0546076	-0.1957415	0.2220496	0.0331660	-0.1814348	0.4204822	0.0341987	-0.2583003	0.3909918	1.5626086	0.1171572	0.3962136	1.5568649	-0.2293250	0.2865284	1.5744490	-0.0519898	0.4681222	0.7811814	0.1491148	0.4244980	0.6768219	0.1672975	0.3469699	0.7907826	0.1682883	0.4627352	0.7709347	-0.2526305	0.4140297	0.6681592	-0.2741263	0.3388038	0.7863981	-0.2777856	0.3521301	0.3860008	0.1408419	0.3655487	0.2532387	0.1523718	0.2898562	0.2724667	0.1427636	0.3370245	0.3794740	-0.2508155	0.3538773	0.2462123	-0.2653030	0.2763801	0.2670813	-0.2600381	0.3865896	0.9322781	0.0471168	0.3846876	0.9312603	-0.1526269	0.3214763	1.1942408	0.2216603	0.3237422	1.1777827	0.1260725	0.4581054	0.9510226	0.1984192	0.3890970	0.9230088	0.2118676	0.3408494	1.1852191	-0.3361063	0.3283807	1.1709876	-0.2471769	0.4380039	0.9276237	-0.3104250	0.3712425	0.9096733	-0.3215867
4	0.0500000	0.3894700	1.5040990	-0.0545000	0.3880400	1.5003390	0.1163800	0.3470100	1.2212490	0.1735800	0.4112100	0.9560190	0.2040900	0.3951600	1.4968990	-0.2303200	0.3586600	1.2037490	-0.2917000	0.3989600	0.9405190	-0.3178500	0.4252700	0.9553090	-0.0528800	0.4330400	0.9576590	0.0708400	0.3659800	0.5197690	0.0725000	0.3242200	0.0690290	0.0680100	0.4218300	0.9571190	-0.1754700	0.3362800	0.5037390	-0.1929600	0.3198800	0.0746290	-0.1877400	0.5066100	0.0471890	-0.1765900	0.4764400	0.0494190	-0.2211000	0.2713700	0.0287890	-0.1880100	0.5025400	0.0486290	0.0859000	0.4764300	0.0462590	0.1226100	0.2942700	0.0321190	0.0617700	0.4980717	1.0213392	0.1145450	0.4940541	1.0188054	-0.2199322	0.2703272	1.0529209	0.0133079	0.2692490	1.0517409	-0.1173586	0.3702162	0.5151793	0.1357468	0.3877385	0.5135145	0.0066594	0.3058650	0.0825563	0.1172300	0.3427760	0.0826013	0.0257774	0.4697847	0.0533613	0.0941629	0.4129130	0.0414163	0.1496259	0.2428528	0.0416710	0.0501734	0.3478031	0.5109129	-0.2441197	0.3641509	0.5116788	-0.1119514	0.2943976	0.0793457	-0.2362465	0.3285324	0.0814909	-0.1446383	0.4715425	0.0568864	-0.1951297	0.2236479	0.0352245	-0.1808437	0.4185372	0.0350390	-0.2568671	0.3927045	1.5605901	0.1166624	0.3959254	1.5559765	-0.2293668	0.2876071	1.5724177	-0.0529915	0.4680534	0.7800386	0.1504865	0.4237154	0.6761644	0.1691035	0.3454421	0.7910119	0.1706982	0.4598227	0.7714343	-0.2549140	0.4104668	0.6692933	-0.2757745	0.3364658	0.7872075	-0.2793180	0.3507907	0.3858748	0.1422609	0.3654402	0.2537439	0.1542022	0.2888694	0.2727308	0.1435224	0.3332655	0.3820045	-0.2506906	0.3517759	0.2490307	-0.2652032	0.2734549	0.2696183	-0.2593490	0.3861277	0.9318118	0.0479448	0.3837689	0.9305361	-0.1540159	0.3201720	1.1925392	0.2214665	0.3225880	1.1779779	0.1276490	0.4574180	0.9508172	0.1976828	0.3871274	0.9228063	0.2122873	0.3402530	1.1862933	-0.3377187	0.3238293	1.1705826	-0.2478989	0.4368494	0.9271528	-0.3100504	0.3681320	0.9091990	-0.3229887
5	0.0666667	0.3854800	1.5026490	-0.0567000	0.3878800	1.5003490	0.1163500	0.3470300	1.2214690	0.1735200	0.4155000	0.9583290	0.2058700	0.3992800	1.4966390	-0.2300400	0.3589400	1.2040090	-0.2918500	0.3949600	0.9399090	-0.3160700	0.4254000	0.9554790	-0.0528900	0.4365300	0.9582290	0.0689200	0.3649200	0.5231790	0.0731000	0.3241300	0.0688490	0.0681200	0.4215900	0.9571190	-0.1731700	0.3365100	0.5038990	-0.1929400	0.3241800	0.0762290	-0.1882100	0.5068200	0.0472390	-0.1766100	0.4764900	0.0493490	-0.2210300	0.2706800	0.0303190	-0.1882500	0.5023200	0.0484290	0.0860400	0.4765200	0.0462990	0.1227000	0.2939000	0.0316790	0.0617300	0.4989697	1.0225496	0.1168117	0.4941597	1.0197592	-0.2211940	0.2708364	1.0529518	0.0133406	0.2693874	1.0516274	-0.1186948	0.3681863	0.5144670	0.1375517	0.3857037	0.5122245	0.0062712	0.3061151	0.0833944	0.1172557	0.3435513	0.0828266	0.0250422	0.4701387	0.0545340	0.0935486	0.4134365	0.0421426	0.1493247	0.2432972	0.0418925	0.0496155	0.3451634	0.5115267	-0.2443549	0.3616659	0.5121328	-0.1111242	0.2954912	0.0801563	-0.2363057	0.3297455	0.0822029	-0.1442896	0.4707803	0.0580209	-0.1942575	0.2257706	0.0360112	-0.1806643	0.4185588	0.0346812	-0.2559511	0.3942649	1.5590571	0.1171103	0.3963085	1.5562511	-0.2295324	0.2887352	1.5710429	-0.0533807	0.4687978	0.7787997	0.1521544	0.4234790	0.6753896	0.1710793	0.3445670	0.7913504	0.1732745	0.4589393	0.7716277	-0.2568877	0.4089491	0.6696626	-0.2773021	0.3352039	0.7873812	-0.2811389	0.3493011	0.3859026	0.1434127	0.3649712	0.2542719	0.1552685	0.2876709	0.2730016	0.1442225	0.3315922	0.3829646	-0.2507093	0.3514065	0.2502367	-0.2653918	0.2725195	0.2703569	-0.2592286	0.3863235	0.9316486	0.0486996	0.3834850	0.9301983	-0.1553326	0.3204190	1.1921987	0.2219355	0.3222910	1.1782166	0.1293048	0.4596035	0.9511267	0.1965923	0.3892724	0.9231009	0.2128718	0.3410118	1.1867032	-0.3374424	0.3221471	1.1711279	-0.2485406	0.4359151	0.9275386	-0.3076643	0.3659461	0.9096304	-0.3222541
6	0.0833333	0.3897100	1.5022090	-0.0548000	0.3880300	1.5003890	0.1163400	0.3467400	1.2247890	0.1736300	0.4157200	0.9600190	0.2083800	0.3992500	1.4966890	-0.2302000	0.3590600	1.2038290	-0.2917300	0.3949400	0.9384090	-0.3161100	0.4251800	0.9572290	-0.0527100	0.4368900	0.9583290	0.0687700	0.3660100	0.5196890	0.0724900	0.3241800	0.0689590	0.0680400	0.4216800	0.9570990	-0.1732700	0.3370800	0.5023590	-0.1929200	0.3245000	0.0762090	-0.1881400	0.5069100	0.0471890	-0.1767000	0.4764500	0.0494190	-0.2211700	0.2714300	0.0290090	-0.1880600	0.5025000	0.0485590	0.0859100	0.4764000	0.0461990	0.1226900	0.2930600	0.0309390	0.0611100	0.4988655	1.0252862	0.1184682	0.4934499	1.0220862	-0.2220578	0.2709728	1.0544498	0.0136436	0.2692495	1.0529427	-0.1193894	0.3667652	0.5148661	0.1389769	0.3839928	0.5124510	0.0060172	0.3061221	0.0850219	0.1172477	0.3437454	0.0841545	0.0242596	0.4703359	0.0565157	0.0928294	0.4135894	0.0435645	0.1489515	0.2432450	0.0431035	0.0491579	0.3436944	0.5128868	-0.2444827	0.3604016	0.5131389	-0.1104503	0.2968281	0.0820446	-0.2362508	0.3311059	0.0839563	-0.1437734	0.4706688	0.0599009	-0.1934130	0.2278013	0.0379445	-0.1803665	0.4190658	0.0355889	-0.2552207	0.3948094	1.5587206	0.1177200	0.3962052	1.5573692	-0.2296436	0.2893199	1.5710634	-0.0534189	0.4694361	0.7792044	0.1536196	0.4234011	0.6759357	0.1727409	0.3440668	0.7928710	0.1754547	0.4586534	0.7732986	-0.2580791	0.4082059	0.6712683	-0.2782675	0.3342275	0.7889135	-0.2822925	0.3481350	0.3869425	0.1444305	0.3644505	0.2556564	0.1560502	0.2867480	0.2741430	0.1449217	0.3308467	0.3846897	-0.2507518	0.3515352	0.2523719	-0.2655484	0.2723984	0.2719392	-0.2591785	0.3863740	0.9331637	0.0495060	0.3831705	0.9314460	-0.1560228	0.3210259	1.1941915	0.2229452	0.3230351	1.1800176	0.1310472	0.4610361	0.9528334	0.1965500	0.3909942	0.9254001	0.2138199	0.3418600	1.1881762	-0.3367190	0.3228251	1.1730500	-0.2484686	0.4364117	0.9290488	-0.3058410	0.3654615	0.9113981	-0.3211325
7	0.1000000	0.3902600	1.5005190	-0.0545000	0.3933400	1.4959890	0.1187400	0.3466700	1.2248090	0.1736200	0.4156400	0.9601590	0.2082200	0.3953100	1.4967490	-0.2322600	0.3601500	1.2007190	-0.2917200	0.3949800	0.9399190	-0.3160300	0.4254900	0.9555390	-0.0529200	0.4365700	0.9583190	0.0688200	0.3652700	0.5217590	0.0730500	0.3241400	0.0688490	0.0681400	0.4217100	0.9571390	-0.1731900	0.3377100	0.5045890	-0.1924700	0.3243700	0.0782190	-0.1875000	0.5067900	0.0472690	-0.1766500	0.4762000	0.0477390	-0.2216400	0.2715300	0.0290990	-0.1882600	0.5025200	0.0504990	0.0867600	0.4764900	0.0462990	0.1227300	0.2928800	0.0307090	0.0610400	0.4993791	1.0245704	0.1192660	0.4929078	1.0209515	-0.2235447	0.2714191	1.0525322	0.0140701	0.2692649	1.0508620	-0.1198821	0.3659571	0.5120860	0.1399571	0.3827790	0.5097190	0.0057648	0.3063039	0.0833017	0.1171405	0.3439511	0.0823281	0.0234523	0.4706661	0.0551705	0.0922229	0.4137777	0.0417653	0.1486705	0.2433165	0.0412213	0.0486520	0.3433893	0.5106055	-0.2448446	0.3605434	0.5106878	-0.1102030	0.2982849	0.0804670	-0.2367942	0.3326952	0.0823730	-0.1439148	0.4710470	0.0583460	-0.1934028	0.2298267	0.0365424	-0.1806202	0.4198159	0.0333113	-0.2553475	0.3961522	1.5553932	0.1183662	0.3962223	1.5554292	-0.2303311	0.2902005	1.5680982	-0.0531039	0.4704892	0.7762867	0.1546257	0.4237971	0.6731389	0.1739170	0.3444105	0.7908781	0.1770665	0.4589422	0.7712159	-0.2593473	0.4081862	0.6691529	-0.2793294	0.3337571	0.7868310	-0.2834281	0.3474033	0.3847926	0.1451791	0.3641559	0.2537682	0.1565055	0.2862783	0.2719942	0.1454901	0.3309803	0.3828044	-0.2512108	0.3520930	0.2508814	-0.2662860	0.2729726	0.2699425	-0.2595315	0.3871425	0.9312509	0.0500523	0.3833027	0.9292602	-0.1568544	0.3222213	1.1932003	0.2235169	0.3247323	1.1786078	0.1320397	0.4621773	0.9516613	0.1960725	0.3927406	0.9248249	0.2138627	0.3423872	1.1862042	-0.3360529	0.3248783	1.1716893	-0.2484524	0.4377135	0.9277095	-0.3051401	0.3665074	0.9103153	-0.3201483
8	0.1166667	0.3901100	1.5003490	-0.0546400	0.3934900	1.4960390	0.1187200	0.3469000	1.2248190	0.1736900	0.4157900	0.9600290	0.2084100	0.3953000	1.4968190	-0.2324000	0.3602900	1.1986490	-0.2916800	0.3947400	0.9400090	-0.3161000	0.4252500	0.9572490	-0.0526600	0.4368900	0.9583190	0.0688200	0.3653100	0.5216590	0.0730300	0.3242000	0.0689590	0.0680400	0.4175300	0.9565690	-0.1712600	0.3375400	0.5064990	-0.1928800	0.3242600	0.0779590	-0.1851200	0.5067300	0.0471690	-0.1767200	0.4761200	0.0477690	-0.2217800	0.2714400	0.0290890	-0.1880200	0.5026800	0.0506090	0.0866500	0.4763500	0.0461990	0.1226800	0.2931000	0.0309090	0.0610900	0.4993949	1.0270971	0.1198654	0.4916169	1.0230826	-0.2242580	0.2713703	1.0539576	0.0150404	0.2687140	1.0521232	-0.1194468	0.3648751	0.5128914	0.1407933	0.3813478	0.5107086	0.0058512	0.3057606	0.0845603	0.1172818	0.3434158	0.0836405	0.0231278	0.4703585	0.0565588	0.0920542	0.4132487	0.0428165	0.1487064	0.2426825	0.0425749	0.0485353	0.3428547	0.5115587	-0.2446352	0.3604317	0.5115171	-0.1097323	0.2989085	0.0821493	-0.2367216	0.3333945	0.0840347	-0.1436539	0.4709979	0.0596091	-0.1930101	0.2308623	0.0385718	-0.1803566	0.4200002	0.0342320	-0.2550160	0.3966751	1.5555902	0.1189866	0.3956110	1.5565742	-0.2306821	0.2903410	1.5685976	-0.0524858	0.4709273	0.7769310	0.1556300	0.4236830	0.6738490	0.1749896	0.3444029	0.7922349	0.1785117	0.4585530	0.7724497	-0.2598010	0.4076635	0.6703258	-0.2795965	0.3328963	0.7881149	-0.2834902	0.3462263	0.3860331	0.1459613	0.3632005	0.2551123	0.1570575	0.2853223	0.2730394	0.1461023	0.3307415	0.3841161	-0.2511038	0.3520081	0.2525404	-0.2664374	0.2731068	0.2712032	-0.2592365	0.3874765	0.9327975	0.0508811	0.3828449	0.9305444	-0.1568291	0.3227473	1.1953251	0.2241459	0.3260156	1.1802280	0.1330797	0.4621692	0.9538612	0.1959708	0.3934005	0.9274732	0.2141135	0.3423178	1.1873346	-0.3348329	0.3267820	1.1733975	-0.2478920	0.4385873	0.9292138	-0.3044480	0.3673878	0.9122614	-0.3188200
9	0.1333333	0.3903300	1.5005590	-0.0545500	0.3931600	1.4979290	0.1185800	0.3469400	1.2249090	0.1736600	0.4156200	0.9601490	0.2082400	0.3952900	1.4967690	-0.2322400	0.3602600	1.1989290	-0.2917400	0.3949500	0.9398690	-0.3160500	0.4255500	0.9555590	-0.0529200	0.4365600	0.9583290	0.0687800	0.3662500	0.5186890	0.0724900	0.3241000	0.0688390	0.0681300	0.4216700	0.9571590	-0.1732100	0.3376500	0.5045290	-0.1924600	0.3198600	0.0748490	-0.1888500	0.5068300	0.0472690	-0.1766000	0.4762100	0.0477390	-0.2216400	0.2714700	0.0288690	-0.1882500	0.5025000	0.0504790	0.0867800	0.4687800	0.0436190	0.1229200	0.2927600	0.0306290	0.0609800	0.4996019	1.0261469	0.1199733	0.4911591	1.0217637	-0.2254173	0.2716563	1.0520009	0.0153426	0.2687451	1.0500177	-0.1196596	0.3643664	0.5104287	0.1410799	0.3807457	0.5084715	0.0057438	0.3053213	0.0825914	0.1169068	0.3431316	0.0817511	0.0225378	0.4697654	0.0546856	0.0916224	0.4124044	0.0407206	0.1482955	0.2424179	0.0408269	0.0479310	0.3429082	0.5092996	-0.2452481	0.3609563	0.5091048	-0.1099456	0.2994434	0.0804749	-0.2376200	0.3340817	0.0822937	-0.1442289	0.4711184	0.0576386	-0.1933517	0.2316774	0.0371419	-0.1810586	0.4202831	0.0319974	-0.2556176	0.3972482	1.5530610	0.1191091	0.3957348	1.5546707	-0.2314968	0.2908934	1.5661722	-0.0524021	0.4714245	0.7743162	0.1560507	0.4237836	0.6712663	0.1754362	0.3447069	0.7901897	0.1791178	0.4588498	0.7701995	-0.2608569	0.4077798	0.6681345	-0.2805709	0.3326754	0.7861525	-0.2842976	0.3454852	0.3839214	0.1462041	0.3624537	0.2530563	0.1571116	0.2847113	0.2708697	0.1460547	0.3309202	0.3821782	-0.2519122	0.3521668	0.2508419	-0.2675505	0.2734254	0.2692451	-0.2599119	0.3881659	0.9309624	0.0511461	0.3831301	0.9284687	-0.1573435	0.3232529	1.1943624	0.2240028	0.3272531	1.1786848	0.1334404	0.4620381	0.9532585	0.1955466	0.3939639	0.9270798	0.2139929	0.3423098	1.1854275	-0.3341930	0.3286618	1.1720432	-0.2479935	0.4396046	0.9278119	-0.3047027	0.3686614	0.9112233	-0.3184233
10	0.1500000	0.3900200	1.5004190	-0.0546700	0.3931000	1.4980590	0.1185100	0.3468100	1.2248690	0.1736700	0.4157800	0.9600590	0.2084300	0.3952200	1.4968690	-0.2323400	0.3597400	1.2004290	-0.2913800	0.3949300	0.9383490	-0.3161100	0.4253500	0.9572590	-0.0527100	0.4369100	0.9583490	0.0686200	0.3651800	0.5218290	0.0749900	0.3241600	0.0689590	0.0680500	0.4217900	0.9570790	-0.1732600	0.3373900	0.5044690	-0.1925400	0.3238400	0.0758590	-0.1845500	0.5068300	0.0472190	-0.1766600	0.4762100	0.0477890	-0.2217600	0.2705800	0.0301290	-0.1879000	0.5023100	0.0468190	0.0864700	0.4764400	0.0462390	0.1226500	0.2930300	0.0308590	0.0610200	0.4993446	1.0284061	0.1203073	0.4903268	1.0237354	-0.2257758	0.2714801	1.0534702	0.0160044	0.2683668	1.0513633	-0.1192869	0.3636176	0.5115560	0.1416568	0.3799915	0.5098688	0.0060788	0.3049302	0.0839023	0.1169638	0.3429315	0.0832212	0.0224359	0.4694702	0.0559046	0.0916818	0.4118541	0.0418160	0.1484172	0.2422299	0.0425345	0.0477859	0.3425901	0.5104464	-0.2450924	0.3610277	0.5101451	-0.1097040	0.2996776	0.0820870	-0.2376323	0.3344316	0.0838579	-0.1441491	0.4711278	0.0589076	-0.1932558	0.2321834	0.0390385	-0.1808990	0.4203708	0.0332845	-0.2555697	0.3972676	1.5540041	0.1193413	0.3953473	1.5558683	-0.2317980	0.2909209	1.5671803	-0.0520310	0.4714636	0.7752988	0.1568003	0.4234910	0.6722495	0.1761772	0.3445101	0.7915448	0.1798796	0.4585738	0.7714171	-0.2611022	0.4074301	0.6693817	-0.2806863	0.3320942	0.7876016	-0.2841795	0.3445795	0.3853084	0.1467913	0.3616264	0.2544564	0.1575521	0.2840274	0.2720595	0.1463667	0.3307614	0.3835955	-0.2518962	0.3519910	0.2524545	-0.2677839	0.2734645	0.2706237	-0.2596997	0.3882971	0.9325560	0.0516908	0.3829086	0.9298735	-0.1572359	0.3230249	1.1963222	0.2240471	0.3277251	1.1801768	0.1339631	0.4612798	0.9555923	0.1955447	0.3938712	0.9294815	0.2142940	0.3420834	1.1867754	-0.3331285	0.3299819	1.1738974	-0.2476405	0.4400480	0.9293357	-0.3045160	0.3693595	0.9131546	-0.3177950
11	0.1666667	0.3902700	1.5006090	-0.0545300	0.3930100	1.4979790	0.1185800	0.3468400	1.2248690	0.1736800	0.4201800	0.9587690	0.2098300	0.3952600	1.4968090	-0.2322300	0.3601300	1.1990190	-0.2914400	0.3951900	0.9382390	-0.3160500	0.4254900	0.9574090	-0.0527300	0.4365500	0.9583390	0.0687000	0.3651500	0.5219590	0.0750000	0.3241000	0.0688390	0.0681500	0.4217700	0.9571590	-0.1732000	0.3375400	0.5047090	-0.1925700	0.3239500	0.0761490	-0.1869100	0.5066500	0.0472890	-0.1765400	0.4799800	0.0490790	-0.2197600	0.2660800	0.0286090	-0.1861800	0.5021500	0.0466790	0.0865900	0.4765600	0.0462990	0.1227100	0.2928200	0.0307690	0.0610200	0.4994122	1.0290475	0.1204320	0.4899900	1.0241159	-0.2262852	0.2715956	1.0533630	0.0163636	0.2683503	1.0511393	-0.1191850	0.3632915	0.5112490	0.1420251	0.3796489	0.5098059	0.0063252	0.3049237	0.0836038	0.1168508	0.3430770	0.0830745	0.0222408	0.4696140	0.0555871	0.0915567	0.4117780	0.0415082	0.1483204	0.2423858	0.0425717	0.0475236	0.3426384	0.5100317	-0.2452232	0.3613610	0.5096961	-0.1096733	0.2998900	0.0821566	-0.2378692	0.3347115	0.0838967	-0.1442340	0.4713678	0.0586917	-0.1931346	0.2324919	0.0393862	-0.1810523	0.4206382	0.0331575	-0.2556076	0.3973761	1.5536199	0.1194570	0.3954701	1.5556628	-0.2322166	0.2912009	1.5668078	-0.0518580	0.4717475	0.7748470	0.1571934	0.4235151	0.6717941	0.1766108	0.3446540	0.7913901	0.1803338	0.4587192	0.7710046	-0.2615180	0.4074931	0.6690135	-0.2810280	0.3319459	0.7874823	-0.2843802	0.3441073	0.3851600	0.1471698	0.3612221	0.2542626	0.1577799	0.2837673	0.2717391	0.1464754	0.3308723	0.3834160	-0.2521447	0.3520117	0.2523974	-0.2682319	0.2736425	0.2705010	-0.2597941	0.3886844	0.9326131	0.0519620	0.3830459	0.9297604	-0.1573656	0.3233322	1.1965536	0.2239807	0.3285679	1.1799063	0.1342701	0.4616659	0.9564359	0.1956386	0.3949686	0.9301742	0.2147283	0.3422643	1.1865480	-0.3324051	0.3314001	1.1741679	-0.2476092	0.4407637	0.9293483	-0.3046553	0.3704461	0.9134591	-0.3176941
12	0.1833333	0.3900000	1.5004090	-0.0546500	0.3928000	1.4999990	0.1183700	0.3466500	1.2265490	0.1737500	0.4202600	0.9605190	0.2102000	0.3952300	1.4968590	-0.2323600	0.3596200	1.2004890	-0.2912600	0.3949400	0.9383390	-0.3161400	0.4253800	0.9554090	-0.0529300	0.4369200	0.9583090	0.0686300	0.3651900	0.5218290	0.0749600	0.3240900	0.0688590	0.0702900	0.4216600	0.9570790	-0.1732900	0.3374100	0.5066190	-0.1929200	0.3201700	0.0748790	-0.1887600	0.5102100	0.0484990	-0.1747700	0.4799400	0.0490990	-0.2198800	0.2659500	0.0285890	-0.1859300	0.5022700	0.0467890	0.0864600	0.4763700	0.0461890	0.1226500	0.2930600	0.0309290	0.0610900	0.4992476	1.0274117	0.1203497	0.4894876	1.0222903	-0.2269300	0.2714969	1.0512459	0.0165219	0.2681419	1.0489403	-0.1192558	0.3629643	0.5090962	0.1422655	0.3792876	0.5078677	0.0065186	0.3048135	0.0816004	0.1167263	0.3430810	0.0812083	0.0220736	0.4696376	0.0536550	0.0913202	0.4116291	0.0395938	0.1481418	0.2424351	0.0409009	0.0473497	0.3423622	0.5077877	-0.2455804	0.3613802	0.5073780	-0.1098726	0.2996734	0.0802647	-0.2382857	0.3345820	0.0819291	-0.1445068	0.4715015	0.0567769	-0.1931801	0.2322629	0.0376062	-0.1814209	0.4207160	0.0312803	-0.2558280	0.3972156	1.5513726	0.1193207	0.3953460	1.5533594	-0.2327419	0.2912418	1.5644673	-0.0518820	0.4718368	0.7724751	0.1573838	0.4234265	0.6694487	0.1768556	0.3446307	0.7892025	0.1805388	0.4585034	0.7686533	-0.2620844	0.4072098	0.6667515	-0.2815467	0.3315368	0.7853895	-0.2847715	0.3436437	0.3831572	0.1474159	0.3607955	0.2522423	0.1578907	0.2834856	0.2696635	0.1465393	0.3306520	0.3813514	-0.2525892	0.3516845	0.2504026	-0.2688341	0.2734323	0.2685066	-0.2600958	0.3887806	0.9305477	0.0520278	0.3829340	0.9275704	-0.1576575	0.3232112	1.1950557	0.2238061	0.3288528	1.1779105	0.1343870	0.4617989	0.9556452	0.1957336	0.3958089	0.9291464	0.2150848	0.3421412	1.1845250	-0.3318960	0.3322369	1.1726350	-0.2477973	0.4410646	0.9275929	-0.3049487	0.3712257	0.9119100	-0.3178780
13	0.2000000	0.3902600	1.5005690	-0.0545000	0.3930700	1.4979790	0.1186100	0.3466800	1.2265590	0.1737600	0.4200900	0.9605490	0.2100100	0.3955400	1.4967990	-0.2344700	0.3597000	1.2024290	-0.2916500	0.3994600	0.9388190	-0.3177900	0.4254500	0.9555090	-0.0529600	0.4364800	0.9582190	0.0687100	0.3660600	0.5196190	0.0749400	0.3240300	0.0687190	0.0703800	0.4216500	0.9571690	-0.1732700	0.3376500	0.5045390	-0.1925000	0.3193300	0.0745790	-0.1865100	0.5067300	0.0473190	-0.1764800	0.4762100	0.0476990	-0.2215600	0.2700300	0.0314590	-0.1860100	0.5021600	0.0466290	0.0865800	0.4772500	0.0448990	0.1226800	0.2927100	0.0305990	0.0608700	0.4992875	1.0277928	0.1203994	0.4891929	1.0225644	-0.2272991	0.2716118	1.0512507	0.0168422	0.2681529	1.0488862	-0.1191034	0.3629416	0.5090771	0.1425321	0.3792941	0.5080779	0.0068178	0.3050244	0.0817367	0.1167573	0.3434175	0.0814919	0.0221197	0.4700034	0.0537563	0.0913442	0.4118091	0.0398353	0.1481777	0.2428112	0.0414527	0.0473569	0.3421541	0.5076543	-0.2456740	0.3615137	0.5071477	-0.1100133	0.2995477	0.0805788	-0.2384079	0.3345928	0.0821507	-0.1446539	0.4716183	0.0569029	-0.1933440	0.2322327	0.0381179	-0.1814551	0.4207380	0.0315953	-0.2559470	0.3971825	1.5512520	0.1192953	0.3952401	1.5531612	-0.2331306	0.2913777	1.5642304	-0.0517845	0.4720235	0.7722541	0.1576725	0.4235094	0.6692398	0.1771526	0.3448073	0.7890932	0.1807548	0.4583024	0.7684496	-0.2624328	0.4069627	0.6666259	-0.2817879	0.3312468	0.7854481	-0.2847739	0.3435078	0.3832928	0.1477107	0.3606675	0.2523690	0.1580910	0.2835510	0.2697140	0.1466648	0.3305047	0.3814185	-0.2527300	0.3514230	0.2505749	-0.2691278	0.2733217	0.2686850	-0.2600594	0.3890465	0.9305766	0.0522034	0.3829906	0.9275253	-0.1577492	0.3231553	1.1955378	0.2237638	0.3291036	1.1780737	0.1344717	0.4619724	0.9567076	0.1959972	0.3965939	0.9300551	0.2154289	0.3426431	1.1846918	-0.3315991	0.3334971	1.1731826	-0.2479910	0.4424966	0.9282405	-0.3053225	0.3731627	0.9125415	-0.3182914
14	0.2166667	0.3900200	1.5003990	-0.0545900	0.3931200	1.4980290	0.1186200	0.3465000	1.2265290	0.1737600	0.4202300	0.9605490	0.2102100	0.3955400	1.4968990	-0.2346100	0.3602000	1.1988090	-0.2913400	0.3989800	0.9405590	-0.3179100	0.4252500	0.9553390	-0.0529400	0.4368900	0.9582190	0.0687200	0.3661600	0.5195990	0.0749700	0.3242000	0.0690090	0.0680600	0.4215300	0.9570590	-0.1732900	0.3375200	0.5042890	-0.1924700	0.3197400	0.0745890	-0.1864700	0.5067100	0.0472190	-0.1765700	0.4799700	0.0490690	-0.2198600	0.2705500	0.0301490	-0.1878400	0.5023300	0.0467690	0.0864200	0.4771300	0.0448390	0.1225900	0.2930500	0.0308890	0.0610600	0.4990597	1.0278959	0.1205529	0.4887729	1.0225341	-0.2275681	0.2714846	1.0510022	0.0171160	0.2679831	1.0485625	-0.1189971	0.3626623	0.5088446	0.1427794	0.3791070	0.5080431	0.0071410	0.3050024	0.0815953	0.1166582	0.3435628	0.0814897	0.0221158	0.4701510	0.0536313	0.0913640	0.4117777	0.0398504	0.1481172	0.2429910	0.0416727	0.0472081	0.3417648	0.5072770	-0.2457562	0.3613646	0.5067333	-0.1099699	0.2993951	0.0805957	-0.2385988	0.3345201	0.0821138	-0.1447563	0.4717426	0.0568984	-0.1933098	0.2321438	0.0382610	-0.1816249	0.4208152	0.0317546	-0.2560090	0.3968732	1.5510540	0.1193127	0.3950620	1.5528419	-0.2333782	0.2913135	1.5639018	-0.0516575	0.4718352	0.7718136	0.1580099	0.4232542	0.6688166	0.1774648	0.3446278	0.7887566	0.1809342	0.4580055	0.7680090	-0.2626818	0.4066016	0.6662455	-0.2819965	0.3307844	0.7851890	-0.2849107	0.3431207	0.3831759	0.1479344	0.3602938	0.2522369	0.1582171	0.2833668	0.2695209	0.1466630	0.3302059	0.3812120	-0.2528840	0.3510916	0.2504492	-0.2694458	0.2730939	0.2685764	-0.2601091	0.3889688	0.9303548	0.0524026	0.3827905	0.9272133	-0.1578197	0.3227917	1.1956653	0.2238243	0.3290419	1.1779135	0.1346077	0.4618673	0.9574114	0.1963187	0.3970738	0.9305926	0.2158142	0.3428006	1.1845041	-0.3312104	0.3343317	1.1733402	-0.2481021	0.4435298	0.9286489	-0.3056386	0.3748114	0.9128788	-0.3186681
15	0.2333333	0.3858100	1.5007890	-0.0565200	0.3929600	1.4979790	0.1186600	0.3466000	1.2265090	0.1737900	0.4200600	0.9606290	0.2099900	0.3955700	1.4967290	-0.2344900	0.3607400	1.1991990	-0.2914600	0.3995000	0.9388090	-0.3178200	0.4254700	0.9555290	-0.0530100	0.4327700	0.9577490	0.0707100	0.3660700	0.5196590	0.0749900	0.3240900	0.0688790	0.0681600	0.4216400	0.9571690	-0.1732700	0.3377000	0.5045090	-0.1924900	0.3193900	0.0745290	-0.1865300	0.5103100	0.0485890	-0.1745900	0.4800400	0.0490390	-0.2197100	0.2706900	0.0301890	-0.1881100	0.5021900	0.0466190	0.0865500	0.4772600	0.0449090	0.1226600	0.2927100	0.0305890	0.0609700	0.4991463	1.0283597	0.1207677	0.4889656	1.0228569	-0.2279345	0.2716887	1.0510520	0.0171896	0.2682545	1.0485360	-0.1191459	0.3628170	0.5090324	0.1428690	0.3793955	0.5083996	0.0073238	0.3053412	0.0818343	0.1164406	0.3440673	0.0818474	0.0220037	0.4706156	0.0538476	0.0912755	0.4120885	0.0402062	0.1479312	0.2435387	0.0422294	0.0469505	0.3417954	0.5072921	-0.2459637	0.3615709	0.5067473	-0.1100453	0.2997076	0.0809262	-0.2388838	0.3349053	0.0824180	-0.1449484	0.4724499	0.0572534	-0.1932852	0.2324679	0.0386734	-0.1819358	0.4214600	0.0322151	-0.2560879	0.3966409	1.5512043	0.1191757	0.3951483	1.5527975	-0.2338571	0.2913908	1.5638505	-0.0518153	0.4719629	0.7718094	0.1582474	0.4233558	0.6688294	0.1776502	0.3447718	0.7888098	0.1809875	0.4581974	0.7678980	-0.2630299	0.4067099	0.6662103	-0.2823167	0.3308308	0.7852783	-0.2852256	0.3431754	0.3834495	0.1479878	0.3603303	0.2524847	0.1581811	0.2835889	0.2697282	0.1465070	0.3303331	0.3813769	-0.2531618	0.3512356	0.2506644	-0.2698579	0.2732915	0.2688109	-0.2602893	0.3891990	0.9304914	0.0525172	0.3830781	0.9272572	-0.1580671	0.3227336	1.1960804	0.2237280	0.3292828	1.1780957	0.1345996	0.4620487	0.9582719	0.1964939	0.3977733	0.9312951	0.2160218	0.3433021	1.1845791	-0.3309506	0.3353976	1.1737318	-0.2482590	0.4447264	0.9291483	-0.3059459	0.3765870	0.9133534	-0.3190364
16	0.2500000	0.3853900	1.5025790	-0.0563800	0.3927400	1.5000490	0.1183800	0.3465100	1.2265090	0.1737600	0.4203100	0.9605490	0.2102100	0.3911300	1.4970390	-0.2325600	0.3599300	1.2007890	-0.2909000	0.3989900	0.9406090	-0.3179500	0.4253000	0.9553890	-0.0529600	0.4331300	0.9577090	0.0706800	0.3662700	0.5193390	0.0730800	0.3287300	0.0704290	0.0698600	0.4216400	0.9570890	-0.1733600	0.3374700	0.5065590	-0.1928900	0.3202000	0.0766190	-0.1870900	0.5067200	0.0472190	-0.1766400	0.4761900	0.0478090	-0.2217800	0.2706300	0.0304090	-0.1879400	0.5023500	0.0467590	0.0863900	0.4771100	0.0448290	0.1225900	0.2930800	0.0308690	0.0610200	0.4989224	1.0283657	0.1210326	0.4886289	1.0229119	-0.2281406	0.2715278	1.0508240	0.0174856	0.2680682	1.0483142	-0.1190382	0.3626491	0.5088357	0.1430375	0.3792511	0.5084138	0.0075178	0.3057056	0.0818330	0.1164542	0.3444957	0.0819851	0.0220580	0.4708961	0.0538165	0.0912809	0.4123127	0.0403235	0.1479355	0.2441193	0.0426410	0.0469922	0.3413149	0.5070589	-0.2460398	0.3613596	0.5064351	-0.1101148	0.2993744	0.0810020	-0.2391308	0.3347249	0.0824217	-0.1452224	0.4722578	0.0572349	-0.1936205	0.2322589	0.0389445	-0.1821064	0.4211787	0.0323935	-0.2563527	0.3960794	1.5510977	0.1191465	0.3942419	1.5525145	-0.2340339	0.2908602	1.5634797	-0.0516580	0.4718524	0.7714055	0.1585307	0.4232078	0.6684475	0.1778979	0.3446712	0.7884674	0.1811809	0.4577858	0.7675026	-0.2632434	0.4062409	0.6659229	-0.2824778	0.3303592	0.7851883	-0.2852844	0.3430252	0.3834002	0.1481204	0.3602877	0.2524392	0.1582432	0.2837124	0.2696244	0.1465623	0.3299087	0.3813145	-0.2532989	0.3507673	0.2506753	-0.2701685	0.2729171	0.2688128	-0.2603412	0.3891173	0.9302559	0.0527294	0.3829223	0.9270470	-0.1581489	0.3224379	1.1961550	0.2238031	0.3292010	1.1779847	0.1348195	0.4618598	0.9587056	0.1967705	0.3981036	0.9316198	0.2163450	0.3429544	1.1843808	-0.3304706	0.3356921	1.1738207	-0.2481642	0.4451365	0.9294727	-0.3062343	0.3775710	0.9136267	-0.3192716
17	0.2666667	0.3900300	1.5024890	-0.0541900	0.3927600	1.5017190	0.1187100	0.3466000	1.2265090	0.1738000	0.4200600	0.9625490	0.2101100	0.3910900	1.4969090	-0.2324200	0.3594500	1.2026190	-0.2910400	0.3992500	0.9404790	-0.3178400	0.4254400	0.9554990	-0.0529300	0.4327300	0.9577190	0.0707800	0.3661600	0.5194990	0.0731100	0.3239000	0.0669390	0.0686800	0.4216600	0.9571790	-0.1732600	0.3372300	0.5047390	-0.1933700	0.3198300	0.0765690	-0.1871600	0.5103200	0.0486490	-0.1769800	0.4800100	0.0491090	-0.2197600	0.2707800	0.0303690	-0.1882000	0.5058100	0.0479390	0.0846400	0.4772800	0.0449190	0.1226600	0.2927300	0.0305990	0.0609400	0.4990433	1.0286122	0.1213079	0.4887168	1.0231747	-0.2283009	0.2717294	1.0508753	0.0176898	0.2682901	1.0483445	-0.1190033	0.3626501	0.5088795	0.1430725	0.3793640	0.5086032	0.0075631	0.3060744	0.0818171	0.1163875	0.3449857	0.0820817	0.0220529	0.4715732	0.0539181	0.0912237	0.4128518	0.0404769	0.1478522	0.2446172	0.0428508	0.0469133	0.3411816	0.5070240	-0.2461729	0.3614006	0.5064158	-0.1101112	0.2995905	0.0812544	-0.2394117	0.3350636	0.0826633	-0.1454352	0.4728245	0.0574716	-0.1936867	0.2325831	0.0393256	-0.1824399	0.4216589	0.0327589	-0.2565137	0.3959226	1.5514783	0.1192115	0.3938200	1.5526555	-0.2340768	0.2906967	1.5635753	-0.0514094	0.4719751	0.7712899	0.1588100	0.4232508	0.6683378	0.1781009	0.3447240	0.7884221	0.1813001	0.4577921	0.7674091	-0.2634841	0.4061779	0.6658735	-0.2827010	0.3302660	0.7852371	-0.2854871	0.3430043	0.3835147	0.1481420	0.3603405	0.2525262	0.1582510	0.2838897	0.2696106	0.1464816	0.3298593	0.3814024	-0.2535030	0.3507579	0.2508011	-0.2705286	0.2729652	0.2689810	-0.2604819	0.3892919	0.9302970	0.0528882	0.3830701	0.9270917	-0.1582642	0.3224219	1.1965305	0.2239397	0.3294009	1.1782491	0.1350446	0.4619214	0.9593418	0.1970419	0.3985970	0.9321870	0.2166151	0.3428979	1.1845138	-0.3300097	0.3362405	1.1741927	-0.2480444	0.4457129	0.9300315	-0.3064904	0.3786910	0.9141550	-0.3194470
18	0.2833333	0.3898300	1.5023690	-0.0543900	0.3927700	1.5018290	0.1185700	0.3464300	1.2265590	0.1738600	0.4202500	0.9624790	0.2103900	0.3911200	1.4970290	-0.2325300	0.3595200	1.2004390	-0.2912900	0.3994700	0.9409690	-0.3180700	0.4252300	0.9553190	-0.0529100	0.4330800	0.9576390	0.0707700	0.3657400	0.5205190	0.0731200	0.3241600	0.0688690	0.0702700	0.4218300	0.9571490	-0.1755600	0.3373700	0.5066290	-0.1929300	0.3199600	0.0746890	-0.1877500	0.5065300	0.0472590	-0.1790600	0.4761300	0.0478390	-0.2218300	0.2706300	0.0303090	-0.1878900	0.5023900	0.0467590	0.0863200	0.4771400	0.0448490	0.1225700	0.2930700	0.0308690	0.0611000	0.4988677	1.0285462	0.1216657	0.4884521	1.0231372	-0.2286098	0.2715131	1.0506975	0.0179868	0.2680550	1.0481625	-0.1189620	0.3623009	0.5086828	0.1432172	0.3790190	0.5085940	0.0076945	0.3059996	0.0816699	0.1165287	0.3449531	0.0820508	0.0222051	0.4714710	0.0537303	0.0913129	0.4127066	0.0404415	0.1479581	0.2446638	0.0430440	0.0470937	0.3405731	0.5068068	-0.2463749	0.3610841	0.5061238	-0.1102892	0.2991618	0.0812384	-0.2397785	0.3348403	0.0825833	-0.1458417	0.4725274	0.0573702	-0.1942888	0.2323001	0.0394627	-0.1826989	0.4212558	0.0328458	-0.2569645	0.3955250	1.5515091	0.1193145	0.3929991	1.5524291	-0.2341236	0.2902463	1.5633517	-0.0511173	0.4717602	0.7708641	0.1590414	0.4229750	0.6679488	0.1783165	0.3445089	0.7880908	0.1815441	0.4573069	0.7670160	-0.2638773	0.4056020	0.6655893	-0.2830227	0.3296646	0.7851331	-0.2856485	0.3426205	0.3834088	0.1482857	0.3600014	0.2523764	0.1583633	0.2836849	0.2694380	0.1465950	0.3293047	0.3813299	-0.2537603	0.3502067	0.2507707	-0.2709693	0.2724344	0.2689278	-0.2606418	0.3891161	0.9300502	0.0531153	0.3828336	0.9268591	-0.1584455	0.3220509	1.1965393	0.2240351	0.3292713	1.1781854	0.1352272	0.4616059	0.9596221	0.1972906	0.3987436	0.9324212	0.2168426	0.3424557	1.1842806	-0.3295840	0.3363786	1.1741479	-0.2479303	0.4459176	0.9302901	-0.3067881	0.3794477	0.9143738	-0.3196409
19	0.3000000	0.3901400	1.5025390	-0.0543000	0.3929300	1.5017590	0.1186200	0.3465400	1.2264990	0.1738300	0.4204200	0.9609390	0.2101200	0.3911300	1.4968690	-0.2324200	0.3583000	1.2021390	-0.2917200	0.3998200	0.9409290	-0.3178300	0.4253900	0.9554590	-0.0529700	0.4326500	0.9576290	0.0708000	0.3652300	0.5220990	0.0731500	0.3285800	0.0701790	0.0722200	0.4219100	0.9572590	-0.1754400	0.3372000	0.5047390	-0.1934000	0.3237000	0.0759390	-0.1859000	0.5067000	0.0473290	-0.1788300	0.4727000	0.0480790	-0.2229500	0.2703100	0.0317990	-0.1861100	0.5058800	0.0479090	0.0846000	0.4773300	0.0448790	0.1226900	0.2970100	0.0334390	0.0631300	0.4991022	1.0287855	0.1218764	0.4885002	1.0234374	-0.2289157	0.2717998	1.0508327	0.0181979	0.2682909	1.0483086	-0.1189605	0.3624226	0.5088224	0.1433954	0.3790879	0.5088761	0.0078290	0.3069284	0.0820049	0.1168757	0.3458609	0.0824963	0.0225709	0.4722951	0.0540567	0.0914833	0.4135710	0.0408433	0.1481856	0.2457595	0.0437072	0.0475613	0.3403449	0.5068894	-0.2466445	0.3612036	0.5061915	-0.1105396	0.2991680	0.0816067	-0.2399171	0.3350938	0.0829261	-0.1460529	0.4723650	0.0576789	-0.1948207	0.2326215	0.0400353	-0.1826587	0.4209847	0.0333713	-0.2572941	0.3957856	1.5518483	0.1193986	0.3926239	1.5525412	-0.2340088	0.2903780	1.5634129	-0.0507544	0.4720298	0.7708028	0.1592351	0.4231829	0.6679250	0.1785239	0.3447494	0.7881064	0.1817297	0.4571091	0.7669739	-0.2642811	0.4053399	0.6656234	-0.2833760	0.3294046	0.7852819	-0.2858550	0.3428545	0.3837187	0.1484978	0.3604517	0.2527422	0.1585944	0.2842657	0.2696543	0.1468611	0.3291134	0.3815591	-0.2539938	0.3499966	0.2510591	-0.2713017	0.2723238	0.2692087	-0.2606894	0.3893501	0.9301138	0.0532173	0.3829500	0.9269551	-0.1586651	0.3221318	1.1967455	0.2240329	0.3295465	1.1783591	0.1353012	0.4616982	0.9599228	0.1973488	0.3991990	0.9327180	0.2168760	0.3422475	1.1844034	-0.3293024	0.3366778	1.1744205	-0.2479031	0.4462666	0.9307799	-0.3070710	0.3803043	0.9148442	-0.3198527
20	0.3166667	0.3854600	1.5026290	-0.0564600	0.3929500	1.5018290	0.1185500	0.3462600	1.2265190	0.1739000	0.4202600	0.9625690	0.2103900	0.3911000	1.4970190	-0.2325400	0.3538400	1.2033790	-0.2898200	0.3996700	0.9411590	-0.3180000	0.4252900	0.9553690	-0.0529500	0.4331200	0.9576590	0.0707300	0.3652400	0.5218890	0.0750800	0.3286700	0.0703390	0.0720700	0.4219700	0.9571490	-0.1755300	0.3370000	0.5046190	-0.1934200	0.3198200	0.0746290	-0.1865100	0.5067100	0.0472490	-0.1790200	0.4726300	0.0481090	-0.2231300	0.2697900	0.0315690	-0.1879400	0.5023800	0.0467690	0.0863400	0.4771400	0.0448690	0.1225800	0.3012300	0.0350690	0.0610400	0.4990348	1.0288830	0.1221854	0.4883512	1.0234812	-0.2291903	0.2717370	1.0506839	0.0183811	0.2682141	1.0481193	-0.1190029	0.3622393	0.5087774	0.1437206	0.3789337	0.5089533	0.0083029	0.3076906	0.0821047	0.1171688	0.3466272	0.0826923	0.0230397	0.4725632	0.0540255	0.0918174	0.4139720	0.0409666	0.1483621	0.2468756	0.0441641	0.0480011	0.3396662	0.5067110	-0.2468487	0.3609101	0.5060620	-0.1106833	0.2986392	0.0817155	-0.2402052	0.3348673	0.0830467	-0.1464009	0.4717932	0.0576758	-0.1953702	0.2323918	0.0403776	-0.1828036	0.4202439	0.0335593	-0.2577058	0.3954760	1.5520689	0.1194042	0.3919083	1.5524763	-0.2339846	0.2900123	1.5632959	-0.0505936	0.4717562	0.7706315	0.1595044	0.4229353	0.6677621	0.1788028	0.3446788	0.7879036	0.1818892	0.4565595	0.7665882	-0.2647035	0.4046781	0.6653324	-0.2837219	0.3288091	0.7851253	-0.2860199	0.3428306	0.3837992	0.1487799	0.3606283	0.2528669	0.1588387	0.2846576	0.2696578	0.1470887	0.3284185	0.3815421	-0.2542233	0.3492687	0.2510970	-0.2717074	0.2716942	0.2692177	-0.2607881	0.3892835	0.9299636	0.0534184	0.3828277	0.9267688	-0.1588211	0.3217744	1.1967369	0.2240677	0.3294046	1.1783544	0.1354187	0.4614192	0.9600570	0.1974477	0.3993204	0.9328161	0.2169161	0.3411481	1.1843001	-0.3287718	0.3361795	1.1744000	-0.2475938	0.4459389	0.9310780	-0.3071823	0.3804755	0.9150941	-0.3198349
21	0.3333333	0.3857200	1.5027790	-0.0563600	0.3929100	1.5017390	0.1186600	0.3461900	1.2283890	0.1739000	0.4200500	0.9626090	0.2101100	0.3911000	1.4968190	-0.2324400	0.3538600	1.2019090	-0.2898300	0.3999100	0.9410590	-0.3177900	0.4254900	0.9554990	-0.0530300	0.4327100	0.9576690	0.0707300	0.3659400	0.5200490	0.0726100	0.3285200	0.0701790	0.0722000	0.4220200	0.9572490	-0.1754700	0.3372100	0.5047690	-0.1934300	0.3238200	0.0779890	-0.1889300	0.5067800	0.0473290	-0.1788600	0.4762600	0.0477790	-0.2216400	0.2706900	0.0303690	-0.1883100	0.5059000	0.0479490	0.0845500	0.4773200	0.0449090	0.1226700	0.2922900	0.0319690	0.0611100	0.4992465	1.0292067	0.1223844	0.4884807	1.0237516	-0.2294680	0.2720423	1.0507911	0.0184929	0.2685093	1.0481861	-0.1190713	0.3623956	0.5089792	0.1437014	0.3791708	0.5092754	0.0083110	0.3082865	0.0823589	0.1172988	0.3472902	0.0830420	0.0232512	0.4731832	0.0542497	0.0918275	0.4145653	0.0411926	0.1483677	0.2476213	0.0446832	0.0482126	0.3394598	0.5067075	-0.2470033	0.3609571	0.5060738	-0.1107630	0.2987766	0.0819943	-0.2404422	0.3352074	0.0833294	-0.1466585	0.4719601	0.0578027	-0.1957564	0.2327528	0.0408788	-0.1830152	0.4203278	0.0339062	-0.2579965	0.3955278	1.5524934	0.1193137	0.3915200	1.5526312	-0.2340583	0.2899876	1.5634679	-0.0505079	0.4719530	0.7706757	0.1596219	0.4231007	0.6678200	0.1788797	0.3448579	0.7879380	0.1819127	0.4564891	0.7665362	-0.2650756	0.4045221	0.6653177	-0.2840210	0.3286669	0.7851686	-0.2862485	0.3430110	0.3840972	0.1487883	0.3608994	0.2531770	0.1589089	0.2850573	0.2698501	0.1470761	0.3282671	0.3816686	-0.2543956	0.3491622	0.2512854	-0.2720151	0.2716317	0.2693959	-0.2608723	0.3895304	0.9300344	0.0534718	0.3830199	0.9268035	-0.1590626	0.3216997	1.1969381	0.2239229	0.3295395	1.1785831	0.1353555	0.4613870	0.9603549	0.1973550	0.3996428	0.9331084	0.2167631	0.3403792	1.1843081	-0.3283251	0.3359555	1.1744870	-0.2473563	0.4459255	0.9314535	-0.3072682	0.3809273	0.9154387	-0.3197973
22	0.3500000	0.3855100	1.5026290	-0.0565000	0.3932500	1.4998490	0.1187900	0.3459900	1.2284390	0.1739800	0.4202500	0.9626390	0.2104200	0.3911500	1.4969890	-0.2325500	0.3538800	1.2016790	-0.2896200	0.3994400	0.9428390	-0.3179300	0.4252900	0.9553290	-0.0529400	0.4333700	0.9559990	0.0706100	0.3668000	0.5171890	0.0744800	0.3286300	0.0703090	0.0720700	0.4219800	0.9570690	-0.1754700	0.3412600	0.5055790	-0.1954000	0.3247300	0.0783490	-0.1912000	0.5067400	0.0472290	-0.1790100	0.4761700	0.0477790	-0.2218300	0.2706300	0.0303690	-0.1879800	0.5060400	0.0480890	0.0844400	0.4771700	0.0448090	0.1226000	0.2926500	0.0321890	0.0611800	0.4990613	1.0292148	0.1227851	0.4883027	1.0237354	-0.2295819	0.2719174	1.0505550	0.0187068	0.2684048	1.0479227	-0.1190521	0.3622851	0.5088525	0.1439446	0.3791218	0.5092442	0.0086030	0.3083749	0.0822326	0.1176131	0.3474330	0.0829810	0.0236724	0.4732517	0.0541485	0.0920104	0.4146026	0.0411125	0.1485227	0.2478328	0.0447169	0.0486356	0.3392834	0.5064246	-0.2472236	0.3609730	0.5057808	-0.1108887	0.2987927	0.0820322	-0.2407493	0.3353669	0.0833636	-0.1469606	0.4719257	0.0576759	-0.1960752	0.2329518	0.0411225	-0.1833234	0.4202619	0.0339868	-0.2582647	0.3952430	1.5524538	0.1193857	0.3909503	1.5525001	-0.2339714	0.2897098	1.5633221	-0.0503052	0.4717087	0.7704261	0.1598930	0.4228985	0.6675822	0.1791449	0.3446687	0.7876705	0.1821267	0.4562298	0.7662622	-0.2653640	0.4042700	0.6650602	-0.2842962	0.3283125	0.7849272	-0.2864189	0.3428679	0.3840321	0.1490389	0.3607639	0.2530902	0.1591943	0.2850627	0.2697120	0.1472722	0.3281236	0.3815200	-0.2546291	0.3490261	0.2512267	-0.2723685	0.2715403	0.2693073	-0.2610559	0.3893274	0.9297936	0.0536941	0.3828156	0.9265447	-0.1591547	0.3213100	1.1968420	0.2239749	0.3293472	1.1784943	0.1354576	0.4610947	0.9603483	0.1975053	0.3996392	0.9330890	0.2168405	0.3392191	1.1840656	-0.3278274	0.3353285	1.1743013	-0.2470231	0.4454449	0.9315936	-0.3072758	0.3808490	0.9155547	-0.3196982
23	0.3666667	0.3901600	1.5025490	-0.0543900	0.3932100	1.4997790	0.1188700	0.3463100	1.2264490	0.1739400	0.4200100	0.9627190	0.2101300	0.3911800	1.4967990	-0.2324700	0.3540300	1.2018390	-0.2899300	0.3996700	0.9427090	-0.3176800	0.4255500	0.9554890	-0.0529800	0.4330100	0.9560590	0.0706900	0.3662800	0.5185590	0.0744400	0.3285100	0.0701690	0.0721800	0.4221500	0.9572490	-0.1754300	0.3415400	0.5058090	-0.1953900	0.3239100	0.0779890	-0.1889100	0.5068800	0.0473090	-0.1788600	0.4762700	0.0477390	-0.2216300	0.2703100	0.0316690	-0.1861000	0.5059300	0.0479590	0.0846100	0.4773100	0.0448790	0.1227000	0.2962100	0.0333290	0.0589400	0.4993230	1.0294989	0.1230287	0.4885447	1.0240687	-0.2297906	0.2722919	1.0506331	0.0187957	0.2687861	1.0480091	-0.1191378	0.3625686	0.5089884	0.1439822	0.3795322	0.5095179	0.0087809	0.3089725	0.0824777	0.1175429	0.3481207	0.0833340	0.0237785	0.4738262	0.0543942	0.0919877	0.4150938	0.0413803	0.1483794	0.2485938	0.0451927	0.0486463	0.3395767	0.5064976	-0.2475243	0.3615402	0.5058984	-0.1111754	0.2991710	0.0824002	-0.2409097	0.3359540	0.0837739	-0.1471785	0.4722961	0.0578348	-0.1963210	0.2335184	0.0417642	-0.1834701	0.4205193	0.0343232	-0.2584068	0.3955718	1.5526314	0.1194485	0.3910241	1.5526351	-0.2338708	0.2900517	1.5634558	-0.0501285	0.4718965	0.7704804	0.1600365	0.4230966	0.6676279	0.1792304	0.3448761	0.7876654	0.1820818	0.4563746	0.7663586	-0.2657809	0.4044278	0.6651543	-0.2846666	0.3283754	0.7849926	-0.2866202	0.3431506	0.3842711	0.1490201	0.3610799	0.2533621	0.1591544	0.2855197	0.2698689	0.1471434	0.3284140	0.3817084	-0.2548733	0.3492838	0.2515009	-0.2726617	0.2718387	0.2695372	-0.2611730	0.3896061	0.9298687	0.0537680	0.3830781	0.9266465	-0.1593588	0.3214363	1.1969322	0.2238503	0.3296634	1.1786225	0.1353716	0.4612569	0.9605107	0.1974680	0.4000544	0.9332517	0.2167222	0.3387008	1.1841600	-0.3275581	0.3352785	1.1744369	-0.2468776	0.4454282	0.9320126	-0.3073952	0.3811971	0.9159830	-0.3197494
24	0.3833333	0.3898700	1.5024090	-0.0544800	0.3933000	1.4998490	0.1187900	0.3459100	1.2284490	0.1740200	0.4202000	0.9627090	0.2104400	0.3911600	1.4970190	-0.2325200	0.3537000	1.2015490	-0.2898300	0.3993900	0.9428290	-0.3179700	0.4253200	0.9553490	-0.0529400	0.4371600	0.9565390	0.0686300	0.3660500	0.5197390	0.0726100	0.3286300	0.0703490	0.0720500	0.4219900	0.9570890	-0.1754900	0.3413200	0.5055590	-0.1953100	0.3242900	0.0780790	-0.1888800	0.5068300	0.0472490	-0.1789900	0.4761400	0.0477290	-0.2218000	0.2698900	0.0315890	-0.1878600	0.5060200	0.0480590	0.0844300	0.4771400	0.0447790	0.1225800	0.2965400	0.0336390	0.0590100	0.4991574	1.0295055	0.1232493	0.4882016	1.0241021	-0.2298660	0.2721919	1.0504236	0.0189782	0.2686272	1.0478012	-0.1190674	0.3623085	0.5087959	0.1439859	0.3793782	0.5094339	0.0088820	0.3090641	0.0824541	0.1175401	0.3482979	0.0833946	0.0239078	0.4738529	0.0544070	0.0919993	0.4150515	0.0413573	0.1483168	0.2488634	0.0453693	0.0487197	0.3394286	0.5062422	-0.2476676	0.3616734	0.5056592	-0.1113351	0.2990210	0.0824322	-0.2410292	0.3360088	0.0838262	-0.1473722	0.4721610	0.0576465	-0.1965084	0.2335356	0.0420750	-0.1836049	0.4202773	0.0343233	-0.2585007	0.3955058	1.5525964	0.1195118	0.3906177	1.5525198	-0.2337437	0.2899418	1.5633966	-0.0499312	0.4716330	0.7702439	0.1602127	0.4228141	0.6673727	0.1793323	0.3446244	0.7873741	0.1820846	0.4559725	0.7661942	-0.2660688	0.4040818	0.6649655	-0.2848880	0.3279442	0.7847548	-0.2866474	0.3429028	0.3841949	0.1489936	0.3608918	0.2533302	0.1591553	0.2854473	0.2697388	0.1470465	0.3282432	0.3815553	-0.2549717	0.3490428	0.2514370	-0.2728324	0.2716610	0.2694442	-0.2611937	0.3894486	0.9296454	0.0538881	0.3828102	0.9264373	-0.1594209	0.3210939	1.1967930	0.2238046	0.3295068	1.1784972	0.1353459	0.4609544	0.9604503	0.1975350	0.3999680	0.9331900	0.2166928	0.3377532	1.1839910	-0.3272780	0.3347573	1.1742920	-0.2467091	0.4449067	0.9321101	-0.3074465	0.3810091	0.9161086	-0.3197487
25	0.4000000	0.3901400	1.5025590	-0.0543200	0.3932800	1.4998590	0.1187500	0.3460500	1.2283490	0.1739700	0.4199300	0.9627090	0.2101300	0.3911200	1.4983290	-0.2323200	0.3537500	1.2017890	-0.2895700	0.3995900	0.9426090	-0.3177600	0.4255800	0.9554790	-0.0529500	0.4367600	0.9565790	0.0686400	0.3659500	0.5200190	0.0725200	0.3285300	0.0701590	0.0722200	0.4221100	0.9572390	-0.1753700	0.3416400	0.5056990	-0.1953000	0.3238500	0.0780090	-0.1889300	0.5068800	0.0472790	-0.1788700	0.4763000	0.0476990	-0.2215800	0.2707300	0.0304990	-0.1883500	0.5058700	0.0479190	0.0847100	0.4773000	0.0448490	0.1227600	0.2965500	0.0321290	0.0608300	0.4994950	1.0297511	0.1234165	0.4883353	1.0243645	-0.2300171	0.2726035	1.0505025	0.0191157	0.2689692	1.0478799	-0.1190526	0.3624761	0.5089281	0.1439754	0.3796087	0.5096305	0.0089582	0.3095903	0.0826745	0.1176449	0.3488793	0.0836657	0.0241322	0.4742649	0.0546926	0.0920977	0.4154329	0.0415930	0.1483415	0.2495602	0.0457056	0.0489286	0.3397787	0.5063274	-0.2478793	0.3622915	0.5057601	-0.1115577	0.2994104	0.0826677	-0.2411481	0.3365931	0.0840771	-0.1475614	0.4725709	0.0577223	-0.1966517	0.2340807	0.0424971	-0.1837376	0.4205938	0.0345367	-0.2585516	0.3959391	1.5527996	0.1196312	0.3908006	1.5526821	-0.2336421	0.2903522	1.5636261	-0.0497225	0.4718573	0.7702788	0.1603106	0.4230021	0.6674216	0.1793797	0.3448805	0.7874258	0.1820733	0.4560425	0.7663149	-0.2664041	0.4042181	0.6650813	-0.2851671	0.3280168	0.7848217	-0.2867391	0.3430972	0.3844226	0.1489914	0.3611525	0.2535863	0.1591961	0.2858160	0.2698970	0.1470268	0.3285996	0.3816980	-0.2551345	0.3493527	0.2516206	-0.2730495	0.2720026	0.2696164	-0.2612403	0.3897901	0.9297132	0.0539716	0.3830249	0.9265129	-0.1595334	0.3212333	1.1968495	0.2236588	0.3298171	1.1785952	0.1352270	0.4610901	0.9605460	0.1974942	0.4002939	0.9332940	0.2165466	0.3373834	1.1841058	-0.3270445	0.3347482	1.1744225	-0.2465691	0.4448354	0.9323957	-0.3074675	0.3812252	0.9164455	-0.3197320
26	0.4166667	0.3900200	1.5024190	-0.0544400	0.3933600	1.4998790	0.1187000	0.3458500	1.2301890	0.1741100	0.4205300	0.9610490	0.2104600	0.3911600	1.4985590	-0.2323800	0.3534400	1.2015690	-0.2894600	0.3992700	0.9426790	-0.3180800	0.4252000	0.9571890	-0.0527300	0.4371900	0.9565490	0.0685900	0.3664700	0.5184090	0.0725300	0.3286500	0.0703190	0.0721200	0.4219500	0.9570890	-0.1754400	0.3414900	0.5054790	-0.1952500	0.3239200	0.0759890	-0.1882700	0.5067900	0.0472090	-0.1790300	0.4761900	0.0477490	-0.2218100	0.2706300	0.0303290	-0.1879200	0.5060400	0.0480990	0.0844900	0.4771700	0.0447690	0.1226700	0.2930700	0.0310390	0.0630400	0.4992424	1.0315805	0.1237264	0.4877576	1.0261693	-0.2298995	0.2723932	1.0521451	0.0195010	0.2686445	1.0495045	-0.1187386	0.3620411	0.5105630	0.1440975	0.3791353	0.5112959	0.0091299	0.3093713	0.0842049	0.1180932	0.3486452	0.0852223	0.0246413	0.4740791	0.0562778	0.0923794	0.4152266	0.0431128	0.1486362	0.2493834	0.0472930	0.0495322	0.3394466	0.5078300	-0.2477483	0.3621876	0.5072718	-0.1114918	0.2991571	0.0842774	-0.2410006	0.3364981	0.0857069	-0.1475106	0.4723564	0.0591434	-0.1965817	0.2339795	0.0442927	-0.1836250	0.4202997	0.0360851	-0.2583713	0.3958170	1.5544864	0.1199476	0.3903879	1.5543528	-0.2333190	0.2901668	1.5654083	-0.0492977	0.4715539	0.7718749	0.1605331	0.4226515	0.6690155	0.1795636	0.3446062	0.7890707	0.1822858	0.4554523	0.7679617	-0.2664105	0.4036934	0.6666807	-0.2851008	0.3274436	0.7864119	-0.2864870	0.3426641	0.3860988	0.1491903	0.3607653	0.2552424	0.1594791	0.2855123	0.2714561	0.1473000	0.3282794	0.3832413	-0.2549746	0.3489876	0.2532048	-0.2729577	0.2717016	0.2711678	-0.2609876	0.3895328	0.9313802	0.0542601	0.3825671	0.9281624	-0.1593642	0.3209026	1.1983216	0.2236783	0.3296327	1.1801182	0.1352714	0.4607134	0.9619729	0.1976069	0.4000594	0.9347634	0.2165799	0.3365141	1.1856822	-0.3266597	0.3342033	1.1760099	-0.2462441	0.4441139	0.9339990	-0.3073048	0.3807481	0.9181351	-0.3195561
27	0.4333333	0.3901900	1.5025290	-0.0543400	0.3932900	1.4998290	0.1187700	0.3461900	1.2283390	0.1739900	0.4202500	0.9609290	0.2101700	0.3911400	1.4967790	-0.2324200	0.3536600	1.2018290	-0.2894800	0.3994300	0.9424090	-0.3178300	0.4255700	0.9554890	-0.0530100	0.4367400	0.9565490	0.0686700	0.3668500	0.5172790	0.0724800	0.3285000	0.0701490	0.0722400	0.4221000	0.9572590	-0.1754300	0.3418400	0.5056390	-0.1952500	0.3234500	0.0759390	-0.1883200	0.5070000	0.0473090	-0.1788400	0.4766700	0.0493390	-0.2209700	0.2707700	0.0303990	-0.1882500	0.5059900	0.0479590	0.0846300	0.4773600	0.0448290	0.1227600	0.2926700	0.0307190	0.0629900	0.4997030	1.0300046	0.1236008	0.4879408	1.0246195	-0.2303779	0.2729126	1.0503614	0.0194580	0.2690641	1.0477260	-0.1189163	0.3624073	0.5087580	0.1439015	0.3793857	0.5095101	0.0089407	0.3098111	0.0824297	0.1181818	0.3490120	0.0834574	0.0247624	0.4744983	0.0546373	0.0923140	0.4156663	0.0414491	0.1485855	0.2497969	0.0455368	0.0497460	0.3398585	0.5059817	-0.2481492	0.3628319	0.5054573	-0.1118211	0.2995898	0.0825468	-0.2412621	0.3370932	0.0840074	-0.1477795	0.4728276	0.0574487	-0.1968543	0.2345113	0.0426502	-0.1838705	0.4206909	0.0344385	-0.2585852	0.3963464	1.5528022	0.1198435	0.3907357	1.5526010	-0.2334689	0.2907346	1.5637429	-0.0492892	0.4720711	0.7700271	0.1603069	0.4231247	0.6671723	0.1793604	0.3451346	0.7872905	0.1821508	0.4557047	0.7661952	-0.2669528	0.4039633	0.6648855	-0.2855955	0.3276087	0.7845972	-0.2868786	0.3430024	0.3843510	0.1490565	0.3611283	0.2534891	0.1593983	0.2859309	0.2696796	0.1472580	0.3286905	0.3814333	-0.2553139	0.3493679	0.2514173	-0.2733276	0.2720887	0.2693820	-0.2612299	0.3900153	0.9296071	0.0541064	0.3828805	0.9264027	-0.1597344	0.3212874	1.1965096	0.2232635	0.3300958	1.1783416	0.1348692	0.4610020	0.9600793	0.1972424	0.4004552	0.9329087	0.2161276	0.3364120	1.1839321	-0.3267966	0.3343427	1.1742792	-0.2464523	0.4441205	0.9323203	-0.3075388	0.3810081	0.9165350	-0.3198114
28	0.4500000	0.3896700	1.5022990	-0.0542800	0.3933000	1.4997990	0.1188000	0.3461400	1.2265190	0.1740200	0.4205600	0.9608290	0.2105300	0.3867800	1.4970990	-0.2304900	0.3532100	1.2033090	-0.2892600	0.3991800	0.9426090	-0.3181500	0.4252500	0.9552990	-0.0529800	0.4367600	0.9579790	0.0685800	0.3656500	0.5164690	0.0729400	0.3286600	0.0703390	0.0721100	0.4218100	0.9570090	-0.1754600	0.3415900	0.5053690	-0.1951300	0.3201800	0.0766090	-0.1871200	0.5067300	0.0472290	-0.1789900	0.4760900	0.0477690	-0.2218300	0.2706000	0.0303590	-0.1879700	0.5023500	0.0467890	0.0864200	0.4735300	0.0435890	0.1245300	0.2933100	0.0311490	0.0611600	0.4994829	1.0299139	0.1236852	0.4873403	1.0245614	-0.2305052	0.2727477	1.0500504	0.0197012	0.2687570	1.0474230	-0.1187537	0.3618815	0.5084951	0.1439993	0.3788720	0.5092626	0.0091707	0.3092218	0.0822343	0.1184670	0.3484229	0.0832639	0.0251748	0.4737152	0.0543595	0.0927416	0.4148488	0.0412922	0.1488670	0.2493132	0.0454904	0.0501364	0.3394457	0.5056498	-0.2482290	0.3627154	0.5051809	-0.1119493	0.2991328	0.0823967	-0.2411715	0.3368453	0.0839113	-0.1477736	0.4725334	0.0572970	-0.1968959	0.2341613	0.0426308	-0.1837266	0.4202306	0.0342912	-0.2585223	0.3961454	1.5525807	0.1199769	0.3899914	1.5523840	-0.2332312	0.2903859	1.5635178	-0.0489234	0.4717082	0.7697270	0.1604434	0.4226887	0.6668780	0.1794624	0.3448736	0.7870301	0.1821708	0.4550876	0.7659290	-0.2671658	0.4033750	0.6645874	-0.2857449	0.3270086	0.7842890	-0.2868319	0.3424157	0.3841531	0.1491751	0.3604858	0.2533071	0.1595488	0.2853995	0.2694686	0.1474152	0.3282477	0.3811628	-0.2553343	0.3488497	0.2512102	-0.2733675	0.2716303	0.2691213	-0.2611138	0.3898571	0.9293499	0.0542344	0.3824904	0.9261637	-0.1597365	0.3210987	1.1961005	0.2232280	0.3299553	1.1780156	0.1348107	0.4608230	0.9596339	0.1972088	0.4004025	0.9324680	0.2160286	0.3355655	1.1837577	-0.3266131	0.3337843	1.1740879	-0.2462939	0.4433959	0.9322156	-0.3075285	0.3804795	0.9164827	-0.3197681
29	0.4666667	0.3899000	1.5024790	-0.0542100	0.3932700	1.4998090	0.1188100	0.3463400	1.2263390	0.1740300	0.4202000	0.9570690	0.2100900	0.3867300	1.4968590	-0.2304000	0.3536000	1.2035890	-0.2893400	0.3994900	0.9388390	-0.3177400	0.4255000	0.9554690	-0.0530600	0.4363300	0.9580490	0.0686000	0.3659300	0.5200190	0.0725800	0.3284700	0.0701990	0.0722400	0.4219300	0.9572290	-0.1754100	0.3379000	0.5044190	-0.1924000	0.3234400	0.0759190	-0.1883300	0.5068100	0.0472690	-0.1788600	0.4763900	0.0478890	-0.2241000	0.2709800	0.0303690	-0.1862700	0.5022600	0.0466190	0.0865200	0.4772800	0.0448790	0.1227300	0.2928800	0.0308690	0.0611000	0.4997991	1.0301940	0.1236716	0.4873341	1.0248647	-0.2307310	0.2731134	1.0501181	0.0198697	0.2690008	1.0474962	-0.1186684	0.3619598	0.5085041	0.1440462	0.3789234	0.5093067	0.0092592	0.3093052	0.0823782	0.1185900	0.3484912	0.0834247	0.0253515	0.4736518	0.0544748	0.0929768	0.4147782	0.0414353	0.1490343	0.2494580	0.0457875	0.0502938	0.3393637	0.5056238	-0.2482327	0.3629381	0.5052066	-0.1119930	0.2992732	0.0825119	-0.2410143	0.3372132	0.0840884	-0.1477066	0.4727981	0.0576149	-0.1969868	0.2344558	0.0427803	-0.1834692	0.4203551	0.0345835	-0.2584812	0.3964955	1.5528006	0.1199936	0.3897342	1.5525116	-0.2331049	0.2905733	1.5636980	-0.0486363	0.4719891	0.7697302	0.1605328	0.4228885	0.6668691	0.1795310	0.3451952	0.7870927	0.1821561	0.4550329	0.7659540	-0.2674101	0.4032603	0.6645895	-0.2858829	0.3268840	0.7843303	-0.2868375	0.3424587	0.3842330	0.1492161	0.3605236	0.2534099	0.1595968	0.2854941	0.2695669	0.1474742	0.3282016	0.3812041	-0.2552857	0.3488268	0.2513067	-0.2733522	0.2716263	0.2691428	-0.2609202	0.3902516	0.9294517	0.0542488	0.3826890	0.9262797	-0.1598535	0.3215481	1.1959351	0.2229799	0.3303955	1.1779581	0.1346155	0.4610454	0.9592402	0.1969438	0.4007054	0.9321391	0.2157420	0.3353895	1.1838648	-0.3265301	0.3338011	1.1741810	-0.2462561	0.4431407	0.9321976	-0.3075382	0.3804036	0.9165651	-0.3197887
30	0.4833333	0.3895900	1.5023590	-0.0543200	0.3934100	1.4997990	0.1188200	0.3462100	1.2265290	0.1741000	0.4206500	0.9587790	0.2104700	0.3867500	1.4971690	-0.2304600	0.3533200	1.2016290	-0.2891400	0.3952900	0.9385790	-0.3202800	0.4253100	0.9553090	-0.0528800	0.4371800	0.9564890	0.0686000	0.3663500	0.5193290	0.0732000	0.3286200	0.0703290	0.0721000	0.4218500	0.9569790	-0.1753700	0.3418800	0.5071090	-0.1905200	0.3197800	0.0745790	-0.1865200	0.5067400	0.0472190	-0.1789800	0.4760800	0.0477490	-0.2218300	0.2707600	0.0302590	-0.1858800	0.5023900	0.0467790	0.0863500	0.4771700	0.0448590	0.1226300	0.2932900	0.0311390	0.0611700	0.4997973	1.0300948	0.1239464	0.4869333	1.0248180	-0.2307196	0.2730393	1.0499187	0.0202775	0.2687784	1.0473110	-0.1183606	0.3617460	0.5083137	0.1443792	0.3786633	0.5091287	0.0095977	0.3089959	0.0821762	0.1189422	0.3481349	0.0832324	0.0257415	0.4731871	0.0542571	0.0934432	0.4143270	0.0412951	0.1494164	0.2491861	0.0456833	0.0506701	0.3389965	0.5053210	-0.2479531	0.3627935	0.5050157	-0.1116364	0.2989255	0.0823492	-0.2405436	0.3370439	0.0840066	-0.1472617	0.4726335	0.0575753	-0.1967059	0.2341813	0.0426940	-0.1829030	0.4200503	0.0345640	-0.2581195	0.3964219	1.5527247	0.1202531	0.3890587	1.5523603	-0.2328501	0.2902745	1.5635864	-0.0481882	0.4718797	0.7695199	0.1608612	0.4227395	0.6666552	0.1798715	0.3451306	0.7868758	0.1824691	0.4546011	0.7656585	-0.2674476	0.4028134	0.6642762	-0.2858059	0.3263925	0.7840347	-0.2866670	0.3421847	0.3840589	0.1495240	0.3602117	0.2532157	0.1598902	0.2852471	0.2693932	0.1478026	0.3278170	0.3809450	-0.2549319	0.3484255	0.2510666	-0.2730275	0.2712211	0.2689006	-0.2604382	0.3901911	0.9292355	0.0545365	0.3823858	0.9260938	-0.1597278	0.3215542	1.1955439	0.2230596	0.3304135	1.1775988	0.1347555	0.4608912	0.9587446	0.1969852	0.4007029	0.9316087	0.2158538	0.3344628	1.1836275	-0.3262343	0.3332200	1.1738877	-0.2460606	0.4418299	0.9317276	-0.3077471	0.3792407	0.9162794	-0.3199087
31	0.5000000	0.3898800	1.5024190	-0.0541200	0.3933800	1.4997690	0.1189400	0.3464500	1.2263590	0.1739900	0.4203100	0.9587490	0.2101400	0.3906000	1.4966090	-0.2260100	0.3545400	1.2021790	-0.2891000	0.3911800	0.9378390	-0.3181800	0.4255200	0.9572890	-0.0526900	0.4367200	0.9565190	0.0686500	0.3657100	0.5206990	0.0731200	0.3239400	0.0687290	0.0703900	0.4219700	0.9572090	-0.1753300	0.3426000	0.5092690	-0.1901000	0.3193500	0.0744690	-0.1865600	0.5067200	0.0472690	-0.1788400	0.4763500	0.0478590	-0.2241300	0.2702100	0.0316390	-0.1861700	0.5022700	0.0466390	0.0865000	0.4772800	0.0448790	0.1227000	0.2927200	0.0307890	0.0611300	0.5001271	1.0320777	0.1242453	0.4870179	1.0268714	-0.2306473	0.2733395	1.0518531	0.0206131	0.2689899	1.0492648	-0.1181094	0.3618235	0.5102034	0.1446087	0.3786659	0.5110771	0.0098518	0.3088247	0.0839224	0.1190731	0.3478989	0.0850198	0.0259182	0.4730121	0.0559620	0.0936933	0.4141412	0.0431034	0.1495788	0.2489437	0.0475425	0.0507978	0.3390182	0.5072718	-0.2477222	0.3630411	0.5070162	-0.1112654	0.2988983	0.0841790	-0.2402315	0.3372211	0.0858699	-0.1469135	0.4728278	0.0593051	-0.1966304	0.2342082	0.0446243	-0.1824487	0.4200782	0.0364050	-0.2579903	0.3966327	1.5545982	0.1205899	0.3890652	1.5542637	-0.2323790	0.2904617	1.5655359	-0.0477027	0.4721205	0.7713565	0.1610986	0.4229231	0.6684945	0.1801095	0.3454138	0.7887658	0.1827248	0.4546863	0.7675866	-0.2675882	0.4028276	0.6662081	-0.2858226	0.3262983	0.7859799	-0.2865484	0.3421743	0.3859295	0.1497169	0.3601221	0.2550314	0.1600281	0.2852023	0.2712108	0.1479563	0.3278055	0.3828688	-0.2546754	0.3484122	0.2529354	-0.2728442	0.2711243	0.2707741	-0.2600848	0.3904807	0.9311769	0.0548036	0.3825242	0.9280755	-0.1595996	0.3218939	1.1971217	0.2229909	0.3307981	1.1792040	0.1348587	0.4610543	0.9601232	0.1969409	0.4010303	0.9329326	0.2159305	0.3341238	1.1854788	-0.3257301	0.3330678	1.1757484	-0.2457831	0.4402699	0.9330044	-0.3076226	0.3778465	0.9179441	-0.3197356
32	0.5166667	0.3941100	1.5020690	-0.0522300	0.3933700	1.4980290	0.1186700	0.3511300	1.2266390	0.1759600	0.4206000	0.9587790	0.2105400	0.3906500	1.4969390	-0.2260400	0.3582300	1.2003590	-0.2905900	0.3908400	0.9379590	-0.3185900	0.4252500	0.9571990	-0.0526500	0.4368800	0.9580790	0.0686100	0.3660900	0.5198090	0.0726600	0.3241300	0.0688890	0.0702700	0.4217800	0.9570190	-0.1753500	0.3422700	0.5073490	-0.1946400	0.3199500	0.0746990	-0.1877700	0.5065900	0.0471990	-0.1790100	0.4761500	0.0478090	-0.2243600	0.2701800	0.0317290	-0.1857100	0.5025500	0.0486090	0.0857400	0.4771500	0.0448590	0.1225800	0.2932600	0.0311590	0.0612500	0.4999411	1.0319670	0.1244036	0.4866924	1.0268276	-0.2306774	0.2731771	1.0517859	0.0207311	0.2687808	1.0492179	-0.1180666	0.3614862	0.5099515	0.1446736	0.3782638	0.5108702	0.0098263	0.3083271	0.0835844	0.1190237	0.3473697	0.0847094	0.0258453	0.4725543	0.0557426	0.0936897	0.4136690	0.0429183	0.1495712	0.2483888	0.0472393	0.0506866	0.3386962	0.5070604	-0.2477138	0.3629449	0.5067996	-0.1111953	0.2983969	0.0839056	-0.2400731	0.3368991	0.0855997	-0.1467712	0.4723942	0.0590186	-0.1967720	0.2337973	0.0444251	-0.1821594	0.4195051	0.0362191	-0.2580348	0.3965980	1.5542870	0.1208354	0.3889175	1.5540832	-0.2318508	0.2905026	1.5654144	-0.0472756	0.4719431	0.7711146	0.1612534	0.4226878	0.6682360	0.1802480	0.3451861	0.7885874	0.1828717	0.4543395	0.7674638	-0.2678179	0.4024515	0.6660575	-0.2859641	0.3257939	0.7858662	-0.2865594	0.3417652	0.3856728	0.1497512	0.3596853	0.2547320	0.1600438	0.2847660	0.2709220	0.1479375	0.3274139	0.3826373	-0.2545992	0.3479458	0.2526760	-0.2727962	0.2706467	0.2705330	-0.2599175	0.3902521	0.9310631	0.0548923	0.3822094	0.9280008	-0.1596275	0.3223981	1.1966184	0.2230512	0.3311457	1.1786740	0.1350172	0.4611322	0.9593064	0.1968398	0.4011297	0.9321639	0.2159987	0.3339728	1.1852608	-0.3255918	0.3330847	1.1755548	-0.2458508	0.4386001	0.9322445	-0.3078164	0.3763262	0.9176057	-0.3198926
33	0.5333333	0.3901200	1.5005790	-0.0544500	0.3931300	1.5017190	0.1187500	0.3515100	1.2264990	0.1758800	0.4156700	0.9564590	0.2084500	0.3949200	1.4964990	-0.2280400	0.3540800	1.2019490	-0.2890700	0.3909400	0.9376990	-0.3182800	0.4255300	0.9573590	-0.0526600	0.4364200	0.9581790	0.0687700	0.3657100	0.5211890	0.0726400	0.3239200	0.0686990	0.0704000	0.4218200	0.9591790	-0.1751200	0.3424500	0.5075090	-0.1946700	0.3191000	0.0725190	-0.1871900	0.5066700	0.0472990	-0.1788400	0.4763200	0.0478290	-0.2241300	0.2703900	0.0317990	-0.1860500	0.5022700	0.0466290	0.0864700	0.4772300	0.0448490	0.1226700	0.2931000	0.0329290	0.0620200	0.5001964	1.0321500	0.1245506	0.4869743	1.0270434	-0.2307450	0.2735633	1.0519375	0.0207299	0.2691833	1.0493790	-0.1181492	0.3615942	0.5100309	0.1445591	0.3783858	0.5109586	0.0097143	0.3083113	0.0835248	0.1188799	0.3473595	0.0846672	0.0257455	0.4726060	0.0556473	0.0936520	0.4136919	0.0429011	0.1494710	0.2483375	0.0472575	0.0505240	0.3388719	0.5071596	-0.2478290	0.3633153	0.5069441	-0.1112209	0.2984046	0.0838920	-0.2400837	0.3370874	0.0856030	-0.1467660	0.4725025	0.0589137	-0.1969029	0.2338954	0.0445109	-0.1820800	0.4194724	0.0362028	-0.2581203	0.3969372	1.5542932	0.1209422	0.3896512	1.5539607	-0.2315757	0.2911419	1.5654671	-0.0471959	0.4722133	0.7711781	0.1613254	0.4228853	0.6683003	0.1802516	0.3453926	0.7886995	0.1828487	0.4545396	0.7676156	-0.2681401	0.4025978	0.6661833	-0.2862148	0.3258967	0.7859662	-0.2866857	0.3418211	0.3857391	0.1496169	0.3597091	0.2547706	0.1599157	0.2847916	0.2709166	0.1477695	0.3275131	0.3827051	-0.2546810	0.3479858	0.2526906	-0.2729133	0.2706632	0.2705623	-0.2599020	0.3905368	0.9311981	0.0549238	0.3825088	0.9281523	-0.1597270	0.3228971	1.1963081	0.2226414	0.3316067	1.1784031	0.1348522	0.4606099	0.9583424	0.1963757	0.4005721	0.9314468	0.2155501	0.3339444	1.1853642	-0.3253108	0.3332025	1.1756132	-0.2457439	0.4371178	0.9316602	-0.3077925	0.3751038	0.9174693	-0.3198221
34	0.5500000	0.3939300	1.5020190	-0.0503100	0.3930700	1.5000290	0.1185000	0.3513100	1.2266790	0.1759800	0.4163600	0.9565990	0.2090500	0.3949700	1.4968790	-0.2280900	0.3575800	1.2019890	-0.2906200	0.3905500	0.9377390	-0.3187200	0.4252500	0.9572090	-0.0525900	0.4372700	0.9565690	0.0687200	0.3664600	0.5183290	0.0727000	0.3238700	0.0669490	0.0708500	0.4173400	0.9582990	-0.1708800	0.3422500	0.5073690	-0.1946200	0.3196100	0.0726490	-0.1871700	0.5065100	0.0472190	-0.1790100	0.4760000	0.0476790	-0.2218700	0.2702300	0.0317790	-0.1857800	0.5025200	0.0485990	0.0857800	0.4771200	0.0447990	0.1226600	0.2935400	0.0331790	0.0622000	0.4999774	1.0319038	0.1245626	0.4865894	1.0269797	-0.2305677	0.2735038	1.0518758	0.0208362	0.2690670	1.0493899	-0.1179841	0.3612676	0.5097761	0.1445685	0.3779960	0.5107128	0.0096665	0.3079957	0.0831962	0.1189169	0.3470095	0.0843505	0.0257689	0.4723300	0.0554295	0.0937033	0.4134137	0.0427437	0.1495340	0.2480057	0.0469851	0.0505793	0.3385667	0.5069081	-0.2477307	0.3631705	0.5066961	-0.1111792	0.2979921	0.0836011	-0.2398559	0.3367879	0.0853094	-0.1466333	0.4722057	0.0586030	-0.1968839	0.2335519	0.0443186	-0.1818082	0.4190582	0.0359664	-0.2579945	0.3969338	1.5539289	0.1211771	0.3899499	1.5535648	-0.2310078	0.2914172	1.5652705	-0.0468913	0.4720885	0.7709555	0.1614155	0.4226866	0.6680611	0.1803206	0.3451772	0.7884740	0.1828900	0.4541046	0.7675165	-0.2681872	0.4021887	0.6660269	-0.2861863	0.3254855	0.7858146	-0.2864961	0.3414765	0.3854852	0.1496217	0.3593890	0.2544974	0.1599324	0.2844693	0.2706236	0.1478057	0.3271759	0.3824310	-0.2544964	0.3475722	0.2524023	-0.2727263	0.2702924	0.2702891	-0.2596409	0.3903287	0.9310039	0.0549381	0.3821997	0.9280664	-0.1596156	0.3229777	1.1957434	0.2225231	0.3316358	1.1778487	0.1347437	0.4599147	0.9571951	0.1961599	0.3997692	0.9304898	0.2153598	0.3340875	1.1851819	-0.3251696	0.3333090	1.1753890	-0.2458085	0.4356656	0.9309228	-0.3077612	0.3739124	0.9171504	-0.3198638
35	0.5666667	0.3945000	1.5002990	-0.0500300	0.3977500	1.5014490	0.1207200	0.3515600	1.2264590	0.1758300	0.4158700	0.9546990	0.2085000	0.3949500	1.4964990	-0.2280600	0.3582000	1.2022990	-0.2908200	0.3906600	0.9375390	-0.3183100	0.4255300	0.9573790	-0.0526900	0.4367700	0.9601490	0.0687000	0.3659900	0.5197890	0.0726100	0.3236700	0.0667690	0.0709600	0.4174400	0.9586090	-0.1709300	0.3425300	0.5076590	-0.1947300	0.3191500	0.0724990	-0.1871900	0.5029500	0.0459490	-0.1807600	0.4761300	0.0476990	-0.2216400	0.2703600	0.0317890	-0.1861500	0.5022800	0.0466290	0.0865000	0.4772800	0.0448090	0.1227600	0.2930900	0.0330090	0.0621100	0.5004189	1.0320541	0.1244175	0.4866377	1.0271710	-0.2306728	0.2739962	1.0521263	0.0208991	0.2694107	1.0496606	-0.1179085	0.3614257	0.5098251	0.1444934	0.3780756	0.5107648	0.0095606	0.3082184	0.0831695	0.1188851	0.3472053	0.0843225	0.0257096	0.4725516	0.0554240	0.0936734	0.4136248	0.0427997	0.1495218	0.2482284	0.0470291	0.0505657	0.3387224	0.5070158	-0.2477640	0.3635748	0.5067968	-0.1113285	0.2979800	0.0835833	-0.2398101	0.3369426	0.0852917	-0.1467201	0.4722318	0.0585146	-0.1970786	0.2336513	0.0444049	-0.1817149	0.4189704	0.0359364	-0.2580344	0.3977456	1.5539199	0.1214004	0.3908135	1.5534984	-0.2307298	0.2923333	1.5654277	-0.0466454	0.4725252	0.7709890	0.1613481	0.4230236	0.6680995	0.1802564	0.3455643	0.7886155	0.1828263	0.4540981	0.7676947	-0.2684527	0.4022043	0.6661817	-0.2863315	0.3254909	0.7859804	-0.2864101	0.3416260	0.3855584	0.1495616	0.3595806	0.2545522	0.1598777	0.2846605	0.2706338	0.1477762	0.3272884	0.3825063	-0.2544635	0.3475833	0.2524451	-0.2727282	0.2703390	0.2703277	-0.2595090	0.3907517	0.9311667	0.0548475	0.3823846	0.9282536	-0.1596842	0.3236838	1.1954567	0.2222891	0.3322736	1.1775828	0.1345154	0.4597154	0.9562806	0.1957420	0.3994227	0.9297920	0.2149281	0.3346903	1.1853378	-0.3252011	0.3338678	1.1754834	-0.2459723	0.4348164	0.9305108	-0.3078434	0.3732884	0.9171227	-0.3200423
36	0.5833333	0.3941500	1.5021090	-0.0499500	0.3977800	1.5014990	0.1206400	0.3563100	1.2268190	0.1779100	0.4124300	0.9542090	0.2109200	0.3948700	1.4969090	-0.2280200	0.3573600	1.2019090	-0.2906900	0.3903900	0.9376290	-0.3187400	0.4252700	0.9572290	-0.0525800	0.4373100	0.9601190	0.0685800	0.3660500	0.5195390	0.0727300	0.3238800	0.0669290	0.0708300	0.4172100	0.9582890	-0.1708000	0.3464100	0.5082090	-0.1924100	0.3241200	0.0760090	-0.1858400	0.5065300	0.0472090	-0.1790800	0.4761000	0.0478690	-0.2244000	0.2709700	0.0305090	-0.1858700	0.5023000	0.0467690	0.0863900	0.4735000	0.0434890	0.1245300	0.2935700	0.0331390	0.0620600	0.5003578	1.0319685	0.1244137	0.4861389	1.0270345	-0.2305270	0.2740202	1.0520410	0.0211333	0.2692754	1.0495554	-0.1176189	0.3610197	0.5096568	0.1446245	0.3776742	0.5105948	0.0096635	0.3077614	0.0828002	0.1190974	0.3467883	0.0839494	0.0259365	0.4720280	0.0550375	0.0940332	0.4130652	0.0425077	0.1498383	0.2478681	0.0467525	0.0507523	0.3387713	0.5067255	-0.2476110	0.3638332	0.5065447	-0.1111413	0.2980122	0.0832210	-0.2395577	0.3371056	0.0849555	-0.1464779	0.4722149	0.0581915	-0.1970126	0.2338290	0.0441413	-0.1813710	0.4188921	0.0357238	-0.2578944	0.3981935	1.5536934	0.1216496	0.3911872	1.5532682	-0.2302700	0.2928542	1.5653807	-0.0462556	0.4723741	0.7707613	0.1615712	0.4227665	0.6678928	0.1804496	0.3453523	0.7884766	0.1829331	0.4537600	0.7676311	-0.2684721	0.4019837	0.6660203	-0.2862847	0.3251180	0.7857013	-0.2862257	0.3411578	0.3853667	0.1497239	0.3591095	0.2542900	0.1600976	0.2842135	0.2703772	0.1479411	0.3273397	0.3821662	-0.2542414	0.3475799	0.2520889	-0.2725242	0.2703702	0.2699758	-0.2592269	0.3906447	0.9310204	0.0549416	0.3820140	0.9280743	-0.1595035	0.3242571	1.1949276	0.2226108	0.3326746	1.1770365	0.1348973	0.4588545	0.9548814	0.1958977	0.3982947	0.9287532	0.2150831	0.3347159	1.1851788	-0.3249886	0.3339072	1.1752432	-0.2458657	0.4335898	0.9299185	-0.3077574	0.3722765	0.9168625	-0.3200424
37	0.6000000	0.3945500	1.5003090	-0.0500300	0.3979500	1.5014690	0.1207400	0.3614000	1.2266590	0.1796000	0.4115900	0.9557890	0.2105300	0.3949200	1.4964890	-0.2280700	0.3580000	1.2021790	-0.2907800	0.3866900	0.9370890	-0.3205100	0.4256300	0.9574490	-0.0527200	0.4369000	0.9603390	0.0685900	0.3673700	0.5155190	0.0746600	0.3237100	0.0667690	0.0709700	0.4175500	0.9586090	-0.1708200	0.3466500	0.5082890	-0.1923800	0.3238600	0.0778390	-0.1851800	0.5028600	0.0459490	-0.1807400	0.4726600	0.0480590	-0.2228900	0.2749100	0.0317090	-0.1860200	0.5022300	0.0466190	0.0866100	0.4736100	0.0435290	0.1246200	0.2932100	0.0329890	0.0618100	0.5009224	1.0321792	0.1242153	0.4862056	1.0273379	-0.2307285	0.2745952	1.0522781	0.0212508	0.2696608	1.0498329	-0.1175051	0.3613985	0.5097491	0.1445767	0.3780963	0.5107081	0.0096833	0.3080235	0.0828225	0.1190595	0.3471036	0.0839851	0.0259752	0.4721718	0.0549303	0.0941936	0.4131414	0.0425541	0.1499180	0.2482241	0.0469446	0.0507065	0.3394988	0.5069143	-0.2476763	0.3648063	0.5067238	-0.1113226	0.2986383	0.0834229	-0.2394623	0.3378907	0.0851401	-0.1465221	0.4726014	0.0582016	-0.1973262	0.2346591	0.0445239	-0.1811539	0.4192234	0.0359033	-0.2579831	0.3991336	1.5536937	0.1217487	0.3920119	1.5532357	-0.2301115	0.2938807	1.5654990	-0.0460524	0.4728495	0.7708332	0.1615290	0.4231890	0.6679674	0.1803956	0.3458164	0.7886200	0.1827973	0.4540194	0.7679708	-0.2687927	0.4023829	0.6663040	-0.2864758	0.3253509	0.7859078	-0.2861654	0.3414528	0.3854744	0.1496946	0.3593557	0.2543698	0.1600971	0.2845245	0.2704489	0.1478563	0.3280455	0.3823514	-0.2542143	0.3482008	0.2522742	-0.2725131	0.2710462	0.2701786	-0.2590766	0.3911828	0.9311973	0.0548451	0.3822509	0.9283073	-0.1596040	0.3257777	1.1948722	0.2228895	0.3339559	1.1769430	0.1352263	0.4587729	0.9538433	0.1958953	0.3979196	0.9280547	0.2151763	0.3349785	1.1854229	-0.3249556	0.3344105	1.1753682	-0.2459764	0.4324159	0.9296787	-0.3081243	0.3712470	0.9169926	-0.3203846
38	0.6166667	0.3982200	1.5000890	-0.0519800	0.4026600	1.5011290	0.1226700	0.3615200	1.2252390	0.1797700	0.4119900	0.9541390	0.2107700	0.3995200	1.4947790	-0.2303300	0.3573400	1.2018690	-0.2904700	0.3866400	0.9355690	-0.3210300	0.4253800	0.9572890	-0.0526300	0.4375000	0.9602890	0.0686100	0.3674800	0.5151890	0.0748000	0.3239100	0.0669390	0.0708300	0.4176400	0.9583890	-0.1730700	0.3469100	0.5102890	-0.1918900	0.3201900	0.0767190	-0.1870900	0.5065200	0.0471390	-0.1767300	0.4759300	0.0477190	-0.2219000	0.2706400	0.0303290	-0.1878300	0.5022900	0.0467690	0.0864400	0.4735000	0.0435390	0.1245100	0.2932900	0.0310290	0.0610700	0.5009567	1.0320659	0.1243784	0.4858080	1.0271441	-0.2307395	0.2745382	1.0522065	0.0214993	0.2694474	1.0497290	-0.1173263	0.3613006	0.5093644	0.1446509	0.3781101	0.5102697	0.0098400	0.3076071	0.0822275	0.1190281	0.3467919	0.0833747	0.0260696	0.4718420	0.0543818	0.0943775	0.4126604	0.0419974	0.1499536	0.2478670	0.0463277	0.0506343	0.3396494	0.5066116	-0.2475998	0.3650787	0.5064872	-0.1111409	0.2984676	0.0831727	-0.2393564	0.3378023	0.0849147	-0.1463856	0.4722929	0.0577395	-0.1970695	0.2345984	0.0444420	-0.1811335	0.4189167	0.0355296	-0.2577756	0.4000241	1.5535655	0.1221160	0.3929219	1.5530357	-0.2299817	0.2947711	1.5655962	-0.0457992	0.4727164	0.7706266	0.1617584	0.4230395	0.6676932	0.1805577	0.3456048	0.7884356	0.1828481	0.4537968	0.7678802	-0.2689111	0.4022808	0.6661145	-0.2865316	0.3250432	0.7855969	-0.2861434	0.3412127	0.3850483	0.1497560	0.3590149	0.2539078	0.1601883	0.2842177	0.2699571	0.1477947	0.3280894	0.3820017	-0.2540888	0.3481143	0.2518936	-0.2724152	0.2709874	0.2699203	-0.2589451	0.3910398	0.9310666	0.0550059	0.3818476	0.9281264	-0.1595539	0.3267985	1.1944704	0.2233642	0.3347582	1.1765122	0.1357047	0.4582045	0.9524165	0.1961361	0.3970335	0.9270074	0.2154803	0.3346850	1.1852107	-0.3247951	0.3344362	1.1750261	-0.2458552	0.4308568	0.9290269	-0.3084327	0.3698049	0.9167067	-0.3206322
39	0.6333333	0.3984400	1.5002190	-0.0519500	0.4027000	1.5011890	0.1227300	0.3618100	1.2248690	0.1796000	0.4114400	0.9539990	0.2103400	0.3994300	1.4943790	-0.2303700	0.3579200	1.1986290	-0.2906300	0.3869800	0.9355790	-0.3205600	0.4256800	0.9574090	-0.0527000	0.4411900	0.9606090	0.0705900	0.3680500	0.5140490	0.0747100	0.3240900	0.0688090	0.0681600	0.4219500	0.9590490	-0.1709500	0.3471600	0.5103490	-0.1919300	0.3232200	0.0738390	-0.1852700	0.5067100	0.0472190	-0.1789600	0.4762600	0.0477990	-0.2216600	0.2708300	0.0303690	-0.1882300	0.5022300	0.0466190	0.0865800	0.4735900	0.0435690	0.1245700	0.2966800	0.0321990	0.0588900	0.5014057	1.0322135	0.1243767	0.4860025	1.0272815	-0.2309279	0.2749450	1.0522983	0.0215664	0.2697546	1.0498193	-0.1173311	0.3617172	0.5092703	0.1445351	0.3786910	0.5102516	0.0098833	0.3080214	0.0821375	0.1186108	0.3473461	0.0833595	0.0258396	0.4720375	0.0543973	0.0943689	0.4127457	0.0420417	0.1497076	0.2484889	0.0463110	0.0501447	0.3403319	0.5065774	-0.2476875	0.3658991	0.5065160	-0.1111988	0.2990433	0.0831701	-0.2393789	0.3384577	0.0849526	-0.1464081	0.4727874	0.0576904	-0.1970298	0.2352226	0.0445545	-0.1811782	0.4193819	0.0355895	-0.2577257	0.4013215	1.5535446	0.1222063	0.3943249	1.5529584	-0.2301478	0.2961562	1.5658442	-0.0458376	0.4729906	0.7706536	0.1618389	0.4233334	0.6676567	0.1805322	0.3458829	0.7884116	0.1826541	0.4541562	0.7680434	-0.2691570	0.4027375	0.6661865	-0.2867155	0.3253124	0.7855804	-0.2862369	0.3415745	0.3849619	0.1495607	0.3593350	0.2538272	0.1599636	0.2846081	0.2698508	0.1473899	0.3287560	0.3819502	-0.2541057	0.3487360	0.2518447	-0.2724171	0.2715842	0.2698885	-0.2589779	0.3914109	0.9311796	0.0550108	0.3820647	0.9282324	-0.1596624	0.3282247	1.1943423	0.2235387	0.3359939	1.1763330	0.1359078	0.4580686	0.9514369	0.1961119	0.3967193	0.9263775	0.2155148	0.3349093	1.1850769	-0.3247342	0.3349323	1.1747890	-0.2458659	0.4300391	0.9286355	-0.3087601	0.3691606	0.9166383	-0.3208928
40	0.6500000	0.3981300	1.5001790	-0.0521200	0.4025900	1.5011890	0.1226400	0.3617000	1.2253590	0.1798200	0.4119200	0.9539190	0.2108900	0.3995500	1.4967890	-0.2301900	0.3583500	1.2004490	-0.2902700	0.3867800	0.9357990	-0.3211100	0.4294800	0.9575990	-0.0506400	0.4420700	0.9588990	0.0705900	0.3675100	0.5151490	0.0748100	0.3239300	0.0669690	0.0708100	0.4256400	0.9591990	-0.1704600	0.3510700	0.5111390	-0.1896600	0.3195700	0.0727290	-0.1871800	0.5071600	0.0478290	-0.1795700	0.4759300	0.0477490	-0.2219400	0.2704900	0.0302890	-0.1879500	0.5024600	0.0486090	0.0859100	0.4735000	0.0436090	0.1245100	0.2971500	0.0323990	0.0590600	0.5053087	1.0325118	0.1265918	0.4897128	1.0274660	-0.2290552	0.2787330	1.0523913	0.0237240	0.2734618	1.0498700	-0.1153050	0.3651339	0.5092228	0.1464120	0.3822313	0.5102465	0.0119590	0.3112405	0.0821043	0.1199534	0.3506278	0.0833677	0.0273681	0.4750500	0.0544317	0.0959559	0.4156947	0.0420138	0.1510736	0.2518037	0.0463347	0.0514489	0.3441690	0.5066439	-0.2457295	0.3698697	0.5066157	-0.1091789	0.3020832	0.0832563	-0.2378421	0.3416354	0.0850222	-0.1448488	0.4758839	0.0575629	-0.1953058	0.2382318	0.0447880	-0.1797405	0.4223921	0.0355515	-0.2560776	0.4055387	1.5538279	0.1241401	0.3986715	1.5529616	-0.2285932	0.3004104	1.5661547	-0.0441298	0.4765161	0.7706804	0.1639674	0.4267838	0.6676434	0.1825335	0.3495187	0.7885055	0.1845688	0.4578667	0.7681207	-0.2673756	0.4064577	0.6662559	-0.2848653	0.3289798	0.7856749	-0.2842873	0.3449337	0.3849242	0.1512717	0.3626135	0.2537847	0.1615394	0.2879027	0.2698236	0.1488702	0.3323654	0.3819891	-0.2522448	0.3521161	0.2518184	-0.2707106	0.2749259	0.2700162	-0.2572345	0.3952643	0.9313756	0.0571833	0.3858014	0.9283597	-0.1576962	0.3321768	1.1944315	0.2254034	0.3399532	1.1763605	0.1379311	0.4606285	0.9507393	0.1980080	0.3991669	0.9259134	0.2173880	0.3377108	1.1852203	-0.3228558	0.3381129	1.1747319	-0.2440200	0.4318952	0.9283214	-0.3073441	0.3711236	0.9166792	-0.3193379
41	0.6666667	0.3985200	1.5002590	-0.0519900	0.4027400	1.5011490	0.1227800	0.3618800	1.2249690	0.1796000	0.4117700	0.9520490	0.2104300	0.4037800	1.4962890	-0.2322100	0.3583300	1.2025290	-0.2903100	0.3867300	0.9372790	-0.3205400	0.4298500	0.9577490	-0.0506600	0.4417000	0.9591290	0.0707700	0.3674400	0.5153790	0.0746600	0.3284400	0.0701190	0.0722400	0.4259800	0.9594790	-0.1703700	0.3512800	0.5111690	-0.1896900	0.3197500	0.0765290	-0.1871200	0.5072400	0.0458390	-0.1788800	0.4761800	0.0477790	-0.2216600	0.2709600	0.0304590	-0.1863300	0.5024900	0.0484690	0.0860200	0.4773200	0.0448690	0.1227300	0.2928300	0.0308590	0.0611300	0.5056172	1.0327434	0.1267415	0.4900942	1.0275798	-0.2291381	0.2791396	1.0524970	0.0237043	0.2738972	1.0499339	-0.1154180	0.3651966	0.5091450	0.1462310	0.3824429	0.5102138	0.0118502	0.3110038	0.0822184	0.1195008	0.3504832	0.0835302	0.0270149	0.4747555	0.0547212	0.0955610	0.4153336	0.0421512	0.1505916	0.2516167	0.0464513	0.0509625	0.3447175	0.5066437	-0.2459616	0.3704808	0.5065753	-0.1093449	0.3017477	0.0833568	-0.2382246	0.3413743	0.0850441	-0.1451822	0.4755254	0.0574319	-0.1955925	0.2378212	0.0449909	-0.1801917	0.4219958	0.0356037	-0.2563956	0.4062126	1.5540119	0.1240609	0.3996816	1.5528565	-0.2291229	0.3012437	1.5664322	-0.0445448	0.4767059	0.7706800	0.1640599	0.4268869	0.6676007	0.1825063	0.3496642	0.7885761	0.1844391	0.4583028	0.7682367	-0.2676069	0.4069156	0.6663351	-0.2851013	0.3293858	0.7857646	-0.2844783	0.3449142	0.3848945	0.1510147	0.3624982	0.2538030	0.1612424	0.2877712	0.2698526	0.1484655	0.3326959	0.3819574	-0.2525061	0.3522021	0.2517337	-0.2710108	0.2749280	0.2701515	-0.2575565	0.3956274	0.9315510	0.0572083	0.3862093	0.9284615	-0.1578145	0.3326080	1.1944185	0.2251490	0.3403393	1.1763182	0.1378033	0.4598548	0.9500251	0.1977902	0.3982657	0.9254105	0.2171106	0.3373452	1.1853696	-0.3231197	0.3379915	1.1747600	-0.2443281	0.4306703	0.9281840	-0.3078724	0.3699962	0.9168365	-0.3198002
42	0.6833333	0.3981700	1.5001890	-0.0521200	0.4027100	1.4993890	0.1225200	0.3663700	1.2253790	0.1816300	0.4085200	0.9498090	0.2127400	0.4039200	1.4967690	-0.2322800	0.3582200	1.2021790	-0.2904200	0.3864900	0.9373990	-0.3211500	0.4335700	0.9581890	-0.0525200	0.4420200	0.9572890	0.0706600	0.3674900	0.5151690	0.0748400	0.3239200	0.0669590	0.0708000	0.4258400	0.9591790	-0.1704800	0.3511400	0.5111090	-0.1896500	0.3201500	0.0767190	-0.1871100	0.5064600	0.0471990	-0.1791500	0.4760500	0.0478990	-0.2244000	0.2706500	0.0303290	-0.1859800	0.5023200	0.0468190	0.0864400	0.4735300	0.0436090	0.1245100	0.2933000	0.0310690	0.0611100	0.5092722	1.0333031	0.1250761	0.4936859	1.0280689	-0.2311837	0.2828411	1.0526292	0.0220132	0.2775744	1.0500393	-0.1172566	0.3679287	0.5094570	0.1444699	0.3853512	0.5105110	0.0102852	0.3130196	0.0825478	0.1176144	0.3525813	0.0838485	0.0252972	0.4767155	0.0548643	0.0938802	0.4171877	0.0424387	0.1487145	0.2535877	0.0469414	0.0491110	0.3481346	0.5068783	-0.2479856	0.3739482	0.5068653	-0.1113500	0.3039478	0.0838701	-0.2403705	0.3436683	0.0855126	-0.1473088	0.4777935	0.0575635	-0.1977282	0.2398826	0.0457716	-0.1823155	0.4241646	0.0359248	-0.2585108	0.4093953	1.5544115	0.1223793	0.4033101	1.5529306	-0.2313001	0.3046537	1.5666193	-0.0465233	0.4798838	0.7708978	0.1623735	0.4298410	0.6678591	0.1807603	0.3529897	0.7889905	0.1825455	0.4618901	0.7684452	-0.2696680	0.4104043	0.6665455	-0.2871439	0.3329747	0.7860789	-0.2864692	0.3474679	0.3852152	0.1492135	0.3648266	0.2541160	0.1594011	0.2900926	0.2702287	0.1465619	0.3357901	0.3822156	-0.2545840	0.3549757	0.2519332	-0.2731350	0.2776220	0.2706362	-0.2596460	0.3994094	0.9319584	0.0554665	0.3899525	0.9288254	-0.1597859	0.3358318	1.1945022	0.2233025	0.3437075	1.1763524	0.1363271	0.4614066	0.9492268	0.1963696	0.3996036	0.9249409	0.2155068	0.3396271	1.1859681	-0.3247892	0.3406036	1.1751751	-0.2460445	0.4320643	0.9283093	-0.3098274	0.3714461	0.9172584	-0.3216390
43	0.7000000	0.4030400	1.4980890	-0.0501300	0.4078600	1.4971590	0.1247200	0.3667900	1.2229690	0.1813800	0.4127200	0.9481190	0.2137800	0.4041100	1.4942590	-0.2324900	0.3583100	1.2000590	-0.2912300	0.3866700	0.9372890	-0.3205900	0.4299300	0.9577890	-0.0507200	0.4412400	0.9590890	0.0710900	0.3680700	0.5141490	0.0747200	0.3242500	0.0708990	0.0711600	0.4260600	0.9595290	-0.1704900	0.3560500	0.5138890	-0.1869700	0.3193700	0.0744890	-0.1865100	0.5074100	0.0458890	-0.1788000	0.4767000	0.0496490	-0.2234700	0.2707600	0.0302690	-0.1864100	0.5028100	0.0504990	0.0868300	0.4737400	0.0436290	0.1246600	0.2930800	0.0329290	0.0618000	0.5054912	1.0328783	0.1270766	0.4902350	1.0275656	-0.2292931	0.2792329	1.0522885	0.0236531	0.2741038	1.0496635	-0.1156682	0.3638813	0.5088953	0.1462841	0.3815141	0.5099983	0.0120610	0.3084636	0.0820916	0.1193366	0.3481978	0.0834206	0.0270836	0.4721681	0.0546981	0.0958130	0.4125078	0.0421300	0.1505850	0.2490807	0.0464405	0.0506862	0.3449291	0.5063564	-0.2463518	0.3706206	0.5062733	-0.1094798	0.2997835	0.0834058	-0.2387966	0.3394211	0.0849698	-0.1455323	0.4734604	0.0571967	-0.1961410	0.2355273	0.0452785	-0.1806930	0.4199186	0.0357907	-0.2570131	0.4063716	1.5538592	0.1242116	0.4003643	1.5524024	-0.2298943	0.3016566	1.5664031	-0.0449752	0.4759161	0.7704032	0.1643890	0.4258032	0.6673235	0.1826982	0.3489788	0.7885589	0.1842892	0.4586388	0.7680961	-0.2679462	0.4071994	0.6661472	-0.2854973	0.3296076	0.7856742	-0.2849967	0.3432562	0.3846602	0.1510136	0.3604676	0.2535357	0.1612794	0.2856961	0.2697556	0.1482192	0.3323923	0.3816315	-0.2529408	0.3513545	0.2512995	-0.2714780	0.2738338	0.2702337	-0.2581453	0.3956648	0.9316161	0.0572254	0.3864084	0.9284331	-0.1580985	0.3331743	1.1935923	0.2253990	0.3408250	1.1754297	0.1383545	0.4576094	0.9477717	0.1984501	0.3956162	0.9237569	0.2175637	0.3357737	1.1853911	-0.3232951	0.3369442	1.1745740	-0.2445269	0.4275761	0.9277739	-0.3084330	0.3669836	0.9168629	-0.3202632
44	0.7166667	0.4025300	1.4999290	-0.0500300	0.4074600	1.4990790	0.1244700	0.3665100	1.2251390	0.1816600	0.4132200	0.9499990	0.2145200	0.4040700	1.4967990	-0.2322200	0.3622200	1.2001990	-0.2886800	0.3865500	0.9374990	-0.3212600	0.4295700	0.9595390	-0.0504000	0.4417700	0.9590290	0.0710300	0.3676800	0.5163690	0.0754300	0.3244600	0.0710590	0.0710200	0.4259100	0.9610890	-0.1702900	0.3557900	0.5141490	-0.1869900	0.3198400	0.0747090	-0.1865300	0.5073300	0.0458190	-0.1790100	0.4733400	0.0465990	-0.2232000	0.2704900	0.0302490	-0.1861200	0.5026800	0.0488290	0.0871800	0.4773200	0.0449690	0.1226800	0.2936100	0.0332690	0.0620300	0.5051754	1.0346147	0.1275682	0.4899033	1.0292824	-0.2290516	0.2789140	1.0539666	0.0240601	0.2737886	1.0513368	-0.1153609	0.3632579	0.5105069	0.1464734	0.3808717	0.5116273	0.0122849	0.3078715	0.0838342	0.1195101	0.3475499	0.0851953	0.0272885	0.4715955	0.0565258	0.0959242	0.4119506	0.0439165	0.1507175	0.2484541	0.0482089	0.0508901	0.3450908	0.5081365	-0.2460921	0.3706553	0.5080726	-0.1090700	0.2990084	0.0851805	-0.2387706	0.3386075	0.0867062	-0.1453923	0.4725658	0.0586885	-0.1960709	0.2346261	0.0472394	-0.1806752	0.4190132	0.0375152	-0.2569797	0.4064970	1.5552220	0.1246884	0.4005334	1.5536420	-0.2300790	0.3017050	1.5679356	-0.0448777	0.4754617	0.7720533	0.1647318	0.4252792	0.6689530	0.1829866	0.3485384	0.7902608	0.1845914	0.4586532	0.7699296	-0.2677685	0.4072802	0.6679606	-0.2853099	0.3294725	0.7874105	-0.2848587	0.3426262	0.3863386	0.1511769	0.3598532	0.2552632	0.1614491	0.2851115	0.2714493	0.1483968	0.3323154	0.3833700	-0.2527217	0.3510578	0.2529647	-0.2713361	0.2734222	0.2720780	-0.2580469	0.3952969	0.9333786	0.0576041	0.3860309	0.9301843	-0.1578738	0.3338420	1.1948639	0.2258776	0.3414052	1.1766110	0.1388458	0.4572783	0.9485348	0.1991044	0.3950814	0.9247634	0.2181523	0.3356697	1.1868542	-0.3231857	0.3369979	1.1759919	-0.2444166	0.4268469	0.9290985	-0.3084366	0.3662667	0.9183695	-0.3202746
45	0.7333333	0.4027000	1.5000190	-0.0504000	0.4075600	1.4991490	0.1244900	0.3715700	1.2248390	0.1833200	0.4128300	0.9517390	0.2142400	0.4039200	1.4948290	-0.2323800	0.3624900	1.2005390	-0.2887000	0.3867700	0.9373190	-0.3205300	0.4300300	0.9578390	-0.0506600	0.4412700	0.9590590	0.0712000	0.3681000	0.5142590	0.0747800	0.3240100	0.0689690	0.0717100	0.4262300	0.9614090	-0.1703100	0.3550900	0.5156090	-0.1870100	0.3194100	0.0745290	-0.1865000	0.5067500	0.0472790	-0.1788400	0.4767200	0.0496790	-0.2234600	0.2708000	0.0303890	-0.1864500	0.5027200	0.0486890	0.0873400	0.4774600	0.0449290	0.1227800	0.2930000	0.0328590	0.0620100	0.5056608	1.0328078	0.1275195	0.4904515	1.0275987	-0.2294207	0.2793918	1.0523120	0.0239514	0.2742981	1.0497341	-0.1155978	0.3636321	0.5086296	0.1462532	0.3812218	0.5098199	0.0119904	0.3081667	0.0819457	0.1192316	0.3477956	0.0833736	0.0269849	0.4720096	0.0548786	0.0955798	0.4123659	0.0422004	0.1504275	0.2486441	0.0463041	0.0505692	0.3460448	0.5063586	-0.2464410	0.3714928	0.5063464	-0.1091612	0.2991384	0.0833865	-0.2391906	0.3387071	0.0849057	-0.1456203	0.4726756	0.0569486	-0.1964281	0.2345855	0.0454938	-0.1810707	0.4191027	0.0359294	-0.2574188	0.4076262	1.5533473	0.1246135	0.4016474	1.5516254	-0.2307316	0.3027724	1.5662494	-0.0452047	0.4759713	0.7702248	0.1646121	0.4257332	0.6670890	0.1828502	0.3489316	0.7884435	0.1844593	0.4595114	0.7683009	-0.2681301	0.4081840	0.6662686	-0.2857110	0.3301387	0.7856741	-0.2854235	0.3429809	0.3844471	0.1509167	0.3602232	0.2533426	0.1611914	0.2854398	0.2695825	0.1481452	0.3330723	0.3815346	-0.2530619	0.3516443	0.2510331	-0.2716741	0.2738441	0.2703518	-0.2585151	0.3957148	0.9316657	0.0574242	0.3864876	0.9285461	-0.1582509	0.3357699	1.1929382	0.2260543	0.3430166	1.1745750	0.1390301	0.4581057	0.9461453	0.1992413	0.3957640	0.9225724	0.2183048	0.3363988	1.1848893	-0.3236221	0.3378649	1.1740503	-0.2448629	0.4271177	0.9272329	-0.3089424	0.3664866	0.9166316	-0.3207449
46	0.7500000	0.4028400	1.4981390	-0.0504900	0.4075800	1.4990790	0.1244100	0.3715300	1.2234190	0.1836900	0.4222900	0.9470690	0.2140700	0.4044000	1.4933690	-0.2326000	0.3620000	1.2002290	-0.2888400	0.3910400	0.9360690	-0.3230800	0.4297500	0.9577090	-0.0505900	0.4420700	0.9571990	0.0707800	0.3676500	0.5162390	0.0754500	0.3242200	0.0691490	0.0715700	0.4261800	0.9575790	-0.1704800	0.3553200	0.5119790	-0.1873900	0.3202500	0.0767390	-0.1871200	0.5067500	0.0472590	-0.1789800	0.4762300	0.0493790	-0.2212900	0.2704100	0.0303290	-0.1880300	0.5024600	0.0469090	0.0864700	0.4773400	0.0449790	0.1227100	0.2935300	0.0331790	0.0620500	0.5053569	1.0326009	0.1277551	0.4902944	1.0274737	-0.2294318	0.2790966	1.0521759	0.0240921	0.2740679	1.0496267	-0.1155539	0.3633742	0.5083423	0.1463196	0.3808888	0.5095803	0.0120106	0.3080039	0.0818239	0.1192714	0.3475452	0.0833056	0.0270111	0.4718465	0.0549275	0.0955238	0.4122615	0.0422029	0.1504198	0.2484163	0.0461900	0.0506207	0.3463854	0.5063125	-0.2464877	0.3716293	0.5063101	-0.1089681	0.2989328	0.0833246	-0.2394188	0.3383833	0.0848122	-0.1456518	0.4723901	0.0569641	-0.1964476	0.2342103	0.0454037	-0.1813111	0.4188757	0.0360924	-0.2575624	0.4079944	1.5530041	0.1247712	0.4020213	1.5511208	-0.2310928	0.3030781	1.5660806	-0.0452964	0.4757257	0.7699983	0.1647437	0.4254935	0.6668245	0.1829747	0.3486637	0.7882149	0.1846129	0.4597287	0.7683510	-0.2681439	0.4084789	0.6662815	-0.2857806	0.3301960	0.7855687	-0.2856481	0.3427464	0.3842109	0.1509594	0.3600275	0.2531523	0.1612369	0.2852572	0.2693860	0.1481996	0.3333018	0.3814509	-0.2531369	0.3517828	0.2508943	-0.2717744	0.2738491	0.2703414	-0.2587553	0.3953705	0.9315289	0.0575520	0.3862311	0.9284575	-0.1582738	0.3374194	1.1923781	0.2266065	0.3443102	1.1739398	0.1393506	0.4596862	0.9454317	0.1996299	0.3972498	0.9219276	0.2187308	0.3367663	1.1844316	-0.3239439	0.3384608	1.1735825	-0.2449402	0.4276844	0.9269314	-0.3093830	0.3668600	0.9162800	-0.3210928
47	0.7666667	0.4073700	1.4979590	-0.0483800	0.4125600	1.4969290	0.1265800	0.3720800	1.2195290	0.1856300	0.4256400	0.9538890	0.2147400	0.4043700	1.4942190	-0.2325100	0.3646400	1.2005290	-0.2922200	0.3998900	0.9370290	-0.3222600	0.4260100	0.9555490	-0.0528900	0.4413300	0.9569890	0.0707400	0.3680600	0.5145590	0.0747200	0.3242300	0.0709090	0.0711800	0.4224800	0.9576390	-0.1730300	0.3509000	0.5092990	-0.1901500	0.3194100	0.0744390	-0.1865000	0.5069400	0.0473190	-0.1787400	0.4767900	0.0496190	-0.2234400	0.2708600	0.0303390	-0.1864100	0.5024600	0.0467390	0.0866400	0.4737600	0.0436290	0.1246500	0.2930600	0.0329990	0.0621000	0.5017621	1.0302136	0.1255951	0.4865638	1.0253013	-0.2318215	0.2755010	1.0502703	0.0220489	0.2704340	1.0478175	-0.1176976	0.3602238	0.5061730	0.1443971	0.3777587	0.5074659	0.0099277	0.3049792	0.0798295	0.1174975	0.3445425	0.0813804	0.0251507	0.4689758	0.0531437	0.0937870	0.4092981	0.0405239	0.1487633	0.2453966	0.0442551	0.0488045	0.3434229	0.5040919	-0.2487236	0.3684693	0.5041536	-0.1110715	0.2960499	0.0813051	-0.2412004	0.3353221	0.0828326	-0.1473089	0.4693945	0.0554589	-0.1982894	0.2312040	0.0432635	-0.1830041	0.4159612	0.0346603	-0.2593590	0.4059713	1.5505330	0.1232266	0.3994718	1.5488238	-0.2331950	0.3007266	1.5641280	-0.0469577	0.4723823	0.7679514	0.1627785	0.4222128	0.6647167	0.1810522	0.3450913	0.7859803	0.1825718	0.4564636	0.7664402	-0.2702938	0.4053707	0.6642331	-0.2879977	0.3267943	0.7833761	-0.2881096	0.3395973	0.3820830	0.1490622	0.3569341	0.2510838	0.1594000	0.2821865	0.2673057	0.1464043	0.3304367	0.3792462	-0.2552046	0.3489827	0.2487399	-0.2736371	0.2709260	0.2682197	-0.2608200	0.3916446	0.9293754	0.0553272	0.3824242	0.9264346	-0.1606455	0.3365832	1.1899826	0.2257898	0.3427353	1.1714276	0.1378895	0.4594523	0.9431696	0.1981732	0.3967492	0.9196752	0.2173065	0.3354516	1.1819183	-0.3268758	0.3369797	1.1711478	-0.2475263	0.4276634	0.9252831	-0.3117265	0.3666182	0.9142322	-0.3236097
48	0.7833333	0.4070900	1.4998890	-0.0483000	0.4128800	1.4948690	0.1289600	0.3720500	1.2203890	0.1860700	0.4351400	0.9567690	0.2149800	0.4129500	1.4966490	-0.2340400	0.3655400	1.2024990	-0.2967700	0.4141900	0.9376390	-0.3265100	0.4256700	0.9555090	-0.0528400	0.4417900	0.9569590	0.0706200	0.3672400	0.5123890	0.0752800	0.3243900	0.0710590	0.0710000	0.4266000	0.9596690	-0.1746400	0.3505800	0.5090790	-0.1877600	0.3198600	0.0746890	-0.1865100	0.5034500	0.0475790	-0.1802600	0.4725400	0.0482190	-0.2256900	0.2705400	0.0300590	-0.1859700	0.5023800	0.0468490	0.0864800	0.4736000	0.0436590	0.1245600	0.2935500	0.0332390	0.0620500	0.5015067	1.0300079	0.1259949	0.4864751	1.0252834	-0.2319990	0.2751653	1.0504573	0.0222258	0.2701778	1.0480745	-0.1177469	0.3605901	0.5061608	0.1447575	0.3781184	0.5075066	0.0102967	0.3055759	0.0800248	0.1179789	0.3450863	0.0816458	0.0256988	0.4694989	0.0535232	0.0944582	0.4097979	0.0409668	0.1493155	0.2460224	0.0444418	0.0493224	0.3437210	0.5041515	-0.2486194	0.3685625	0.5043326	-0.1107744	0.2965351	0.0816515	-0.2408140	0.3356486	0.0832430	-0.1468002	0.4696841	0.0561294	-0.1980070	0.2316284	0.0434983	-0.1825147	0.4163144	0.0353918	-0.2589918	0.4073485	1.5502478	0.1240041	0.4011007	1.5488522	-0.2331796	0.3021229	1.5643803	-0.0465878	0.4722102	0.7680570	0.1630291	0.4222464	0.6647637	0.1813490	0.3449223	0.7858590	0.1828315	0.4565964	0.7665366	-0.2703197	0.4055934	0.6642945	-0.2880158	0.3267667	0.7833266	-0.2883326	0.3399832	0.3821340	0.1494280	0.3573184	0.2512023	0.1597706	0.2827372	0.2673971	0.1468200	0.3308205	0.3793719	-0.2549723	0.3494707	0.2489317	-0.2733021	0.2713221	0.2684194	-0.2606074	0.3911843	0.9293293	0.0555264	0.3820594	0.9264972	-0.1607972	0.3389531	1.1897441	0.2272595	0.3445390	1.1710800	0.1383729	0.4637109	0.9436583	0.1990532	0.4008971	0.9199390	0.2180042	0.3385204	1.1818802	-0.3283088	0.3396169	1.1708769	-0.2482960	0.4335667	0.9264580	-0.3121227	0.3722195	0.9145803	-0.3244396
49	0.8000000	0.4076800	1.4998390	-0.0482400	0.4166000	1.4967590	0.1269500	0.3759500	1.2217190	0.1858600	0.4443700	0.9610990	0.2181900	0.4089500	1.4961190	-0.2343200	0.3661400	1.2103790	-0.2991300	0.4442200	0.9433190	-0.3179600	0.4342500	0.9602990	-0.0529600	0.4415300	0.9572390	0.0705600	0.3672200	0.5123490	0.0730200	0.3239100	0.0689790	0.0716900	0.4315500	0.9629090	-0.1770000	0.3503800	0.5072190	-0.1884200	0.3234900	0.0758290	-0.1882500	0.5030800	0.0459790	-0.1807900	0.4729300	0.0482490	-0.2253800	0.2709000	0.0301590	-0.1862800	0.5025400	0.0484590	0.0861300	0.4736700	0.0435990	0.1246400	0.2930000	0.0329990	0.0618600	0.5101436	1.0348208	0.1262592	0.4949785	1.0301534	-0.2324808	0.2835756	1.0550880	0.0225022	0.2785382	1.0527183	-0.1177535	0.3685423	0.5108828	0.1447644	0.3861420	0.5122146	0.0105256	0.3132637	0.0847545	0.1182803	0.3527458	0.0863703	0.0261669	0.4771774	0.0578652	0.0948462	0.4173986	0.0454692	0.1495404	0.2535884	0.0493794	0.0498246	0.3517404	0.5086679	-0.2485971	0.3765422	0.5089832	-0.1107696	0.3041446	0.0865500	-0.2408175	0.3432973	0.0881960	-0.1468156	0.4771951	0.0606892	-0.1981757	0.2392211	0.0486568	-0.1824167	0.4237662	0.0401032	-0.2590082	0.4167916	1.5547805	0.1246620	0.4101611	1.5534945	-0.2332643	0.3113017	1.5690621	-0.0461043	0.4804346	0.7727008	0.1630369	0.4303391	0.6694408	0.1813209	0.3532943	0.7906133	0.1827671	0.4650470	0.7709858	-0.2705772	0.4138628	0.6687520	-0.2881614	0.3351129	0.7879735	-0.2885262	0.3478579	0.3869073	0.1494619	0.3650604	0.2559948	0.1598171	0.2905902	0.2721495	0.1469378	0.3386872	0.3840188	-0.2549747	0.3572579	0.2536245	-0.2733332	0.2790750	0.2731598	-0.2605936	0.3998013	0.9340704	0.0556377	0.3905886	0.9312723	-0.1611322	0.3490997	1.1941927	0.2283467	0.3542047	1.1755500	0.1385480	0.4761782	0.9490669	0.1998210	0.4133537	0.9251457	0.2181905	0.3503837	1.1864936	-0.3299600	0.3503147	1.1751622	-0.2491036	0.4508040	0.9333221	-0.3110583	0.3894269	0.9199489	-0.3243263
50	0.8166667	0.4073700	1.5017590	-0.0480600	0.4213400	1.4946090	0.1288100	0.3802000	1.2293490	0.1905700	0.4835800	0.9717690	0.2196000	0.4129200	1.4980790	-0.2317700	0.3701100	1.2164190	-0.3029400	0.4564300	0.9484690	-0.3180900	0.4337500	0.9618090	-0.0527700	0.4423100	0.9605290	0.0702500	0.3681400	0.5142990	0.0749500	0.3241500	0.0691190	0.0715300	0.4347800	0.9647590	-0.1747300	0.3545100	0.5061890	-0.1906300	0.3239600	0.0760790	-0.1882600	0.5033100	0.0475990	-0.1803600	0.4725700	0.0481490	-0.2257200	0.2705900	0.0299790	-0.1858600	0.5023500	0.0468490	0.0865500	0.4735300	0.0436990	0.1245300	0.2936000	0.0332290	0.0618500	0.5093521	1.0363137	0.1268009	0.4947659	1.0316251	-0.2322338	0.2829649	1.0566172	0.0225906	0.2781618	1.0542218	-0.1177882	0.3673120	0.5121080	0.1453439	0.3852350	0.5134315	0.0111426	0.3116065	0.0858430	0.1189765	0.3512980	0.0874326	0.0269966	0.4753800	0.0586901	0.0958414	0.4154882	0.0463214	0.1503785	0.2519951	0.0506303	0.0504820	0.3509447	0.5097606	-0.2484690	0.3756638	0.5100823	-0.1105053	0.3027999	0.0877175	-0.2405692	0.3419353	0.0893399	-0.1464413	0.4754791	0.0618271	-0.1981886	0.2378722	0.0498601	-0.1819202	0.4221081	0.0414645	-0.2589538	0.4174966	1.5560419	0.1256435	0.4103865	1.5552258	-0.2326996	0.3117947	1.5708204	-0.0452553	0.4793494	0.7740018	0.1635730	0.4291347	0.6707130	0.1818465	0.3521980	0.7920720	0.1829838	0.4646998	0.7721301	-0.2704352	0.4133581	0.6698870	-0.2880509	0.3346477	0.7893879	-0.2886216	0.3464835	0.3880898	0.1500560	0.3634940	0.2570940	0.1604915	0.2890864	0.2733417	0.1474497	0.3377515	0.3851295	-0.2548605	0.3562034	0.2547064	-0.2731943	0.2779346	0.2743371	-0.2604561	0.3991306	0.9356033	0.0558119	0.3902602	0.9327870	-0.1611352	0.3528027	1.1956744	0.2313221	0.3567829	1.1768072	0.1395380	0.4863722	0.9537056	0.2012978	0.4238746	0.9284074	0.2194816	0.3544429	1.1879147	-0.3317030	0.3529637	1.1763266	-0.2500167	0.4616678	0.9381921	-0.3092453	0.3998796	0.9226558	-0.3237486
51	0.8333333	0.4077000	1.4999290	-0.0482900	0.4165300	1.4987290	0.1247200	0.3805700	1.2288690	0.1925000	0.5022500	0.9796390	0.2129000	0.4130100	1.4959490	-0.2320700	0.3712100	1.2167190	-0.3058200	0.4727200	0.9586290	-0.3154500	0.4386200	0.9629090	-0.0548600	0.4460900	0.9618690	0.0682700	0.3671700	0.5121490	0.0751700	0.3236400	0.0668090	0.0709800	0.4410600	0.9661790	-0.1740600	0.3502000	0.5050490	-0.1910500	0.3232300	0.0738590	-0.1889200	0.5068100	0.0472790	-0.1788900	0.4768500	0.0495790	-0.2234900	0.2708200	0.0301490	-0.1863800	0.5023800	0.0466890	0.0867000	0.4736400	0.0436090	0.1246400	0.2930200	0.0328290	0.0618300	0.5137732	1.0375918	0.1250443	0.4997267	1.0328408	-0.2343077	0.2877657	1.0571958	0.0205787	0.2831771	1.0547608	-0.1199176	0.3706389	0.5129749	0.1434744	0.3889075	0.5141146	0.0096500	0.3144967	0.0865057	0.1174635	0.3543231	0.0879618	0.0258047	0.4781533	0.0587730	0.0946565	0.4182095	0.0465758	0.1489110	0.2549099	0.0514663	0.0491268	0.3547223	0.5103759	-0.2504656	0.3793019	0.5109214	-0.1123651	0.3059934	0.0885588	-0.2425312	0.3451716	0.0902594	-0.1482590	0.4786340	0.0622028	-0.1998932	0.2410321	0.0510408	-0.1837830	0.4252221	0.0419168	-0.2607613	0.4220571	1.5566951	0.1244100	0.4150253	1.5557924	-0.2342810	0.3164768	1.5712799	-0.0466738	0.4831916	0.7748655	0.1617024	0.4327021	0.6716110	0.1799084	0.3562906	0.7931955	0.1806776	0.4694766	0.7725772	-0.2725466	0.4177410	0.6703700	-0.2901405	0.3393718	0.7901754	-0.2909190	0.3496856	0.3889310	0.1482362	0.3664635	0.2579155	0.1587750	0.2922003	0.2741498	0.1456172	0.3412881	0.3858184	-0.2569730	0.3596445	0.2553239	-0.2753258	0.2813140	0.2751203	-0.2624884	0.4039231	0.9366286	0.0537374	0.3953728	0.9337720	-0.1633978	0.3607237	1.1967033	0.2311154	0.3637632	1.1776965	0.1380270	0.5022671	0.9597320	0.1994879	0.4409513	0.9324071	0.2172951	0.3626256	1.1892051	-0.3358612	0.3594939	1.1772349	-0.2531300	0.4787258	0.9439020	-0.3087585	0.4165074	0.9256941	-0.3246023
52	0.8500000	0.4074100	1.5019390	-0.0481800	0.4210100	1.4983590	0.1287900	0.3855600	1.2309490	0.1973700	0.5389500	0.9976490	0.2086600	0.4129400	1.4982090	-0.2316600	0.3721400	1.2234090	-0.3055400	0.5138000	0.9724790	-0.3157900	0.4340200	0.9620390	-0.0529400	0.4466700	0.9633790	0.0679900	0.3673100	0.5123290	0.0773500	0.3241300	0.0688790	0.0702700	0.4357600	0.9627890	-0.1718200	0.3457100	0.5021190	-0.1927900	0.3235700	0.0740490	-0.1852300	0.5065900	0.0472790	-0.1791200	0.4764600	0.0494890	-0.2238300	0.2704800	0.0303790	-0.1860400	0.5022600	0.0468290	0.0865600	0.4735000	0.0436390	0.1245600	0.2929700	0.0308790	0.0630000	0.5086930	1.0366547	0.1269931	0.4953402	1.0320160	-0.2319720	0.2831425	1.0562473	0.0222847	0.2788308	1.0538492	-0.1180733	0.3650370	0.5114877	0.1457700	0.3836096	0.5126612	0.0119166	0.3089852	0.0850115	0.1197059	0.3490282	0.0864735	0.0280729	0.4725171	0.0573323	0.0971111	0.4125225	0.0449607	0.1513516	0.2495921	0.0500690	0.0512605	0.3491789	0.5087656	-0.2482169	0.3735663	0.5093132	-0.1102606	0.3005192	0.0871094	-0.2401450	0.3395993	0.0888359	-0.1459254	0.4730840	0.0610593	-0.1977809	0.2355127	0.0495664	-0.1812722	0.4197185	0.0407764	-0.2585603	0.4180838	1.5554978	0.1269088	0.4105766	1.5548345	-0.2317822	0.3123343	1.5704256	-0.0441910	0.4780189	0.7736738	0.1639662	0.4273093	0.6702944	0.1821657	0.3510258	0.7920903	0.1824840	0.4647586	0.7711224	-0.2701877	0.4127625	0.6688721	-0.2878005	0.3347698	0.7891511	-0.2888349	0.3440598	0.3874414	0.1504991	0.3608301	0.2563987	0.1611068	0.2866137	0.2726614	0.1477754	0.3357546	0.3842935	-0.2547080	0.3541469	0.2538536	-0.2729686	0.2758165	0.2736152	-0.2602203	0.3991813	0.9357240	0.0554304	0.3910462	0.9329372	-0.1614734	0.3623559	1.1961874	0.2357624	0.3633082	1.1772199	0.1407266	0.5156157	0.9680843	0.2005513	0.4562073	0.9378598	0.2178331	0.3647042	1.1886910	-0.3377179	0.3596180	1.1764245	-0.2534998	0.4939728	0.9520169	-0.3045981	0.4317300	0.9295959	-0.3221355
53	0.8666667	0.4075800	1.5038590	-0.0482000	0.4166100	1.4987990	0.1247500	0.3860200	1.2342890	0.2001100	0.5679400	1.0173690	0.2091500	0.4125800	1.4974890	-0.2292800	0.3749900	1.2340090	-0.3076400	0.5273700	0.9840290	-0.3122300	0.4342400	0.9657890	-0.0527800	0.4454400	0.9668490	0.0689700	0.3667400	0.5144290	0.0756800	0.3238500	0.0687290	0.0703900	0.4355600	0.9703390	-0.1736700	0.3509100	0.5067890	-0.1897200	0.3231900	0.0737490	-0.1851700	0.5068400	0.0472890	-0.1788300	0.4768900	0.0496190	-0.2234700	0.2708800	0.0304290	-0.1863300	0.5023400	0.0466690	0.0866800	0.4736200	0.0435590	0.1246100	0.2877800	0.0290190	0.0588500	0.5085509	1.0405424	0.1272673	0.4957089	1.0358395	-0.2315769	0.2833567	1.0596419	0.0222944	0.2792533	1.0571980	-0.1180017	0.3642319	0.5148534	0.1458645	0.3831049	0.5160035	0.0121365	0.3082750	0.0879008	0.1198136	0.3484977	0.0893508	0.0282994	0.4718050	0.0601752	0.0974845	0.4117957	0.0476589	0.1516056	0.2490290	0.0528562	0.0512916	0.3486976	0.5118785	-0.2478063	0.3728243	0.5125743	-0.1097423	0.3002620	0.0901967	-0.2398108	0.3392491	0.0920230	-0.1454618	0.4729655	0.0640276	-0.1972309	0.2351759	0.0527489	-0.1809352	0.4196400	0.0437445	-0.2581257	0.4183209	1.5587907	0.1272722	0.4108923	1.5581023	-0.2314598	0.3126760	1.5738145	-0.0439384	0.4775892	0.7771465	0.1642564	0.4266849	0.6737214	0.1823572	0.3506256	0.7957072	0.1824052	0.4650198	0.7742850	-0.2698729	0.4127774	0.6720014	-0.2874679	0.3350497	0.7925837	-0.2887185	0.3432170	0.3906994	0.1505788	0.3599343	0.2595321	0.1612637	0.2858491	0.2757501	0.1477216	0.3352814	0.3874372	-0.2543896	0.3538024	0.2569580	-0.2726821	0.2754201	0.2767033	-0.2599162	0.3993019	0.9394256	0.0554648	0.3914697	0.9365993	-0.1613621	0.3689660	1.2003326	0.2377922	0.3682466	1.1811947	0.1417360	0.5369704	0.9855068	0.1990468	0.4807839	0.9510901	0.2156739	0.3713549	1.1934786	-0.3418075	0.3640526	1.1805514	-0.2564278	0.5148704	0.9668736	-0.3013958	0.4527921	0.9397618	-0.3209592
54	0.8833333	0.4073000	1.5058190	-0.0481800	0.4209100	1.4982790	0.1288900	0.4106900	1.2333990	0.2098000	0.6027600	1.0349690	0.2011400	0.4128100	1.4982190	-0.2292300	0.3832100	1.2378390	-0.3089300	0.5659700	1.0038590	-0.3083600	0.4290800	0.9670390	-0.0506000	0.4297600	0.9620490	0.0727900	0.3645800	0.5110990	0.0788600	0.3241200	0.0689090	0.0702400	0.4309300	0.9732990	-0.1716400	0.3510400	0.5090490	-0.1892800	0.3236200	0.0740490	-0.1852100	0.5067200	0.0473090	-0.1790300	0.4764500	0.0495090	-0.2238200	0.2704900	0.0303290	-0.1859800	0.5022400	0.0467990	0.0865600	0.4734900	0.0436290	0.1245800	0.2883200	0.0292690	0.0589300	0.5027779	1.0416138	0.1296619	0.4911697	1.0371623	-0.2289423	0.2780899	1.0608427	0.0239636	0.2744766	1.0584844	-0.1162400	0.3586885	0.5153343	0.1478095	0.3779063	0.5166770	0.0140671	0.3035600	0.0879704	0.1212320	0.3440312	0.0895693	0.0297781	0.4671927	0.0607278	0.0992084	0.4071286	0.0478182	0.1532919	0.2445985	0.0526916	0.0524309	0.3436412	0.5125473	-0.2456130	0.3674467	0.5132312	-0.1074424	0.2958519	0.0905792	-0.2375285	0.3346853	0.0924686	-0.1430182	0.4684535	0.0645831	-0.1948644	0.2307551	0.0530216	-0.1786086	0.4152467	0.0443156	-0.2558605	0.4140989	1.5593395	0.1293688	0.4067575	1.5588881	-0.2292333	0.3085732	1.5749497	-0.0419910	0.4719836	0.7779985	0.1665547	0.4210508	0.6743886	0.1845018	0.3448036	0.7965251	0.1842489	0.4604671	0.7752376	-0.2675137	0.4081021	0.6728620	-0.2851957	0.3303540	0.7937369	-0.2867287	0.3378175	0.3910857	0.1523868	0.3547186	0.2597985	0.1630551	0.2807141	0.2759150	0.1491914	0.3303939	0.3880849	-0.2522027	0.3491846	0.2575969	-0.2704197	0.2706750	0.2771600	-0.2578136	0.3937759	0.9406207	0.0573917	0.3866843	0.9379467	-0.1592906	0.3759630	1.2018123	0.2420710	0.3721517	1.1826414	0.1455678	0.5605076	1.0054061	0.1972810	0.5086270	0.9663642	0.2129546	0.3769497	1.1959994	-0.3460199	0.3676025	1.1823879	-0.2592756	0.5379690	0.9853707	-0.2966543	0.4774171	0.9521824	-0.3184773
55	0.9000000	0.4079000	1.5038590	-0.0478900	0.4214000	1.4963890	0.1268600	0.4160400	1.2345490	0.2112700	0.6307300	1.0626690	0.2017900	0.4131300	1.4974690	-0.2315900	0.3970300	1.2423190	-0.3062900	0.5932100	1.0236890	-0.3030000	0.4168500	0.9619390	-0.0491400	0.4246600	0.9575790	0.0751000	0.3651600	0.5130590	0.0782300	0.3284200	0.0702090	0.0723000	0.4130900	0.9643490	-0.1732500	0.3507500	0.5089890	-0.1878800	0.3231900	0.0736490	-0.1851900	0.5070300	0.0472890	-0.1787600	0.4768900	0.0496090	-0.2234900	0.2708500	0.0303290	-0.1863300	0.5024500	0.0466390	0.0867300	0.4737500	0.0435190	0.1247000	0.2924900	0.0305490	0.0609500	0.4903953	1.0363184	0.1312605	0.4794968	1.0321644	-0.2271116	0.2659665	1.0560635	0.0250708	0.2626459	1.0538307	-0.1150448	0.3479946	0.5093834	0.1487736	0.3672777	0.5109569	0.0146594	0.2950462	0.0821729	0.1218659	0.3356062	0.0840033	0.0301739	0.4588212	0.0560600	0.0997942	0.3988329	0.0425748	0.1541868	0.2365247	0.0464512	0.0527074	0.3331733	0.5069602	-0.2440236	0.3565637	0.5075972	-0.1055318	0.2869128	0.0848938	-0.2360741	0.3254207	0.0868595	-0.1412539	0.4590718	0.0595733	-0.1932132	0.2219470	0.0470755	-0.1772264	0.4061767	0.0393286	-0.2543914	0.4047134	1.5535571	0.1304153	0.3970776	1.5533680	-0.2279562	0.2990730	1.5701763	-0.0410303	0.4605361	0.7728143	0.1681833	0.4099013	0.6688479	0.1859348	0.3327476	0.7908717	0.1855836	0.4495420	0.7704253	-0.2657840	0.3974482	0.6677609	-0.2835892	0.3190422	0.7884864	-0.2855539	0.3275588	0.3852280	0.1532613	0.3450798	0.2540402	0.1640175	0.2712218	0.2698711	0.1499347	0.3203294	0.3825137	-0.2505764	0.3395893	0.2521879	-0.2687416	0.2610587	0.2713968	-0.2564775	0.3812530	0.9354715	0.0586542	0.3745955	0.9329786	-0.1578969	0.3802400	1.1977575	0.2448316	0.3739234	1.1780763	0.1493060	0.5832125	1.0272804	0.1945160	0.5373771	0.9829866	0.2084906	0.3815606	1.1936541	-0.3519742	0.3701229	1.1787823	-0.2642579	0.5616107	1.0043178	-0.2911472	0.5047627	0.9643139	-0.3155026
56	0.9166667	0.4074600	1.5059990	-0.0483400	0.4197500	1.5005690	0.1225900	0.4194600	1.2391990	0.2098800	0.6546800	1.0930090	0.1904900	0.4130600	1.4983290	-0.2313100	0.4179200	1.2408390	-0.3073700	0.6206300	1.0417690	-0.2986100	0.4246400	0.9631790	-0.0526600	0.4331900	0.9673690	0.0714600	0.3659800	0.5151890	0.0780400	0.3242300	0.0689490	0.0702800	0.4254900	0.9634390	-0.1786400	0.3507900	0.5090590	-0.1878100	0.3240700	0.0760590	-0.1858200	0.5068900	0.0473290	-0.1789700	0.4765100	0.0494890	-0.2237900	0.2703500	0.0301390	-0.1860100	0.5023200	0.0468090	0.0865700	0.4735600	0.0435890	0.1246100	0.2930600	0.0307790	0.0609200	0.4983583	1.0375952	0.1281253	0.4874733	1.0335342	-0.2310578	0.2734997	1.0572901	0.0217393	0.2701952	1.0550930	-0.1186686	0.3565893	0.5103199	0.1451504	0.3759263	0.5120364	0.0111438	0.3049267	0.0829519	0.1179916	0.3454414	0.0849543	0.0263114	0.4688253	0.0568616	0.0959003	0.4089041	0.0434723	0.1502464	0.2465800	0.0471895	0.0488685	0.3419413	0.5079799	-0.2473654	0.3651357	0.5088601	-0.1088144	0.2965837	0.0859524	-0.2396228	0.3350142	0.0880811	-0.1447345	0.4689944	0.0604421	-0.1964235	0.2316490	0.0482299	-0.1809435	0.4160235	0.0401937	-0.2576178	0.4140768	1.5542712	0.1269751	0.4066726	1.5541978	-0.2318197	0.3083569	1.5713282	-0.0447407	0.4686784	0.7740799	0.1647245	0.4181993	0.6699490	0.1824174	0.3406962	0.7917768	0.1821849	0.4578676	0.7715706	-0.2694808	0.4059466	0.6688084	-0.2871653	0.3272082	0.7894618	-0.2891838	0.3364487	0.3861639	0.1495475	0.3542710	0.2550263	0.1601653	0.2806069	0.2706106	0.1461947	0.3292910	0.3836153	-0.2539729	0.3488546	0.2533349	-0.2721953	0.2703072	0.2723221	-0.2599483	0.3889467	0.9366474	0.0553919	0.3822921	0.9342104	-0.1616463	0.4034345	1.2002143	0.2415551	0.3958312	1.1795328	0.1495701	0.6232165	1.0638990	0.1858724	0.5855940	1.0141121	0.1979555	0.4073109	1.1988347	-0.3614466	0.3940909	1.1819280	-0.2735773	0.6063915	1.0340478	-0.2870083	0.5556910	0.9871919	-0.3134940
57	0.9333333	0.4117900	1.5060490	-0.0503200	0.4246000	1.5004890	0.1244600	0.4318100	1.2419390	0.2096600	0.6840800	1.1193490	0.1895700	0.4169700	1.4993290	-0.2337200	0.4312700	1.2469690	-0.3049800	0.6432300	1.0646490	-0.2968300	0.4296400	0.9560390	-0.0552200	0.4369000	0.9567090	0.0692200	0.3665700	0.5136090	0.0778500	0.3239300	0.0687990	0.0704000	0.4308000	0.9586590	-0.1788200	0.3501400	0.5084490	-0.1876400	0.3190800	0.0722990	-0.1871200	0.5069200	0.0472990	-0.1787800	0.4769000	0.0496290	-0.2234600	0.2666700	0.0286490	-0.1884900	0.5024600	0.0466890	0.0867200	0.4737500	0.0435490	0.1246700	0.2923500	0.0304290	0.0609100	0.5032038	1.0304090	0.1259676	0.4928337	1.0264437	-0.2340016	0.2783246	1.0505346	0.0192412	0.2752178	1.0483814	-0.1214757	0.3620961	0.5030276	0.1433441	0.3817187	0.5048545	0.0093735	0.3103053	0.0759667	0.1158326	0.3510001	0.0780745	0.0242416	0.4744678	0.0500513	0.0939883	0.4143498	0.0367038	0.1481934	0.2519701	0.0402525	0.0466082	0.3472979	0.5005972	-0.2498202	0.3704446	0.5015554	-0.1110057	0.3018872	0.0788101	-0.2417158	0.3402541	0.0809662	-0.1466028	0.4745270	0.0538362	-0.1982844	0.2367486	0.0408485	-0.1830090	0.4215320	0.0335313	-0.2595832	0.4207303	1.5472731	0.1246814	0.4131027	1.5474198	-0.2342381	0.3150017	1.5646929	-0.0469311	0.4736786	0.7670547	0.1627005	0.4233259	0.6627933	0.1804732	0.3454881	0.7844544	0.1799845	0.4632855	0.7643169	-0.2720825	0.4113234	0.6614840	-0.2897621	0.3323964	0.7822114	-0.2920937	0.3419249	0.3788495	0.1476359	0.3596797	0.2477477	0.1581410	0.2859973	0.2635022	0.1441574	0.3346661	0.3762888	-0.2563323	0.3542649	0.2460466	-0.2743854	0.2756053	0.2650520	-0.2623135	0.3937404	0.9295043	0.0530641	0.3874005	0.9271205	-0.1644535	0.4256685	1.1958271	0.2403132	0.4174895	1.1737210	0.1530881	0.6583158	1.1023599	0.1793946	0.6309229	1.0474343	0.1902773	0.4292738	1.1990792	-0.3678533	0.4156289	1.1791135	-0.2808046	0.6462715	1.0629499	-0.2812240	0.6049193	1.0095500	-0.3090222
58	0.9500000	0.4116100	1.5061290	-0.0503700	0.4291800	1.4998790	0.1266200	0.4417700	1.2558190	0.2036500	0.7100000	1.1541490	0.1808800	0.4179600	1.5000390	-0.2337400	0.4355200	1.2510090	-0.3064700	0.6693100	1.0873090	-0.2897800	0.4289000	0.9575590	-0.0554400	0.4381900	0.9617590	0.0683400	0.3668800	0.5172190	0.0755500	0.3204900	0.0676390	0.0722200	0.4298400	0.9618390	-0.1789100	0.3590600	0.5146890	-0.1872900	0.3195200	0.0727090	-0.1871600	0.5069800	0.0473190	-0.1790400	0.4764500	0.0495090	-0.2238100	0.2659300	0.0262390	-0.1875700	0.5064100	0.0482390	0.0882900	0.4772800	0.0449290	0.1228000	0.2883000	0.0291490	0.0589000	0.5024473	1.0319422	0.1259281	0.4923909	1.0277625	-0.2343485	0.2776429	1.0524437	0.0189281	0.2746689	1.0502080	-0.1219045	0.3617877	0.5049358	0.1434589	0.3816777	0.5066907	0.0096162	0.3092358	0.0778611	0.1161136	0.3500408	0.0799420	0.0246358	0.4741272	0.0521752	0.0944616	0.4136365	0.0387782	0.1485692	0.2507452	0.0419977	0.0468814	0.3474950	0.5020629	-0.2497998	0.3703455	0.5031461	-0.1110071	0.3013356	0.0804844	-0.2415288	0.3394127	0.0827013	-0.1463491	0.4742134	0.0558202	-0.1980206	0.2358864	0.0424235	-0.1829782	0.4212921	0.0355733	-0.2593353	0.4217123	1.5490861	0.1247711	0.4135189	1.5495838	-0.2345093	0.3155931	1.5668824	-0.0468620	0.4728104	0.7690444	0.1627628	0.4226199	0.6647510	0.1805397	0.3446270	0.7861943	0.1797966	0.4629596	0.7660074	-0.2721935	0.4112510	0.6630486	-0.2898148	0.3322541	0.7835585	-0.2923130	0.3414485	0.3806784	0.1477908	0.3589047	0.2495499	0.1583661	0.2853081	0.2654393	0.1443409	0.3347312	0.3776972	-0.2562209	0.3540835	0.2474959	-0.2741129	0.2754849	0.2666082	-0.2622848	0.3928511	0.9311595	0.0529229	0.3867012	0.9286423	-0.1647842	0.4451215	1.2009660	0.2404473	0.4362691	1.1784160	0.1575985	0.6844305	1.1546846	0.1718632	0.6686300	1.0963623	0.1827337	0.4469470	1.2086521	-0.3689620	0.4330496	1.1858740	-0.2841900	0.6787738	1.1040755	-0.2721791	0.6498652	1.0451040	-0.3004200
59	0.9666667	0.4120100	1.5095090	-0.0500500	0.4322100	1.5041390	0.1266400	0.4505200	1.2575990	0.2030600	0.7211300	1.1701590	0.1702400	0.4176600	1.5006690	-0.2336200	0.4432400	1.2493590	-0.3063000	0.6792500	1.1118190	-0.2877400	0.4299400	0.9653490	-0.0559200	0.4422500	0.9647790	0.0657200	0.3667900	0.5166290	0.0746200	0.3239400	0.0687090	0.0704600	0.4264800	0.9679390	-0.1813400	0.3585800	0.5106890	-0.1904500	0.3232300	0.0736490	-0.1851700	0.5070900	0.0472890	-0.1787700	0.4731000	0.0482590	-0.2253500	0.2703500	0.0277490	-0.1858300	0.5065500	0.0480790	0.0884000	0.4774400	0.0448390	0.1228200	0.2883300	0.0274890	0.0588500	0.5038398	1.0396420	0.1254905	0.4933186	1.0354470	-0.2350782	0.2787577	1.0605130	0.0187988	0.2756145	1.0582746	-0.1221401	0.3628412	0.5127692	0.1432413	0.3828304	0.5144688	0.0095399	0.3096225	0.0852249	0.1162933	0.3504638	0.0872723	0.0248839	0.4751546	0.0593950	0.0946599	0.4143828	0.0462153	0.1487533	0.2509013	0.0493825	0.0471731	0.3491875	0.5096630	-0.2499612	0.3717488	0.5108206	-0.1114501	0.3020987	0.0879693	-0.2414135	0.3399256	0.0902020	-0.1463895	0.4750107	0.0630002	-0.1981006	0.2364058	0.0501104	-0.1829523	0.4221341	0.0429891	-0.2591996	0.4243568	1.5570151	0.1249959	0.4152508	1.5576851	-0.2347494	0.3176226	1.5751571	-0.0465175	0.4738651	0.7769040	0.1623617	0.4236456	0.6726094	0.1801925	0.3456846	0.7940633	0.1794308	0.4641298	0.7738509	-0.2726320	0.4126730	0.6707780	-0.2900884	0.3336232	0.7912513	-0.2924540	0.3423236	0.3883859	0.1477028	0.3595615	0.2571330	0.1583781	0.2860253	0.2730484	0.1443456	0.3362312	0.3852026	-0.2562409	0.3552867	0.2549165	-0.2739929	0.2767766	0.2741613	-0.2622692	0.3939790	0.9390131	0.0525957	0.3875430	0.9364899	-0.1652875	0.4620680	1.2108811	0.2401983	0.4523917	1.1891874	0.1586495	0.7035310	1.2030102	0.1608791	0.6981498	1.1427857	0.1732759	0.4617269	1.2214244	-0.3670970	0.4475284	1.1964239	-0.2847597	0.7022965	1.1461483	-0.2652741	0.6859124	1.0833031	-0.2926924
60	0.9833333	0.4161800	1.5095090	-0.0503800	0.4322500	1.5060690	0.1241400	0.4607300	1.2655290	0.2094800	0.7317100	1.2003290	0.1597600	0.4220700	1.5012690	-0.2310500	0.4390600	1.2546190	-0.3063700	0.7015500	1.1350190	-0.2747400	0.4290900	0.9692390	-0.0550200	0.4374300	0.9690290	0.0677100	0.3648900	0.5181690	0.0758000	0.3204500	0.0675690	0.0722500	0.4214800	0.9702990	-0.1785100	0.3605300	0.5148990	-0.1888900	0.3198000	0.0747490	-0.1865000	0.5070200	0.0473490	-0.1789200	0.4763000	0.0492890	-0.2213200	0.2694600	0.0314790	-0.1861600	0.5064200	0.0482290	0.0883100	0.4776100	0.0450190	0.1250800	0.2849500	0.0263390	0.0609700	0.5032995	1.0435092	0.1264452	0.4924114	1.0391970	-0.2343771	0.2780111	1.0647628	0.0199670	0.2747351	1.0624749	-0.1210642	0.3618429	0.5164015	0.1443182	0.3818592	0.5179792	0.0105643	0.3078507	0.0881020	0.1179946	0.3487300	0.0900542	0.0265385	0.4741393	0.0622549	0.0962089	0.4131550	0.0490420	0.1504395	0.2487939	0.0520512	0.0488709	0.3490653	0.5133525	-0.2489046	0.3714634	0.5144850	-0.1102263	0.3008054	0.0911532	-0.2401196	0.3385217	0.0933292	-0.1449199	0.4736660	0.0656845	-0.1967949	0.2349301	0.0534519	-0.1816192	0.4208451	0.0459137	-0.2579678	0.4254604	1.5610950	0.1263067	0.4155541	1.5619022	-0.2336031	0.3182763	1.5796795	-0.0449553	0.4731065	0.7806293	0.1633918	0.4227835	0.6763210	0.1812559	0.3447775	0.7980466	0.1805307	0.4636370	0.7778412	-0.2718784	0.4123448	0.6746512	-0.2892404	0.3329955	0.7950734	-0.2916051	0.3411146	0.3918119	0.1490012	0.3581655	0.2603347	0.1599158	0.2845680	0.2763136	0.1457562	0.3358084	0.3886545	-0.2551204	0.3545324	0.2581242	-0.2728064	0.2760015	0.2776483	-0.2611326	0.3931847	0.9429945	0.0536173	0.3865254	0.9404020	-0.1644200	0.4747361	1.2196549	0.2433696	0.4635710	1.1981592	0.1600203	0.7152413	1.2408251	0.1492532	0.7194946	1.1799065	0.1642160	0.4719899	1.2279365	-0.3615468	0.4567492	1.2025242	-0.2805841	0.7171259	1.1804171	-0.2562244	0.7117847	1.1150683	-0.2821815
61	1.0000000	0.4167500	1.5094690	-0.0478800	0.4402200	1.5099590	0.1260800	0.4786800	1.2702490	0.2128300	0.7291200	1.2249390	0.1540100	0.4221100	1.5025390	-0.2308000	0.4395500	1.2567790	-0.3064800	0.7068100	1.1587190	-0.2701900	0.4206500	0.9664190	-0.0571300	0.4370000	0.9678390	0.0657700	0.3653000	0.5168790	0.0753700	0.3202200	0.0674190	0.0723900	0.4174800	0.9681090	-0.1764000	0.3697600	0.5131690	-0.1891500	0.3272100	0.0751990	-0.1869700	0.5113600	0.0487090	-0.1779400	0.4729800	0.0481290	-0.2228400	0.2696500	0.0291090	-0.1858900	0.5024600	0.0466690	0.0867500	0.4774500	0.0448390	0.1228200	0.2930300	0.0290990	0.0609200	0.4953396	1.0403426	0.1240135	0.4839044	1.0362397	-0.2362885	0.2701139	1.0627190	0.0180125	0.2666452	1.0605297	-0.1228299	0.3542623	0.5134588	0.1423913	0.3740991	0.5149871	0.0084350	0.3007354	0.0846045	0.1169092	0.3415189	0.0865257	0.0253211	0.4672530	0.0591611	0.0948423	0.4063088	0.0459104	0.1493811	0.2416944	0.0483063	0.0478407	0.3432014	0.5105097	-0.2507339	0.3653592	0.5116172	-0.1118404	0.2945005	0.0877292	-0.2411919	0.3319568	0.0899025	-0.1457455	0.4668466	0.0623386	-0.1980143	0.2285790	0.0500736	-0.1824967	0.4141961	0.0428855	-0.2592095	0.4207417	1.5580704	0.1247337	0.4092699	1.5594429	-0.2349711	0.3127413	1.5777584	-0.0460541	0.4653838	0.7778791	0.1613179	0.4151557	0.6735117	0.1792665	0.3367815	0.7952654	0.1785317	0.4562013	0.7757941	-0.2737806	0.4055802	0.6722862	-0.2911542	0.3254495	0.7922535	-0.2936520	0.3336212	0.3887461	0.1473352	0.3508516	0.2571162	0.1585822	0.2772963	0.2730684	0.1443700	0.3299546	0.3855092	-0.2566523	0.3485234	0.2548373	-0.2740373	0.2699598	0.2744661	-0.2626468	0.3848417	0.9402667	0.0513971	0.3778529	0.9378019	-0.1663331	0.4820816	1.2251813	0.2458764	0.4687706	1.2019758	0.1590551	0.7184053	1.2648287	0.1351705	0.7312595	1.2040654	0.1534367	0.4725298	1.2273887	-0.3570529	0.4563461	1.2023690	-0.2770478	0.7181387	1.2040052	-0.2514565	0.7207133	1.1375319	-0.2761026
62	1.0166667	0.4246800	1.5127390	-0.0480100	0.4432500	1.5160590	0.1245700	0.4832100	1.2765890	0.2152500	0.7322600	1.2375990	0.1537700	0.4265500	1.5034090	-0.2323000	0.4433500	1.2640490	-0.3083400	0.7210700	1.1702090	-0.2753900	0.4160500	0.9695490	-0.0549800	0.4289800	0.9688790	0.0683000	0.3653300	0.5173790	0.0757200	0.3202100	0.0656290	0.0728000	0.4081900	0.9684590	-0.1766400	0.3736500	0.5199990	-0.1860600	0.3237100	0.0741790	-0.1852500	0.5112400	0.0487390	-0.1782300	0.4763000	0.0493190	-0.2213200	0.2694100	0.0291090	-0.1853800	0.5022500	0.0467890	0.0866400	0.4736000	0.0436590	0.1246300	0.2891000	0.0292490	0.0632100	0.4916194	1.0431391	0.1258179	0.4791429	1.0391631	-0.2341327	0.2661423	1.0667438	0.0204845	0.2622871	1.0646245	-0.1202112	0.3512364	0.5164589	0.1441581	0.3706883	0.5179244	0.0101973	0.2985282	0.0866439	0.1194879	0.3389932	0.0885660	0.0278209	0.4652555	0.0615617	0.0969540	0.4044627	0.0481901	0.1517695	0.2394587	0.0500100	0.0506033	0.3419890	0.5137908	-0.2480282	0.3638855	0.5149676	-0.1090485	0.2927884	0.0902529	-0.2383086	0.3300000	0.0924823	-0.1427568	0.4647835	0.0644488	-0.1950777	0.2268509	0.0528415	-0.1797544	0.4122186	0.0452788	-0.2562888	0.4207562	1.5611920	0.1268988	0.4081861	1.5626024	-0.2327859	0.3120231	1.5819422	-0.0436685	0.4618895	0.7812571	0.1630946	0.4119247	0.6767509	0.1810646	0.3330902	0.7984196	0.1806261	0.4526904	0.7799242	-0.2715410	0.4030050	0.6760584	-0.2887424	0.3219025	0.7953364	-0.2911738	0.3307847	0.3915349	0.1493389	0.3482687	0.2596953	0.1608377	0.2748593	0.2754871	0.1466973	0.3286747	0.3884291	-0.2537435	0.3470269	0.2575601	-0.2710205	0.2685478	0.2772758	-0.2598641	0.3804197	0.9435323	0.0535447	0.3728005	0.9411475	-0.1639766	0.4891907	1.2372109	0.2525198	0.4735246	1.2111709	0.1616146	0.7237493	1.2813086	0.1271351	0.7421222	1.2203481	0.1489681	0.4740073	1.2321025	-0.3504141	0.4574362	1.2072679	-0.2703805	0.7216563	1.2208700	-0.2480674	0.7270005	1.1540948	-0.2720831
63	1.0333333	0.4297500	1.5122990	-0.0455900	0.4477400	1.5160790	0.1227400	0.4836600	1.2765990	0.2187700	0.7502800	1.2537490	0.1415600	0.4347100	1.5041690	-0.2276800	0.4490600	1.2724790	-0.3107300	0.7391800	1.1935590	-0.2666400	0.4078200	0.9688290	-0.0550400	0.4277800	0.9690090	0.0688500	0.3653500	0.5171790	0.0754000	0.3199200	0.0654790	0.0729400	0.4008100	0.9661290	-0.1770700	0.3777700	0.5208090	-0.1839100	0.3273100	0.0751990	-0.1869100	0.5070900	0.0472190	-0.1764300	0.4729400	0.0481790	-0.2228600	0.2697000	0.0291190	-0.1858600	0.5024700	0.0466590	0.0867500	0.4774300	0.0448090	0.1228200	0.2922800	0.0303590	0.0630100	0.4844394	1.0417115	0.1253635	0.4709269	1.0381682	-0.2341493	0.2587057	1.0676011	0.0207194	0.2544648	1.0656755	-0.1198112	0.3456977	0.5154218	0.1438178	0.3646468	0.5170263	0.0095925	0.2945422	0.0848995	0.1198836	0.3346990	0.0869836	0.0280157	0.4612817	0.0604825	0.0967427	0.4007477	0.0469368	0.1519798	0.2355418	0.0479536	0.0511231	0.3385090	0.5134159	-0.2476743	0.3602175	0.5144760	-0.1083722	0.2892792	0.0887641	-0.2375350	0.3262058	0.0909470	-0.1417042	0.4605269	0.0627880	-0.1943538	0.2233675	0.0513570	-0.1789538	0.4081555	0.0441400	-0.2555796	0.4191744	1.5601775	0.1268494	0.4054882	1.5621969	-0.2324331	0.3098172	1.5829111	-0.0432689	0.4554087	0.7807331	0.1626882	0.4059196	0.6760052	0.1807349	0.3261216	0.7975336	0.1806922	0.4462079	0.7807202	-0.2716105	0.3977289	0.6764023	-0.2887042	0.3150493	0.7948495	-0.2911137	0.3256117	0.3903518	0.1492419	0.3436030	0.2583655	0.1609951	0.2702608	0.2739273	0.1469072	0.3253713	0.3875935	-0.2530600	0.3436758	0.2565114	-0.2701368	0.2651046	0.2762078	-0.2593554	0.3722974	0.9429986	0.0534575	0.3640506	0.9408729	-0.1638050	0.4965169	1.2450369	0.2559278	0.4782886	1.2155651	0.1623464	0.7287753	1.2914180	0.1178115	0.7511124	1.2297817	0.1421832	0.4768725	1.2366675	-0.3468233	0.4590459	1.2106771	-0.2677897	0.7260034	1.2348440	-0.2438161	0.7334910	1.1684713	-0.2684389
64	1.0500000	0.4418200	1.5153990	-0.0470900	0.4601700	1.5237990	0.1211600	0.4837400	1.2777490	0.2213600	0.7433000	1.2704090	0.1461100	0.4429200	1.5061190	-0.2202800	0.4553300	1.2847990	-0.3090000	0.7350200	1.2036990	-0.2649800	0.4030000	0.9722590	-0.0544000	0.4146200	0.9715290	0.0673100	0.3648600	0.5190290	0.0738100	0.3207600	0.0696490	0.0730000	0.3914300	0.9685490	-0.1774000	0.3771300	0.5190590	-0.1842300	0.3279600	0.0776390	-0.1863100	0.5121700	0.0473490	-0.1781000	0.4724100	0.0480090	-0.2232600	0.2693800	0.0292090	-0.1854400	0.5022800	0.0468090	0.0865700	0.4773300	0.0449490	0.1227800	0.2935600	0.0291890	0.0629700	0.4808967	1.0443045	0.1254640	0.4661549	1.0412022	-0.2334598	0.2550298	1.0729528	0.0217360	0.2503321	1.0712272	-0.1185682	0.3441376	0.5185598	0.1437410	0.3624848	0.5202902	0.0094420	0.2951319	0.0872636	0.1205458	0.3348296	0.0895508	0.0285821	0.4618446	0.0634763	0.0966961	0.4016733	0.0497361	0.1523036	0.2362464	0.0500205	0.0520765	0.3391834	0.5171464	-0.2465817	0.3608253	0.5181498	-0.1071789	0.2900312	0.0916451	-0.2361217	0.3267628	0.0938210	-0.1401769	0.4605339	0.0652893	-0.1930370	0.2243439	0.0543903	-0.1776277	0.4082279	0.0471826	-0.2541839	0.4228043	1.5631810	0.1272652	0.4080327	1.5657123	-0.2311573	0.3128947	1.5881760	-0.0421703	0.4525388	0.7845462	0.1627568	0.4036800	0.6795352	0.1807695	0.3228625	0.8008188	0.1811806	0.4432622	0.7859355	-0.2709446	0.3961920	0.6810249	-0.2878809	0.3117145	0.7984532	-0.2900954	0.3246109	0.3933589	0.1493705	0.3432462	0.2612979	0.1613179	0.2700713	0.2764450	0.1474081	0.3261992	0.3909163	-0.2516622	0.3444031	0.2597349	-0.2685722	0.2659013	0.2793261	-0.2580915	0.3676032	0.9466900	0.0540641	0.3586091	0.9448283	-0.1628477	0.4994465	1.2537043	0.2606797	0.4801680	1.2215023	0.1658147	0.7301020	1.3022574	0.1161348	0.7547044	1.2392817	0.1421729	0.4790052	1.2463197	-0.3441362	0.4597672	1.2176938	-0.2671277	0.7294688	1.2444820	-0.2397956	0.7370774	1.1791706	-0.2660278
65	1.0666667	0.4549000	1.5151190	-0.0493000	0.4660100	1.5238890	0.1232400	0.4911800	1.2729290	0.2182000	0.7495000	1.2736890	0.1417400	0.4466800	1.5088490	-0.2206900	0.4679100	1.2780790	-0.3272300	0.7453200	1.2098390	-0.2620400	0.3995400	0.9716390	-0.0524300	0.4193500	0.9718790	0.0693000	0.3661000	0.5195290	0.0749500	0.3249700	0.0709890	0.0749700	0.3874000	0.9709990	-0.1799300	0.3818200	0.5203890	-0.1886200	0.3280200	0.0792490	-0.1868200	0.5116200	0.0486990	-0.1779100	0.4770900	0.0496290	-0.2243300	0.2701600	0.0319390	-0.1866000	0.5061100	0.0479690	0.0848000	0.4775200	0.0448190	0.1228000	0.2929400	0.0289990	0.0630000	0.4790472	1.0428285	0.1268461	0.4625723	1.0401621	-0.2316953	0.2528397	1.0746580	0.0243731	0.2474789	1.0731335	-0.1157803	0.3445103	0.5175440	0.1448958	0.3622014	0.5194953	0.0104397	0.2975115	0.0856275	0.1221449	0.3367601	0.0881885	0.0300005	0.4642649	0.0625959	0.0973702	0.4044020	0.0485713	0.1534487	0.2386630	0.0481248	0.0539152	0.3417988	0.5167980	-0.2444456	0.3635806	0.5176029	-0.1051141	0.2923413	0.0907651	-0.2339469	0.3289336	0.0928350	-0.1380440	0.4620239	0.0640248	-0.1911503	0.2268835	0.0536701	-0.1756450	0.4097468	0.0465304	-0.2520965	0.4294061	1.5623148	0.1285196	0.4132821	1.5653142	-0.2286843	0.3190035	1.5898141	-0.0398820	0.4514381	0.7843437	0.1642164	0.4032836	0.6789751	0.1821551	0.3212415	0.7999642	0.1831383	0.4415929	0.7873418	-0.2691735	0.3961526	0.6817578	-0.2859368	0.3096821	0.7980819	-0.2876541	0.3255026	0.3922283	0.1506669	0.3447812	0.2601001	0.1627267	0.2716745	0.2748771	0.1489996	0.3288710	0.3902223	-0.2492257	0.3467664	0.2590551	-0.2660494	0.2684888	0.2785655	-0.2558715	0.3643843	0.9463646	0.0561445	0.3543415	0.9447627	-0.1605403	0.5035310	1.2545487	0.2641134	0.4827193	1.2208893	0.1686586	0.7335701	1.3049744	0.1152402	0.7592483	1.2399679	0.1417842	0.4844486	1.2507315	-0.3481406	0.4632816	1.2175652	-0.2728420	0.7357454	1.2483983	-0.2362169	0.7438970	1.1836966	-0.2648133
66	1.0833333	0.4637200	1.5148890	-0.0476400	0.4752900	1.5212290	0.1269100	0.4880300	1.2737390	0.2232800	0.7476700	1.2723390	0.1406100	0.4513000	1.5138890	-0.2200600	0.4676200	1.2742890	-0.3269400	0.7415100	1.2169990	-0.2633500	0.3944800	0.9711590	-0.0543300	0.4058500	0.9704890	0.0650600	0.3656700	0.5211590	0.0735200	0.3289700	0.0724290	0.0729000	0.3867800	0.9721190	-0.1794900	0.3853700	0.5171190	-0.1912900	0.3284200	0.0797190	-0.1869300	0.5116700	0.0487890	-0.1780500	0.4767100	0.0493990	-0.2246500	0.2697700	0.0319990	-0.1862200	0.5058900	0.0480890	0.0846200	0.4773200	0.0449390	0.1227500	0.2935200	0.0327390	0.0618700	0.4752207	1.0413757	0.1244436	0.4577683	1.0390836	-0.2335942	0.2493235	1.0768132	0.0228312	0.2435980	1.0754578	-0.1171325	0.3436260	0.5169894	0.1421687	0.3611411	0.5191732	0.0078737	0.2986425	0.0845910	0.1198646	0.3377267	0.0874658	0.0278682	0.4652869	0.0620374	0.0947632	0.4055771	0.0479273	0.1509303	0.2400884	0.0469889	0.0518727	0.3436773	0.5168203	-0.2466226	0.3657361	0.5175198	-0.1074883	0.2937347	0.0903303	-0.2354459	0.3302383	0.0923521	-0.1396126	0.4626075	0.0633416	-0.1929651	0.2285196	0.0532869	-0.1772420	0.4102448	0.0464823	-0.2536361	0.4357608	1.5611608	0.1264845	0.4183447	1.5653400	-0.2296669	0.3249886	1.5917667	-0.0409866	0.4483041	0.7846449	0.1618988	0.4010632	0.6789014	0.1796381	0.3176879	0.7993625	0.1808168	0.4386201	0.7892293	-0.2713263	0.3949972	0.6828967	-0.2880476	0.3064504	0.7978295	-0.2892046	0.3252082	0.3915323	0.1480716	0.3450078	0.2594195	0.1602503	0.2720155	0.2737984	0.1465746	0.3308393	0.3898437	-0.2510194	0.3483411	0.2587293	-0.2675362	0.2702399	0.2781314	-0.2576155	0.3593626	0.9462918	0.0542379	0.3487227	0.9449010	-0.1621467	0.5022294	1.2538847	0.2655847	0.4802137	1.2191778	0.1707920	0.7330495	1.3040360	0.1143261	0.7585395	1.2369765	0.1413309	0.4847198	1.2531582	-0.3552029	0.4619493	1.2156249	-0.2807928	0.7370836	1.2501802	-0.2367845	0.7455408	1.1857328	-0.2671623
67	1.1000000	0.4686200	1.5116190	-0.0520000	0.4843000	1.5157590	0.1266100	0.4923100	1.2657890	0.2234000	0.7484600	1.2699090	0.1403600	0.4554500	1.5109790	-0.2243000	0.4723600	1.2762290	-0.3286000	0.7419600	1.2202890	-0.2645000	0.3868600	0.9708490	-0.0549500	0.3969600	0.9679790	0.0675800	0.3662600	0.5196690	0.0751800	0.3243400	0.0709190	0.0711800	0.3789900	0.9706490	-0.1805500	0.3863100	0.5189690	-0.1909200	0.3284500	0.0793290	-0.1881100	0.5111600	0.0485890	-0.1780100	0.4770100	0.0495690	-0.2243400	0.2743800	0.0334590	-0.1843000	0.5060200	0.0479190	0.0847000	0.4773900	0.0447390	0.1227600	0.2928700	0.0326690	0.0618200	0.4689537	1.0401553	0.1233316	0.4504463	1.0381308	-0.2342761	0.2434547	1.0793481	0.0227709	0.2373367	1.0781141	-0.1170188	0.3407701	0.5167758	0.1406125	0.3583482	0.5191728	0.0066885	0.2975228	0.0838505	0.1187829	0.3365924	0.0870421	0.0270556	0.4643534	0.0617333	0.0935423	0.4046220	0.0475292	0.1497395	0.2392782	0.0462221	0.0510145	0.3437525	0.5169553	-0.2474177	0.3660658	0.5176251	-0.1086203	0.2934103	0.0905281	-0.2355048	0.3297944	0.0925595	-0.1398073	0.4614330	0.0632914	-0.1933891	0.2284818	0.0537435	-0.1774751	0.4090459	0.0471566	-0.2537104	0.4409369	1.5597861	0.1254826	0.4220098	1.5649965	-0.2295818	0.3298371	1.5937443	-0.0409086	0.4426049	0.7855020	0.1610485	0.3964737	0.6792835	0.1784477	0.3116268	0.7989602	0.1795760	0.4333474	0.7915814	-0.2721840	0.3917379	0.6843472	-0.2887941	0.3009000	0.7975874	-0.2893086	0.3228626	0.3911322	0.1466419	0.3430598	0.2590172	0.1589968	0.2702131	0.2730241	0.1452575	0.3310249	0.3896914	-0.2513855	0.3481318	0.2588041	-0.2675470	0.2702775	0.2780575	-0.2579418	0.3517771	0.9464260	0.0536571	0.3404961	0.9451834	-0.1624710	0.5001529	1.2512145	0.2676757	0.4770881	1.2162223	0.1737441	0.7317470	1.3021241	0.1150299	0.7568007	1.2332500	0.1415687	0.4840878	1.2554260	-0.3613840	0.4601210	1.2143458	-0.2872149	0.7375873	1.2515222	-0.2373028	0.7463314	1.1871241	-0.2691275
68	1.1166667	0.4770400	1.5114890	-0.0521700	0.4923700	1.5135690	0.1239100	0.4845200	1.2641490	0.2285500	0.7414400	1.2618190	0.1327500	0.4683000	1.5072290	-0.2260400	0.4769400	1.2731990	-0.3303300	0.7424600	1.2151190	-0.2681200	0.3773800	0.9681190	-0.0573100	0.3841100	0.9706690	0.0671100	0.3658000	0.5213390	0.0736400	0.3290300	0.0724790	0.0728000	0.3786500	0.9716990	-0.1799600	0.3912800	0.5203890	-0.1882000	0.3324500	0.0791890	-0.1894500	0.5112400	0.0487190	-0.1781300	0.4765800	0.0493890	-0.2246800	0.2793300	0.0337890	-0.1860200	0.5058000	0.0480890	0.0846000	0.4772200	0.0449190	0.1227200	0.2935600	0.0329290	0.0619100	0.4603870	1.0363178	0.1209689	0.4420472	1.0346212	-0.2365894	0.2358870	1.0800213	0.0206178	0.2298431	1.0789375	-0.1191494	0.3370984	0.5143401	0.1376085	0.3550878	0.5169373	0.0041770	0.2957763	0.0811721	0.1166157	0.3350032	0.0846979	0.0253398	0.4625722	0.0595101	0.0916610	0.4027818	0.0453062	0.1476843	0.2380300	0.0434943	0.0490401	0.3435647	0.5152688	-0.2501694	0.3660109	0.5159891	-0.1112999	0.2930426	0.0885980	-0.2370138	0.3292530	0.0906935	-0.1411149	0.4600070	0.0613501	-0.1950793	0.2283142	0.0518973	-0.1789703	0.4076848	0.0460341	-0.2551595	0.4458709	1.5555039	0.1232251	0.4262195	1.5621089	-0.2313719	0.3348742	1.5934657	-0.0426324	0.4348825	0.7843687	0.1586503	0.3902795	0.6775860	0.1757109	0.3035296	0.7962105	0.1765193	0.4271946	0.7920407	-0.2749562	0.3878450	0.6839114	-0.2915554	0.2942975	0.7950770	-0.2917655	0.3198148	0.3885477	0.1438166	0.3403554	0.2565431	0.1564795	0.2677106	0.2701173	0.1425865	0.3311199	0.3876062	-0.2536406	0.3480214	0.2568608	-0.2692781	0.2700682	0.2759427	-0.2600614	0.3419071	0.9442338	0.0512911	0.3307224	0.9431695	-0.1648095	0.4944647	1.2467617	0.2692585	0.4695558	1.2118102	0.1766120	0.7274957	1.2949478	0.1136156	0.7513206	1.2243332	0.1399529	0.4839206	1.2543877	-0.3679466	0.4588873	1.2108837	-0.2936616	0.7393681	1.2473417	-0.2399156	0.7476124	1.1827799	-0.2725309
69	1.1333333	0.4774700	1.5075990	-0.0521900	0.4970300	1.5033190	0.1232800	0.4839800	1.2632490	0.2259200	0.7449200	1.2480990	0.1331500	0.4765600	1.5040590	-0.2301200	0.4689000	1.2702690	-0.3333900	0.7268500	1.2064390	-0.2618500	0.3775500	0.9740190	-0.0572900	0.3786300	0.9742090	0.0651900	0.3668800	0.5136790	0.0729200	0.3288200	0.0723590	0.0729800	0.3707500	0.9755290	-0.1803500	0.3963000	0.5241790	-0.1921200	0.3321700	0.0786590	-0.1892800	0.5077300	0.0473490	-0.1797100	0.4731000	0.0482290	-0.2262500	0.2750800	0.0322190	-0.1861400	0.5059900	0.0479390	0.0846800	0.4773600	0.0447190	0.1227700	0.2925900	0.0306890	0.0611200	0.4615865	1.0412685	0.1208880	0.4430933	1.0396320	-0.2365409	0.2378502	1.0888332	0.0208993	0.2317602	1.0877598	-0.1187938	0.3427148	0.5206675	0.1367914	0.3610958	0.5233414	0.0043569	0.3025596	0.0866803	0.1168464	0.3417815	0.0904573	0.0262891	0.4694620	0.0649161	0.0921400	0.4096045	0.0509155	0.1477560	0.2449786	0.0491307	0.0497865	0.3525388	0.5215532	-0.2503745	0.3750373	0.5224152	-0.1121533	0.3004542	0.0954252	-0.2366435	0.3364541	0.0975792	-0.1410390	0.4665627	0.0670526	-0.1950420	0.2358448	0.0594892	-0.1789212	0.4141229	0.0528121	-0.2546471	0.4600524	1.5590454	0.1232906	0.4401261	1.5669586	-0.2310756	0.3494026	1.6008650	-0.0422583	0.4363258	0.7921293	0.1582848	0.3932884	0.6847448	0.1749981	0.3051350	0.8021928	0.1754913	0.4301912	0.8006574	-0.2752323	0.3930996	0.6915522	-0.2916419	0.2972315	0.8008862	-0.2911620	0.3259504	0.3945230	0.1432421	0.3465421	0.2624652	0.1561520	0.2741514	0.2757251	0.1421808	0.3399121	0.3936638	-0.2534949	0.3560855	0.2632136	-0.2687662	0.2784120	0.2822656	-0.2599162	0.3417980	0.9507125	0.0513047	0.3305034	0.9496620	-0.1647070	0.4947307	1.2483333	0.2710556	0.4680937	1.2140937	0.1797682	0.7306409	1.2888882	0.1139788	0.7517617	1.2161122	0.1403653	0.4837895	1.2579500	-0.3711000	0.4565191	1.2137529	-0.2957039	0.7399977	1.2440606	-0.2385559	0.7468059	1.1783966	-0.2712635
70	1.1500000	0.4862000	1.5011590	-0.0514900	0.5059100	1.4889190	0.1215000	0.4798500	1.2575990	0.2289700	0.7407100	1.2237390	0.1194400	0.4904100	1.5011690	-0.2311600	0.4647500	1.2638690	-0.3317900	0.7199100	1.1920090	-0.2548100	0.3768400	0.9700390	-0.0548600	0.3791900	0.9682390	0.0648300	0.3663300	0.5200990	0.0730800	0.3288600	0.0702690	0.0720700	0.3703500	0.9728390	-0.1801800	0.3959000	0.5300690	-0.1919300	0.3371500	0.0827790	-0.1904900	0.5077900	0.0474590	-0.1823300	0.4728500	0.0481490	-0.2291500	0.2836900	0.0353490	-0.1835500	0.5059100	0.0481390	0.0845000	0.4809300	0.0462290	0.1208300	0.2932400	0.0307190	0.0609700	0.4615283	1.0363929	0.1232143	0.4431440	1.0348400	-0.2341620	0.2391403	1.0878792	0.0237457	0.2330737	1.0868427	-0.1159174	0.3471108	0.5168978	0.1386557	0.3658221	0.5198007	0.0070044	0.3075270	0.0827547	0.1191126	0.3467807	0.0868443	0.0291293	0.4743547	0.0610761	0.0946304	0.4144738	0.0470732	0.1499925	0.2499275	0.0454605	0.0522811	0.3602825	0.5182203	-0.2488185	0.3832109	0.5189588	-0.1110274	0.3063591	0.0925371	-0.2342916	0.3424192	0.0945804	-0.1388125	0.4711323	0.0633950	-0.1933461	0.2419527	0.0571820	-0.1765136	0.4185939	0.0502474	-0.2524623	0.4737411	1.5521430	0.1252488	0.4535909	1.5615478	-0.2284525	0.3639608	1.5980478	-0.0395835	0.4369771	0.7894877	0.1607002	0.3953487	0.6816123	0.1770435	0.3057318	0.7982136	0.1770895	0.4323045	0.7995175	-0.2732939	0.3972581	0.6895440	-0.2897293	0.2989814	0.7970967	-0.2885556	0.3307441	0.3905719	0.1451625	0.3513220	0.2585428	0.1581667	0.2789223	0.2716387	0.1440992	0.3474260	0.3901071	-0.2516275	0.3628452	0.2599260	-0.2665116	0.2852416	0.2789826	-0.2579190	0.3408485	0.9472774	0.0537735	0.3296146	0.9462553	-0.1621957	0.4929392	1.2394249	0.2734329	0.4630454	1.2067050	0.1835546	0.7302764	1.2683626	0.1118544	0.7474757	1.1933656	0.1378065	0.4793695	1.2512568	-0.3716352	0.4498296	1.2081625	-0.2945870	0.7360323	1.2290794	-0.2341467	0.7406688	1.1622045	-0.2663513
71	1.1666667	0.4956100	1.4912890	-0.0531000	0.5174700	1.4837190	0.1150100	0.4771900	1.2460590	0.2310800	0.7350100	1.1997390	0.1081100	0.4964800	1.4909390	-0.2292400	0.4684500	1.2562790	-0.3314800	0.7248400	1.1684790	-0.2536300	0.3679100	0.9631390	-0.0555500	0.3746000	0.9653590	0.0687800	0.3854600	0.5327390	0.0646300	0.3291100	0.0725190	0.0706800	0.3691600	0.9694790	-0.1779600	0.3940200	0.5391090	-0.1901100	0.3371000	0.0822290	-0.1915900	0.5079700	0.0451890	-0.1792500	0.4732100	0.0466490	-0.2268600	0.2840800	0.0354490	-0.1842000	0.5061100	0.0479890	0.0846300	0.4774000	0.0447690	0.1227000	0.2977700	0.0344990	0.0639900	0.4532727	1.0282326	0.1225433	0.4352296	1.0270603	-0.2348041	0.2325867	1.0843810	0.0231921	0.2266365	1.0834920	-0.1164526	0.3455568	0.5111530	0.1370982	0.3646711	0.5140875	0.0061380	0.3051019	0.0770935	0.1183571	0.3443655	0.0813575	0.0288668	0.4717224	0.0549940	0.0941654	0.4117607	0.0414547	0.1493084	0.2473577	0.0404240	0.0517512	0.3607828	0.5132284	-0.2507152	0.3838301	0.5138859	-0.1132485	0.3047154	0.0875633	-0.2350822	0.3405336	0.0895097	-0.1396080	0.4681140	0.0578936	-0.1944884	0.2403048	0.0527323	-0.1773051	0.4156474	0.0456799	-0.2532302	0.4802908	1.5418427	0.1238020	0.4601273	1.5525621	-0.2294818	0.3715727	1.5918566	-0.0405857	0.4301413	0.7850515	0.1599426	0.3905217	0.6766244	0.1758506	0.2987668	0.7916398	0.1754815	0.4264945	0.7963869	-0.2743151	0.3938311	0.6856644	-0.2909891	0.2931641	0.7908509	-0.2894025	0.3293134	0.3845262	0.1436581	0.3494260	0.2525449	0.1568528	0.2769609	0.2657549	0.1429122	0.3477375	0.3847017	-0.2531586	0.3623069	0.2546785	-0.2674972	0.2847554	0.2737809	-0.2592731	0.3315712	0.9409601	0.0530682	0.3205393	0.9401406	-0.1628746	0.4866674	1.2282515	0.2720055	0.4530772	1.1973058	0.1841563	0.7242691	1.2429500	0.1045734	0.7365444	1.1664037	0.1300028	0.4731703	1.2417221	-0.3738854	0.4414669	1.2001534	-0.2960828	0.7301444	1.2082624	-0.2330613	0.7315305	1.1405704	-0.2647480
72	1.1833333	0.5036000	1.4792190	-0.0536400	0.5221800	1.4765790	0.1174800	0.4817600	1.2377890	0.2354400	0.7308600	1.1692790	0.1318000	0.5056100	1.4835890	-0.2269500	0.4694200	1.2459990	-0.3360700	0.7159300	1.1371790	-0.2666000	0.3632500	0.9614390	-0.0544800	0.3752100	0.9625390	0.0653700	0.3977700	0.5447290	0.0598700	0.3291900	0.0704490	0.0697800	0.3633500	0.9661990	-0.1765000	0.3987400	0.5504490	-0.1876400	0.3416700	0.0841290	-0.1896600	0.5114400	0.0466590	-0.1775500	0.4764500	0.0478090	-0.2253500	0.2876900	0.0366490	-0.1814000	0.5058700	0.0482190	0.0823000	0.4771100	0.0450190	0.1203500	0.2981700	0.0326290	0.0631800	0.4496229	1.0250159	0.1233305	0.4313915	1.0243967	-0.2335898	0.2307006	1.0860696	0.0245073	0.2246569	1.0853968	-0.1149519	0.3501115	0.5114803	0.1368641	0.3691587	0.5144423	0.0066398	0.3073235	0.0770936	0.1187186	0.3461418	0.0814802	0.0295661	0.4733386	0.0543305	0.0945960	0.4135422	0.0416330	0.1495762	0.2491115	0.0412612	0.0524293	0.3662555	0.5144649	-0.2506537	0.3891996	0.5151890	-0.1137253	0.3078859	0.0884256	-0.2339352	0.3433107	0.0904073	-0.1385951	0.4700949	0.0582425	-0.1936039	0.2433761	0.0542742	-0.1763318	0.4177286	0.0468682	-0.2519549	0.4916506	1.5360697	0.1239215	0.4721625	1.5477594	-0.2290234	0.3844225	1.5901764	-0.0401327	0.4284051	0.7865638	0.1603365	0.3912863	0.6776218	0.1758939	0.2971992	0.7904755	0.1755158	0.4250082	0.7991535	-0.2733835	0.3950296	0.6877778	-0.2902475	0.2919460	0.7900874	-0.2881473	0.3337823	0.3842693	0.1433743	0.3530348	0.2520897	0.1565157	0.2804524	0.2658304	0.1431674	0.3530268	0.3853478	-0.2526851	0.3666968	0.2553707	-0.2664219	0.2892402	0.2745255	-0.2586838	0.3267084	0.9398664	0.0540584	0.3155562	0.9393583	-0.1616121	0.4843467	1.2224640	0.2756403	0.4481913	1.1926031	0.1890022	0.7249667	1.2158330	0.1070825	0.7305091	1.1384051	0.1336540	0.4708608	1.2365958	-0.3753261	0.4376972	1.1960205	-0.2970105	0.7278820	1.1841789	-0.2357321	0.7239847	1.1164835	-0.2678186
73	1.2000000	0.5302100	1.4662590	-0.0562300	0.5382300	1.4546390	0.1180100	0.4785400	1.2298190	0.2252000	0.7108700	1.1371090	0.1428100	0.5209800	1.4687390	-0.2231200	0.4714100	1.2410590	-0.3399300	0.6872200	1.1018890	-0.2822400	0.3636900	0.9591390	-0.0548900	0.3760400	0.9590890	0.0652200	0.3991400	0.5391790	0.0586600	0.3329400	0.0737690	0.0687100	0.3550600	0.9618390	-0.1775100	0.4033100	0.5543990	-0.1857600	0.3417200	0.0840690	-0.1919600	0.5111500	0.0485190	-0.1805900	0.4769700	0.0482590	-0.2276500	0.2916400	0.0393990	-0.1798600	0.5062000	0.0479490	0.0845900	0.4810700	0.0460090	0.1208400	0.2978300	0.0346390	0.0641500	0.4517210	1.0207009	0.1226887	0.4321848	1.0209531	-0.2341824	0.2342219	1.0874785	0.0249824	0.2276190	1.0871587	-0.1144316	0.3603896	0.5115297	0.1353731	0.3789878	0.5144723	0.0057997	0.3139213	0.0770062	0.1181495	0.3520590	0.0814224	0.0291132	0.4791620	0.0534515	0.0941085	0.4195623	0.0420819	0.1489978	0.2548363	0.0420098	0.0521397	0.3762483	0.5159733	-0.2522459	0.3992734	0.5165201	-0.1157521	0.3152484	0.0894090	-0.2342690	0.3504352	0.0912598	-0.1389611	0.4760954	0.0583652	-0.1944613	0.2506516	0.0559419	-0.1765445	0.4238510	0.0479957	-0.2523890	0.5100331	1.5279175	0.1230817	0.4906491	1.5411026	-0.2296781	0.4043290	1.5867371	-0.0402952	0.4322057	0.7875561	0.1591005	0.3977312	0.6782246	0.1744598	0.3014545	0.7889422	0.1744123	0.4283009	0.8017155	-0.2742516	0.4008660	0.6899116	-0.2912766	0.2951826	0.7894229	-0.2884887	0.3437169	0.3837859	0.1419551	0.3617778	0.2514378	0.1550008	0.2889630	0.2658011	0.1424942	0.3627604	0.3862550	-0.2539195	0.3755220	0.2562353	-0.2670889	0.2979593	0.2755709	-0.2596714	0.3272412	0.9382392	0.0537689	0.3152945	0.9382465	-0.1618494	0.4814809	1.2151726	0.2767591	0.4437128	1.1873682	0.1897973	0.7240861	1.1820098	0.1113994	0.7210458	1.1045351	0.1390997	0.4693658	1.2316115	-0.3795909	0.4351907	1.1926787	-0.3003969	0.7216592	1.1492236	-0.2449942	0.7104612	1.0832398	-0.2786408
74	1.2166667	0.5392500	1.4476190	-0.0556800	0.5465900	1.4401790	0.1174000	0.4754000	1.2230990	0.2326500	0.6946700	1.0937990	0.1514800	0.5261600	1.4559590	-0.2250200	0.4681100	1.2175990	-0.3426400	0.6701200	1.0587090	-0.2846400	0.3636200	0.9485790	-0.0561900	0.3727600	0.9472990	0.0654200	0.4073400	0.5411090	0.0566000	0.3329800	0.0716290	0.0701800	0.3558200	0.9513790	-0.1765600	0.4081600	0.5500790	-0.1855900	0.3416400	0.0826190	-0.1915200	0.5037300	0.0459990	-0.1788100	0.4730700	0.0482790	-0.2269100	0.2910400	0.0394290	-0.1810200	0.5137600	0.0508190	0.0841900	0.4809300	0.0461890	0.1208000	0.2986700	0.0349390	0.0642500	0.4531935	1.0083219	0.1212603	0.4323529	1.0092051	-0.2357750	0.2372634	1.0802277	0.0245812	0.2301066	1.0801453	-0.1148729	0.3708265	0.5040869	0.1333679	0.3888422	0.5068413	0.0043959	0.3190717	0.0699479	0.1173253	0.3563646	0.0742163	0.0283660	0.4837700	0.0457260	0.0936162	0.4242510	0.0358393	0.1483356	0.2586545	0.0357318	0.0514390	0.3854411	0.5099196	-0.2548521	0.4085090	0.5103248	-0.1185058	0.3201785	0.0829287	-0.2353903	0.3550388	0.0846354	-0.1398764	0.4792726	0.0513257	-0.1960429	0.2553976	0.0500585	-0.1774172	0.4272647	0.0419137	-0.2537223	0.5276427	1.5113201	0.1212130	0.5082396	1.5260150	-0.2311732	0.4237457	1.5742995	-0.0411777	0.4355824	0.7807508	0.1570876	0.4040006	0.6711607	0.1723786	0.3056153	0.7795394	0.1726699	0.4309608	0.7961721	-0.2758375	0.4060246	0.6841423	-0.2931938	0.2978973	0.7806249	-0.2901082	0.3534904	0.3758249	0.1400782	0.3699079	0.2433333	0.1530608	0.2968021	0.2587449	0.1415242	0.3712566	0.3795093	-0.2561541	0.3825822	0.2493344	-0.2686676	0.3050529	0.2692189	-0.2616738	0.3273162	0.9283688	0.0526568	0.3145807	0.9287430	-0.1630420	0.4755899	1.2025058	0.2792277	0.4362223	1.1765403	0.1917418	0.7169544	1.1356532	0.1186617	0.7038448	1.0601285	0.1489813	0.4656093	1.2164464	-0.3835277	0.4298778	1.1797651	-0.3029846	0.7093786	1.1025166	-0.2531043	0.6900505	1.0392599	-0.2886513
75	1.2333333	0.5480100	1.4304290	-0.0547700	0.5569700	1.4219890	0.1214900	0.4646200	1.2032590	0.2293700	0.6699700	1.0556090	0.1639900	0.5397200	1.4367190	-0.2307800	0.4564500	1.2111990	-0.3448300	0.6387700	1.0252490	-0.3029700	0.3464600	0.9469290	-0.0602500	0.3569600	0.9483990	0.0574900	0.4239300	0.5458790	0.0650700	0.3369300	0.0750890	0.0690500	0.3438300	0.9464190	-0.1824700	0.4256100	0.5554190	-0.1879500	0.3452100	0.0832190	-0.1919600	0.5077000	0.0472690	-0.1801300	0.4736400	0.0484690	-0.2264600	0.2914200	0.0395890	-0.1816000	0.5100600	0.0493190	0.0826200	0.4812600	0.0460390	0.1207900	0.2970800	0.0344690	0.0598000	0.4374314	1.0043896	0.1171655	0.4163120	1.0055839	-0.2391587	0.2240143	1.0825608	0.0207220	0.2167196	1.0825825	-0.1184128	0.3689890	0.5071693	0.1291876	0.3871051	0.5098575	0.0011746	0.3105023	0.0724660	0.1140119	0.3473822	0.0767393	0.0252901	0.4748274	0.0475170	0.0911779	0.4151715	0.0394961	0.1455321	0.2489465	0.0390948	0.0479138	0.3827398	0.5143543	-0.2598042	0.4054024	0.5148277	-0.1232150	0.3120922	0.0863574	-0.2379408	0.3462214	0.0881610	-0.1416674	0.4691342	0.0542549	-0.1990235	0.2468260	0.0542634	-0.1794859	0.4176316	0.0461651	-0.2567795	0.5316736	1.5011217	0.1176120	0.5131456	1.5173507	-0.2350574	0.4301612	1.5695046	-0.0446695	0.4225833	0.7851117	0.1524545	0.3954511	0.6749311	0.1677619	0.2936985	0.7794077	0.1676008	0.4186739	0.8017502	-0.2795184	0.3975639	0.6891602	-0.2973962	0.2858042	0.7808821	-0.2948102	0.3508781	0.3778125	0.1359776	0.3650676	0.2449832	0.1489212	0.2916520	0.2614357	0.1381539	0.3678648	0.3827966	-0.2606074	0.3774876	0.2523552	-0.2720254	0.2996498	0.2728945	-0.2658354	0.3098740	0.9278258	0.0482532	0.2969718	0.9283768	-0.1669949	0.4565898	1.1950936	0.2793257	0.4169187	1.1712314	0.1899298	0.6941318	1.0939418	0.1276547	0.6706928	1.0218481	0.1603336	0.4481093	1.2107856	-0.3893584	0.4118352	1.1764432	-0.3076548	0.6780973	1.0617151	-0.2680917	0.6494545	1.0031516	-0.3065270
76	1.2500000	0.5538700	1.4079090	-0.0571300	0.5692700	1.3981890	0.1224200	0.4523600	1.1886090	0.2322900	0.6304200	1.0136190	0.1708900	0.5442700	1.4142890	-0.2323000	0.4453900	1.1958190	-0.3537900	0.5933800	0.9800790	-0.3197100	0.3326300	0.9391490	-0.0518000	0.3407800	0.9390390	0.0733600	0.4371600	0.5481690	0.0676700	0.3368900	0.0729390	0.0682000	0.3293800	0.9377090	-0.1676700	0.4422100	0.5535090	-0.1916200	0.3412800	0.0804690	-0.1909400	0.5067800	0.0473690	-0.1790300	0.4725800	0.0480890	-0.2233700	0.2869000	0.0375790	-0.1833700	0.5137600	0.0509390	0.0821200	0.4807100	0.0444690	0.1190100	0.2925000	0.0301490	0.0566600	0.4253745	0.9943505	0.1256199	0.4037337	0.9955772	-0.2300771	0.2139978	1.0787626	0.0291284	0.2064396	1.0787527	-0.1096771	0.3749674	0.5055620	0.1367124	0.3924555	0.5085340	0.0095597	0.3084173	0.0700371	0.1206035	0.3441933	0.0745548	0.0317189	0.4721619	0.0452546	0.0981741	0.4127213	0.0390590	0.1525117	0.2450050	0.0373672	0.0538704	0.3876749	0.5144112	-0.2532886	0.4099803	0.5146324	-0.1166547	0.3083800	0.0853939	-0.2300464	0.3417925	0.0871006	-0.1330659	0.4634957	0.0529340	-0.1914707	0.2422266	0.0541256	-0.1712880	0.4121674	0.0462644	-0.2495695	0.5418224	1.4832466	0.1245309	0.5240010	1.5003149	-0.2288360	0.4429537	1.5571096	-0.0379952	0.4143669	0.7849042	0.1596113	0.3930351	0.6739760	0.1749853	0.2872461	0.7732071	0.1750389	0.4110371	0.8030660	-0.2707792	0.3949425	0.6899242	-0.2894837	0.2783626	0.7756270	-0.2872789	0.3560994	0.3746616	0.1429966	0.3678139	0.2412296	0.1552102	0.2937648	0.2593351	0.1457626	0.3712559	0.3814893	-0.2539071	0.3781021	0.2507153	-0.2644873	0.3001804	0.2723322	-0.2592380	0.2957049	0.9212608	0.0563611	0.2824935	0.9218431	-0.1584667	0.4418075	1.1826178	0.2883833	0.4009045	1.1618901	0.1965886	0.6674483	1.0443043	0.1430878	0.6331982	0.9776559	0.1792323	0.4336802	1.1991208	-0.3890329	0.3964451	1.1667751	-0.3062885	0.6417250	1.0109458	-0.2782443	0.6023841	0.9591060	-0.3201995
77	1.2666667	0.5587700	1.3888290	-0.0599300	0.5799000	1.3788090	0.1186300	0.4304700	1.1757590	0.2233800	0.5922900	0.9697390	0.1856800	0.5595000	1.3901890	-0.2362100	0.4454300	1.1652190	-0.3563800	0.5570900	0.9352990	-0.3403400	0.3349300	0.9361290	-0.0441700	0.3439300	0.9323790	0.0807500	0.4410500	0.5468490	0.0681800	0.3363400	0.0709690	0.0687900	0.3388500	0.9364990	-0.1601800	0.4558600	0.5490090	-0.1952300	0.3454400	0.0811390	-0.1936500	0.5113000	0.0485990	-0.1805200	0.4769900	0.0481790	-0.2275900	0.2871600	0.0351490	-0.1832300	0.5142000	0.0507890	0.0821600	0.4848000	0.0455990	0.1170300	0.2912300	0.0275990	0.0558800	0.4294089	0.9890332	0.1330587	0.4071249	0.9897795	-0.2221772	0.2198733	1.0794141	0.0362852	0.2119806	1.0791510	-0.1022467	0.3964150	0.5094881	0.1425737	0.4133064	0.5128611	0.0165511	0.3198094	0.0731983	0.1246311	0.3544118	0.0779800	0.0355981	0.4828829	0.0481205	0.1028679	0.4236055	0.0437671	0.1568967	0.2542661	0.0413512	0.0572213	0.4088919	0.5197458	-0.2496218	0.4310406	0.5193620	-0.1133740	0.3189605	0.0899806	-0.2257837	0.3520473	0.0912411	-0.1282025	0.4727439	0.0562332	-0.1873026	0.2519128	0.0595333	-0.1666632	0.4213189	0.0510514	-0.2458223	0.5687220	1.4681294	0.1287010	0.5511353	1.4853157	-0.2253344	0.4723558	1.5472992	-0.0339669	0.4218780	0.7895115	0.1656421	0.4062140	0.6781187	0.1807873	0.2967844	0.7721620	0.1812534	0.4193276	0.8096303	-0.2636596	0.4083233	0.6959830	-0.2835875	0.2869368	0.7755378	-0.2809337	0.3764514	0.3769524	0.1480977	0.3850668	0.2428458	0.1591455	0.3103348	0.2629232	0.1512390	0.3903571	0.3855008	-0.2506125	0.3938882	0.2544124	-0.2606235	0.3158462	0.2772957	-0.2559630	0.2977329	0.9197202	0.0637850	0.2841214	0.9200285	-0.1507001	0.4315555	1.1757827	0.2890810	0.3928664	1.1588371	0.1935051	0.6416074	0.9970845	0.1575557	0.5953794	0.9388173	0.1971338	0.4339006	1.1861220	-0.3923813	0.3956520	1.1554089	-0.3072811	0.6133150	0.9603537	-0.2945203	0.5629090	0.9176452	-0.3397071
78	1.2833333	0.5689100	1.3595190	-0.0574200	0.5903400	1.3563990	0.1099800	0.4221900	1.1548290	0.2236000	0.5345100	0.9375590	0.1962800	0.5769500	1.3673890	-0.2296300	0.4372400	1.1531290	-0.3580800	0.5061700	0.8921890	-0.3527900	0.3316800	0.9253990	-0.0466500	0.3326200	0.9183990	0.0739400	0.4558800	0.5436290	0.0666300	0.3368300	0.0727090	0.0706100	0.3320200	0.9275190	-0.1583400	0.4573500	0.5367290	-0.1945600	0.3457000	0.0817490	-0.1937900	0.5148600	0.0479590	-0.1782600	0.4802600	0.0492590	-0.2259900	0.2829700	0.0323690	-0.1850900	0.5139100	0.0508990	0.0842600	0.4844900	0.0457890	0.1171300	0.2879800	0.0266490	0.0601000	0.4270059	0.9757699	0.1300674	0.4053273	0.9763304	-0.2236580	0.2204425	1.0717663	0.0325938	0.2126884	1.0713857	-0.1052840	0.4134807	0.5070430	0.1394544	0.4301383	0.5105053	0.0140969	0.3244177	0.0704989	0.1205528	0.3581344	0.0753029	0.0310661	0.4867934	0.0448227	0.0994950	0.4275589	0.0423550	0.1534652	0.2565625	0.0395123	0.0523288	0.4245330	0.5174217	-0.2558870	0.4462227	0.5162848	-0.1197177	0.3234894	0.0871239	-0.2311405	0.3560269	0.0877434	-0.1326365	0.4762271	0.0531266	-0.1922226	0.2551005	0.0567979	-0.1714055	0.4248790	0.0489448	-0.2515547	0.5897770	1.4437376	0.1224734	0.5734389	1.4609363	-0.2302659	0.4973765	1.5277835	-0.0396985	0.4237585	0.7872907	0.1621193	0.4141755	0.6756695	0.1773027	0.3007908	0.7639574	0.1776674	0.4223804	0.8081373	-0.2658250	0.4164013	0.6941624	-0.2873000	0.2905797	0.7680297	-0.2849100	0.3918932	0.3727914	0.1444859	0.3966515	0.2381056	0.1546797	0.3212018	0.2605540	0.1483063	0.4039062	0.3819276	-0.2574510	0.4040818	0.2504650	-0.2667703	0.3257094	0.2748693	-0.2625867	0.2939745	0.9103948	0.0606627	0.2807255	0.9106062	-0.1528514	0.4143579	1.1639444	0.2808827	0.3771995	1.1497845	0.1831591	0.5970360	0.9471605	0.1638853	0.5400177	0.9000809	0.2069687	0.4281734	1.1666804	-0.4013578	0.3876486	1.1387404	-0.3158833	0.5659446	0.9072880	-0.3158594	0.5062489	0.8770955	-0.3641501
79	1.3000000	0.5815700	1.3339690	-0.0564400	0.6009600	1.3291890	0.1081600	0.4174600	1.1363990	0.2228200	0.4999700	0.9033890	0.2123900	0.5813700	1.3362990	-0.2267500	0.4244100	1.1317790	-0.3527300	0.4559500	0.8665290	-0.3641100	0.3366500	0.9040490	-0.0498100	0.3416100	0.9020990	0.0642800	0.4641600	0.5394590	0.0623400	0.3319700	0.0693090	0.0657400	0.3359700	0.9035090	-0.1610600	0.4667100	0.5347290	-0.1939900	0.3452500	0.0786990	-0.1908000	0.5112000	0.0465890	-0.1798200	0.4769700	0.0480990	-0.2275400	0.2835300	0.0298090	-0.1846700	0.5142700	0.0507890	0.0845100	0.4848400	0.0472990	0.1166700	0.2864500	0.0265390	0.0543700	0.4326808	0.9522493	0.1259378	0.4110055	0.9525700	-0.2261116	0.2286971	1.0521399	0.0282157	0.2208619	1.0515888	-0.1089368	0.4374233	0.4958477	0.1361855	0.4535727	0.4993408	0.0115473	0.3330222	0.0603664	0.1162639	0.3655082	0.0650144	0.0262639	0.4946980	0.0341925	0.0966272	0.4353327	0.0340720	0.1502989	0.2623554	0.0304849	0.0471750	0.4462084	0.5059654	-0.2623466	0.4674590	0.5040533	-0.1268425	0.3319397	0.0762754	-0.2362945	0.3639331	0.0760368	-0.1373315	0.4842446	0.0426255	-0.1978523	0.2618847	0.0458914	-0.1756344	0.4325447	0.0392385	-0.2575207	0.6162323	1.4089038	0.1154457	0.6005145	1.4260385	-0.2351760	0.5277905	1.4962765	-0.0455231	0.4332239	0.7748089	0.1576718	0.4294568	0.6635656	0.1732263	0.3131371	0.7457142	0.1737993	0.4321103	0.7956026	-0.2682828	0.4309183	0.6820667	-0.2911535	0.3018112	0.7505124	-0.2888013	0.4133737	0.3600599	0.1406420	0.4133187	0.2248385	0.1497437	0.3375803	0.2506386	0.1453406	0.4228642	0.3694977	-0.2643427	0.4189294	0.2376398	-0.2728765	0.3406761	0.2643188	-0.2690733	0.2987866	0.8902272	0.0569817	0.2855283	0.8903183	-0.1554554	0.4054293	1.1475972	0.2744624	0.3685615	1.1350321	0.1761332	0.5549039	0.8997856	0.1728911	0.4901135	0.8652263	0.2186544	0.4209797	1.1420494	-0.4048789	0.3792377	1.1177725	-0.3201906	0.5132997	0.8595792	-0.3338660	0.4473403	0.8432492	-0.3833078
80	1.3166667	0.5865300	1.3036890	-0.0532400	0.5904800	1.3003790	0.1164100	0.4165000	1.1087290	0.2245700	0.4444800	0.8663590	0.2254900	0.5844000	1.3073690	-0.2314400	0.4084200	1.1089190	-0.3507700	0.4021100	0.8386990	-0.3756400	0.3220800	0.8916390	-0.0515900	0.3288200	0.8885690	0.0660300	0.4721500	0.5356790	0.0623800	0.3365000	0.0707290	0.0636300	0.3276600	0.8937590	-0.1625500	0.4793200	0.5339090	-0.1932900	0.3458400	0.0760790	-0.1916500	0.5111700	0.0468290	-0.1825600	0.4765600	0.0480090	-0.2304600	0.2835200	0.0256590	-0.1815200	0.5140500	0.0509890	0.0844700	0.4847000	0.0458390	0.1195200	0.2877800	0.0253890	0.0543800	0.4181868	0.9374820	0.1235404	0.3978006	0.9373955	-0.2266253	0.2173610	1.0407944	0.0246553	0.2099544	1.0400123	-0.1117004	0.4444433	0.4962631	0.1354606	0.4603918	0.4996905	0.0111752	0.3252690	0.0612203	0.1147303	0.3567895	0.0657229	0.0239410	0.4862167	0.0352144	0.0969515	0.4266476	0.0369230	0.1503758	0.2521512	0.0317473	0.0443274	0.4516781	0.5051070	-0.2669490	0.4724249	0.5026382	-0.1314312	0.3236534	0.0753567	-0.2383541	0.3550613	0.0745171	-0.1383187	0.4755112	0.0426510	-0.2006627	0.2517889	0.0446193	-0.1761697	0.4234580	0.0400251	-0.2609229	0.6223717	1.3813898	0.1113255	0.6085683	1.3974811	-0.2378661	0.5385678	1.4717960	-0.0494007	0.4234622	0.7733903	0.1551283	0.4264208	0.6627328	0.1713229	0.3064484	0.7372322	0.1716442	0.4235220	0.7934307	-0.2688705	0.4280141	0.6803450	-0.2932971	0.2950406	0.7421096	-0.2919514	0.4182304	0.3586959	0.1395042	0.4134349	0.2229591	0.1477019	0.3374125	0.2517035	0.1451372	0.4257146	0.3672839	-0.2691060	0.4175880	0.2348860	-0.2763728	0.3390716	0.2638753	-0.2732808	0.2836734	0.8791434	0.0543827	0.2711837	0.8790096	-0.1568514	0.3894035	1.1316408	0.2705156	0.3524570	1.1205064	0.1749589	0.4927806	0.8596944	0.1858212	0.4230554	0.8402793	0.2327428	0.3997852	1.1242273	-0.4040059	0.3574067	1.1037770	-0.3197208	0.4452868	0.8278134	-0.3471544	0.3753844	0.8268648	-0.3947595
81	1.3333333	0.5972400	1.2721390	-0.0623800	0.6035100	1.2762290	0.1075000	0.3950500	1.0994190	0.2256000	0.3889600	0.8429690	0.2366800	0.5807300	1.2718390	-0.2375900	0.4069700	1.0813890	-0.3556000	0.3592700	0.8247490	-0.3844400	0.3151100	0.8747190	-0.0570600	0.3230900	0.8723190	0.0685200	0.4905400	0.5336790	0.0689400	0.3372100	0.0693190	0.0638100	0.3116800	0.8752990	-0.1684800	0.4916300	0.5308390	-0.1912000	0.3412000	0.0738390	-0.1896100	0.5110900	0.0465390	-0.1822100	0.4728700	0.0465390	-0.2260800	0.2798900	0.0266290	-0.1847900	0.5179900	0.0521390	0.0826500	0.4853800	0.0475090	0.1189600	0.2794600	0.0229190	0.0539100	0.4120850	0.9186231	0.1176127	0.3914647	0.9178990	-0.2315605	0.2127842	1.0239522	0.0181016	0.2052345	1.0228008	-0.1177423	0.4617793	0.4954253	0.1331565	0.4775077	0.4985399	0.0087927	0.3256251	0.0607923	0.1116078	0.3561094	0.0649773	0.0194055	0.4864250	0.0349785	0.0948619	0.4265687	0.0385850	0.1486846	0.2497411	0.0316748	0.0398718	0.4663650	0.5019306	-0.2731499	0.4858650	0.4989809	-0.1379186	0.3223583	0.0729620	-0.2422513	0.3525754	0.0713237	-0.1412841	0.4737670	0.0414248	-0.2050500	0.2482455	0.0418558	-0.1787699	0.4215894	0.0397300	-0.2658948	0.6359641	1.3492986	0.1037453	0.6225239	1.3630662	-0.2443574	0.5561119	1.4416369	-0.0565080	0.4219630	0.7693483	0.1494965	0.4324745	0.6598013	0.1670932	0.3087712	0.7252323	0.1673662	0.4223209	0.7871407	-0.2721593	0.4334081	0.6752058	-0.2976488	0.2967831	0.7298520	-0.2979200	0.4327955	0.3558780	0.1368241	0.4225321	0.2195085	0.1440387	0.3465523	0.2517389	0.1436345	0.4372213	0.3628979	-0.2754768	0.4241330	0.2297133	-0.2814880	0.3458423	0.2621210	-0.2792960	0.2765411	0.8633975	0.0485213	0.2638985	0.8629300	-0.1620361	0.3784234	1.1172092	0.2653705	0.3406380	1.1079802	0.1730242	0.4315181	0.8296964	0.1971073	0.3585424	0.8260264	0.2425297	0.3891812	1.1007666	-0.4066958	0.3458002	1.0854039	-0.3244466	0.3913304	0.8021397	-0.3582179	0.3213444	0.8147651	-0.4028427
82	1.3500000	0.6140000	1.2394690	-0.0566300	0.6059700	1.2384890	0.1010300	0.3775800	1.0767890	0.2188400	0.3382700	0.8329390	0.2490000	0.6053300	1.2450990	-0.2221500	0.3992900	1.0677990	-0.3634100	0.2944800	0.8152390	-0.3994700	0.3059500	0.8608990	-0.0572200	0.3141500	0.8607990	0.0685200	0.4995200	0.5326790	0.0687400	0.3414800	0.0706690	0.0618100	0.3069200	0.8581190	-0.1700200	0.5054900	0.5274890	-0.1916500	0.3408500	0.0762690	-0.1936300	0.5144700	0.0503290	-0.1835500	0.4764600	0.0479690	-0.2297700	0.2743700	0.0286590	-0.1871100	0.5140000	0.0510090	0.0845600	0.4850500	0.0477290	0.1191000	0.2840200	0.0223990	0.0512800	0.4030479	0.9022045	0.1173564	0.3839047	0.9009147	-0.2309010	0.2063346	1.0108519	0.0158809	0.1993085	1.0093143	-0.1195180	0.4765711	0.4997436	0.1369530	0.4922321	0.5025838	0.0121648	0.3259578	0.0653620	0.1134990	0.3557398	0.0693500	0.0199382	0.4856381	0.0403252	0.0983492	0.4257089	0.0451524	0.1522048	0.2481022	0.0362244	0.0400576	0.4800227	0.5039514	-0.2735595	0.4984005	0.5001600	-0.1380492	0.3197139	0.0755546	-0.2419936	0.3488098	0.0728849	-0.1397573	0.4716373	0.0452374	-0.2045911	0.2429135	0.0436611	-0.1773307	0.4190331	0.0441814	-0.2665823	0.6484244	1.3167544	0.1019366	0.6375660	1.3291813	-0.2434070	0.5743160	1.4118777	-0.0575550	0.4175835	0.7692859	0.1495529	0.4357689	0.6613370	0.1687143	0.3082772	0.7172332	0.1687209	0.4196176	0.7852471	-0.2698563	0.4374779	0.6748315	-0.2964678	0.2969666	0.7218027	-0.2991254	0.4453944	0.3583912	0.1400389	0.4303596	0.2216120	0.1460747	0.3543365	0.2565244	0.1474566	0.4476398	0.3636108	-0.2765059	0.4295250	0.2296350	-0.2817650	0.3513767	0.2654697	-0.2806088	0.2666874	0.8510608	0.0477830	0.2549170	0.8502796	-0.1621377	0.3647918	1.1028394	0.2633339	0.3267661	1.0953890	0.1738058	0.3698510	0.8081616	0.2135607	0.2974565	0.8187548	0.2547127	0.3805725	1.0842985	-0.4053165	0.3351108	1.0752958	-0.3272572	0.3288571	0.7891143	-0.3674093	0.2616208	0.8173837	-0.4080163
83	1.3666667	0.5994700	1.2058290	-0.0628300	0.5836600	1.2088390	0.0907900	0.3616400	1.0668890	0.2233500	0.3009000	0.8208990	0.2500000	0.6064600	1.2044690	-0.2212500	0.3848700	1.0542590	-0.3630000	0.2418400	0.8150490	-0.4041700	0.3012800	0.8459690	-0.0592800	0.3086200	0.8440890	0.0640300	0.5116700	0.5233590	0.0657000	0.3330200	0.0676690	0.0680300	0.2985500	0.8458790	-0.1716600	0.5192300	0.5175190	-0.1958100	0.3409800	0.0796790	-0.1934000	0.5058200	0.0488590	-0.1812500	0.4727900	0.0468290	-0.2286600	0.2753700	0.0313890	-0.1885700	0.5143600	0.0507990	0.0845900	0.4811500	0.0442090	0.1214300	0.2759900	0.0200790	0.0508200	0.3975735	0.8862321	0.1149758	0.3800544	0.8835597	-0.2322887	0.2026409	0.9937872	0.0114030	0.1962143	0.9915418	-0.1235306	0.4944339	0.5036899	0.1389740	0.5102321	0.5055441	0.0132180	0.3285635	0.0689237	0.1146601	0.3577734	0.0720714	0.0193163	0.4881870	0.0440155	0.1000984	0.4278753	0.0496692	0.1545663	0.2485146	0.0391960	0.0397459	0.4984019	0.5048520	-0.2753045	0.5149352	0.5004712	-0.1401336	0.3210423	0.0776013	-0.2440674	0.3486238	0.0739870	-0.1409322	0.4725958	0.0473957	-0.2056252	0.2418524	0.0453689	-0.1789629	0.4202297	0.0470361	-0.2687629	0.6581081	1.2846886	0.0977587	0.6517078	1.2940427	-0.2442864	0.5905796	1.3804305	-0.0614103	0.4171589	0.7677498	0.1478792	0.4426054	0.6619638	0.1686848	0.3118662	0.7087524	0.1686583	0.4210173	0.7813564	-0.2691903	0.4460567	0.6727375	-0.2966693	0.3026834	0.7118843	-0.3014687	0.4607662	0.3605182	0.1419732	0.4406772	0.2230194	0.1473128	0.3648098	0.2609993	0.1501054	0.4625249	0.3633334	-0.2789754	0.4390314	0.2285409	-0.2835959	0.3616467	0.2681576	-0.2838295	0.2615788	0.8371775	0.0451862	0.2507655	0.8355942	-0.1640517	0.3512814	1.0888358	0.2625878	0.3115666	1.0841571	0.1749405	0.3193806	0.7925697	0.2227759	0.2495438	0.8135857	0.2604947	0.3727352	1.0669913	-0.4046442	0.3246949	1.0661099	-0.3323112	0.2695707	0.7825620	-0.3739341	0.2073206	0.8251243	-0.4112338
84	1.3833333	0.5951000	1.1690790	-0.0506300	0.5785900	1.1710190	0.0954300	0.3500100	1.0654190	0.2225000	0.2601800	0.8285290	0.2550700	0.6235000	1.1695490	-0.1986800	0.4037700	1.0587090	-0.3551300	0.2360900	0.8340690	-0.4098700	0.2943600	0.8242790	-0.0565200	0.3033200	0.8246290	0.0693800	0.5244700	0.5125790	0.0643700	0.3375600	0.0692390	0.0660100	0.2945200	0.8237290	-0.1711900	0.5273700	0.5068090	-0.1976800	0.3410300	0.0802690	-0.1912400	0.5058300	0.0490690	-0.1815000	0.4675800	0.0467890	-0.2309900	0.2790900	0.0362390	-0.1871800	0.5141100	0.0509890	0.0846200	0.4810500	0.0445190	0.1215900	0.2784300	0.0208290	0.0538800	0.3884803	0.8630440	0.1175780	0.3742494	0.8604318	-0.2283250	0.1964709	0.9694783	0.0116777	0.1913031	0.9671087	-0.1227188	0.5088721	0.5011891	0.1450636	0.5248294	0.5022346	0.0177278	0.3290152	0.0672014	0.1191719	0.3578511	0.0697370	0.0219482	0.4877171	0.0425957	0.1049651	0.4272547	0.0488448	0.1601557	0.2472072	0.0372319	0.0428274	0.5132794	0.5007251	-0.2728695	0.5283447	0.4952639	-0.1379369	0.3195870	0.0751973	-0.2421339	0.3459448	0.0702197	-0.1384009	0.4704983	0.0453103	-0.2030730	0.2383007	0.0422795	-0.1764212	0.4180092	0.0454584	-0.2671404	0.6621069	1.2446262	0.0998841	0.6638005	1.2520452	-0.2364298	0.6037014	1.3410667	-0.0584392	0.4141680	0.7587743	0.1507113	0.4465004	0.6555711	0.1730528	0.3124820	0.6931971	0.1733994	0.4197752	0.7712918	-0.2638048	0.4515897	0.6650189	-0.2923939	0.3060323	0.6964195	-0.2993387	0.4728658	0.3566944	0.1476957	0.4481815	0.2189996	0.1521179	0.3723539	0.2595283	0.1564772	0.4739550	0.3582801	-0.2772680	0.4452075	0.2228095	-0.2814587	0.3687774	0.2663049	-0.2827241	0.2539684	0.8159718	0.0471437	0.2451215	0.8144425	-0.1612003	0.3363679	1.0766270	0.2672729	0.2971057	1.0750848	0.1794302	0.2739574	0.7858599	0.2348915	0.2061155	0.8145290	0.2691659	0.3770295	1.0554507	-0.3999191	0.3276098	1.0598741	-0.3321971	0.2375713	0.7874819	-0.3803212	0.1820554	0.8380750	-0.4149718
85	1.4000000	0.6154300	1.1386590	-0.0525500	0.6091200	1.1373690	0.0933100	0.3439700	1.0535590	0.2179400	0.2165300	0.8381790	0.2609800	0.6273300	1.1397490	-0.1945500	0.3908400	1.0618890	-0.3644500	0.2056800	0.8560790	-0.4160700	0.2958200	0.8056990	-0.0567400	0.3005000	0.8056890	0.0688300	0.5374200	0.5100790	0.0618600	0.3374200	0.0712590	0.0645700	0.2899900	0.8052290	-0.1681700	0.5285700	0.4965190	-0.2009600	0.3403400	0.0792090	-0.1887300	0.5058900	0.0487290	-0.1814200	0.4680300	0.0469890	-0.2281600	0.2748400	0.0346490	-0.1858500	0.5142900	0.0506990	0.0846900	0.4811300	0.0441190	0.1215700	0.2774000	0.0280190	0.0525600	0.3886333	0.8425881	0.1167233	0.3760777	0.8408358	-0.2277679	0.1991348	0.9482326	0.0103514	0.1945959	0.9460660	-0.1234865	0.5292593	0.5002964	0.1457839	0.5453734	0.5005269	0.0171543	0.3341967	0.0691030	0.1187384	0.3626095	0.0709093	0.0198195	0.4918152	0.0438459	0.1045652	0.4311821	0.0505559	0.1604626	0.2508981	0.0397268	0.0414551	0.5311203	0.4983241	-0.2736931	0.5450162	0.4923064	-0.1397944	0.3234013	0.0761404	-0.2428490	0.3488951	0.0702649	-0.1393090	0.4739955	0.0466505	-0.2035697	0.2407332	0.0429795	-0.1770135	0.4213941	0.0466020	-0.2680116	0.6753462	1.2060154	0.0991064	0.6803429	1.2129742	-0.2310316	0.6234544	1.3036904	-0.0565635	0.4194232	0.7513805	0.1498503	0.4577151	0.6507612	0.1730383	0.3209123	0.6802924	0.1742800	0.4245443	0.7627451	-0.2620040	0.4618938	0.6588223	-0.2914332	0.3153124	0.6835943	-0.2992748	0.4902311	0.3552092	0.1479317	0.4604557	0.2177736	0.1515157	0.3853111	0.2610156	0.1575896	0.4885784	0.3556609	-0.2785449	0.4551531	0.2200579	-0.2822339	0.3800746	0.2669401	-0.2841931	0.2552039	0.7976185	0.0463952	0.2473488	0.7966476	-0.1610388	0.3287302	1.0712303	0.2660375	0.2900851	1.0731960	0.1770265	0.2344448	0.7872895	0.2417163	0.1689257	0.8251217	0.2722928	0.3807603	1.0548959	-0.4049677	0.3300025	1.0667676	-0.3383168	0.2099151	0.8052690	-0.3897829	0.1601763	0.8627626	-0.4217052
86	1.4166667	0.6209900	1.1100190	-0.0493900	0.6155100	1.1183690	0.1020200	0.3510200	1.0570190	0.2180700	0.1906700	0.8674690	0.2614100	0.6266500	1.1126890	-0.1940400	0.3876700	1.0541090	-0.3695500	0.1915700	0.8854790	-0.4227700	0.2917900	0.7863390	-0.0523400	0.3014600	0.7837590	0.0724500	0.5502900	0.5100090	0.0637300	0.3340700	0.0719890	0.0658800	0.2875000	0.7863490	-0.1677800	0.5373500	0.4934690	-0.2047100	0.3404400	0.0799390	-0.1888100	0.5100600	0.0505890	-0.1855200	0.4714800	0.0481690	-0.2290800	0.2739400	0.0341290	-0.1831000	0.5136600	0.0489090	0.0840100	0.4810900	0.0461790	0.1212500	0.2801600	0.0307390	0.0528800	0.3835325	0.8213840	0.1202578	0.3718961	0.8210377	-0.2228599	0.1960730	0.9260182	0.0143667	0.1918851	0.9243173	-0.1189810	0.5431982	0.4988558	0.1502816	0.5592143	0.4985286	0.0202423	0.3337229	0.0707965	0.1212701	0.3616054	0.0720821	0.0207756	0.4899039	0.0454475	0.1067397	0.4292774	0.0518080	0.1634286	0.2491603	0.0418807	0.0432410	0.5414975	0.4957992	-0.2719985	0.5553992	0.4890475	-0.1388779	0.3223261	0.0761032	-0.2403492	0.3479460	0.0693156	-0.1371500	0.4733089	0.0479401	-0.2017442	0.2389640	0.0419633	-0.1739676	0.4199419	0.0473405	-0.2662524	0.6824021	1.1687554	0.1024393	0.6889552	1.1754423	-0.2215708	0.6358115	1.2674257	-0.0502353	0.4193377	0.7426767	0.1535457	0.4631887	0.6448977	0.1772758	0.3238430	0.6663905	0.1796261	0.4222315	0.7537375	-0.2570688	0.4647465	0.6523285	-0.2876119	0.3175102	0.6703182	-0.2952274	0.5011752	0.3534223	0.1516977	0.4665650	0.2163563	0.1542548	0.3922949	0.2620602	0.1620201	0.4963535	0.3528699	-0.2769807	0.4589592	0.2171580	-0.2801692	0.3850530	0.2667366	-0.2824039	0.2512243	0.7781883	0.0504408	0.2439147	0.7780968	-0.1561296	0.3250883	1.0712340	0.2664053	0.2879998	1.0759095	0.1789522	0.2005483	0.8035210	0.2483561	0.1390775	0.8496353	0.2765602	0.3805266	1.0546974	-0.4056803	0.3318011	1.0733494	-0.3415294	0.1865193	0.8313029	-0.3972774	0.1427134	0.8918715	-0.4269265
87	1.4333333	0.6236700	1.0861390	-0.0495300	0.6058900	1.0854190	0.0898500	0.3619500	1.0748590	0.2081500	0.1678800	0.8831890	0.2615300	0.6348700	1.0835490	-0.1920700	0.3857500	1.0522390	-0.3640900	0.1880800	0.9192590	-0.4240800	0.2819300	0.7600490	-0.0503800	0.2976800	0.7636190	0.0753300	0.5547600	0.5011290	0.0647800	0.3338000	0.0720490	0.0636700	0.2741600	0.7570290	-0.1626700	0.5680000	0.4912590	-0.2039500	0.3407400	0.0830190	-0.1883100	0.5100900	0.0503790	-0.1878100	0.4682500	0.0470790	-0.2332600	0.2747500	0.0342390	-0.1829100	0.5140100	0.0486090	0.0839800	0.4776200	0.0444590	0.1229900	0.2752000	0.0321590	0.0554900	0.3734142	0.7943938	0.1211478	0.3620075	0.7935184	-0.2203237	0.1876561	0.8979127	0.0155315	0.1835389	0.8959794	-0.1171937	0.5506307	0.4916491	0.1519850	0.5664951	0.4907743	0.0204601	0.3283053	0.0672249	0.1208319	0.3557301	0.0680833	0.0187718	0.4832076	0.0422938	0.1051123	0.4226262	0.0479126	0.1630217	0.2430518	0.0382885	0.0422730	0.5506293	0.4897745	-0.2728461	0.5648761	0.4823373	-0.1397995	0.3186535	0.0736521	-0.2405972	0.3444864	0.0659594	-0.1372991	0.4691483	0.0460000	-0.2032500	0.2348663	0.0392886	-0.1732525	0.4150890	0.0449129	-0.2678206	0.6830776	1.1268880	0.1008013	0.6916598	1.1319515	-0.2154459	0.6419291	1.2255287	-0.0485770	0.4128410	0.7276325	0.1547270	0.4622423	0.6329508	0.1789461	0.3208069	0.6464005	0.1825090	0.4147056	0.7395953	-0.2545807	0.4638489	0.6413040	-0.2864220	0.3151207	0.6506274	-0.2941139	0.5057949	0.3461836	0.1526070	0.4667773	0.2097715	0.1542543	0.3936770	0.2574499	0.1635352	0.5025079	0.3467830	-0.2779852	0.4604890	0.2112235	-0.2808412	0.3882210	0.2637164	-0.2832536	0.2414121	0.7523607	0.0519854	0.2342703	0.7519854	-0.1535621	0.3238499	1.0731765	0.2620087	0.2892308	1.0788769	0.1755761	0.1726435	0.8230936	0.2507879	0.1156387	0.8770368	0.2768731	0.3791447	1.0541382	-0.4044744	0.3347553	1.0782596	-0.3423323	0.1704129	0.8628943	-0.4061129	0.1326253	0.9234027	-0.4335913
88	1.4500000	0.6140600	1.0487990	-0.0523400	0.5977600	1.0478590	0.0836500	0.3671800	1.0820490	0.2024300	0.1438400	0.9208490	0.2629800	0.6336500	1.0479590	-0.1934900	0.4160800	1.0480390	-0.3702400	0.2043700	0.9553190	-0.4269000	0.2889600	0.7401490	-0.0520100	0.2992200	0.7394990	0.0762100	0.5656500	0.4965490	0.0678600	0.3345000	0.0722090	0.0708900	0.2934300	0.7396790	-0.1659200	0.5803300	0.4890790	-0.2083300	0.3412200	0.0821490	-0.1903500	0.5110400	0.0470090	-0.1874400	0.4727900	0.0465890	-0.2349800	0.2742300	0.0398690	-0.1822200	0.5138300	0.0488890	0.0840400	0.4812100	0.0444590	0.1218500	0.2751700	0.0329690	0.0555300	0.3789389	0.7747235	0.1188170	0.3691748	0.7725066	-0.2218449	0.1945235	0.8748347	0.0126456	0.1910612	0.8723544	-0.1198280	0.5704337	0.4890080	0.1505124	0.5864781	0.4870243	0.0183493	0.3348051	0.0702631	0.1183692	0.3618933	0.0701936	0.0154096	0.4892691	0.0450361	0.1010042	0.4283548	0.0498834	0.1597283	0.2487995	0.0412199	0.0400982	0.5729776	0.4881548	-0.2774443	0.5869421	0.4806447	-0.1457754	0.3276236	0.0775980	-0.2431262	0.3532533	0.0693782	-0.1406670	0.4772790	0.0483160	-0.2067567	0.2435681	0.0442103	-0.1757160	0.4229842	0.0474686	-0.2708360	0.6931732	1.0928011	0.0960740	0.7051067	1.0969108	-0.2136307	0.6572176	1.1907030	-0.0508585	0.4213398	0.7175675	0.1518427	0.4751035	0.6259407	0.1767440	0.3326655	0.6327897	0.1815781	0.4232405	0.7296507	-0.2560259	0.4779774	0.6344473	-0.2888396	0.3292175	0.6359467	-0.2956666	0.5224662	0.3442450	0.1509832	0.4787841	0.2090382	0.1519772	0.4071432	0.2589277	0.1622387	0.5215265	0.3455832	-0.2821516	0.4746057	0.2105086	-0.2840172	0.4045842	0.2662029	-0.2869699	0.2482506	0.7328539	0.0501887	0.2421104	0.7316982	-0.1548671	0.3349269	1.0852172	0.2533521	0.3041438	1.0911963	0.1683483	0.1561528	0.8576937	0.2494842	0.1055473	0.9201214	0.2730359	0.4005490	1.0548960	-0.4079790	0.3618938	1.0860126	-0.3503509	0.1776743	0.9037007	-0.4146198	0.1478607	0.9631666	-0.4420922
89	1.4666667	0.6230800	1.0352090	-0.0470100	0.6118300	1.0399690	0.0839100	0.3718800	1.0912890	0.2048000	0.1125500	0.9371990	0.2615200	0.6285300	1.0345990	-0.1898000	0.4119200	1.0395690	-0.3794000	0.2170900	0.9824390	-0.4369900	0.2832600	0.7188890	-0.0491400	0.2935800	0.7249890	0.0720600	0.5715700	0.4887490	0.0689900	0.3344000	0.0722090	0.0710400	0.2761900	0.7121890	-0.1607300	0.5864000	0.4820690	-0.2106400	0.3451200	0.0788290	-0.1863500	0.5111100	0.0466690	-0.1848700	0.4729500	0.0449990	-0.2326400	0.2723100	0.0357990	-0.1806600	0.5141400	0.0469690	0.0846000	0.4815000	0.0441090	0.1218300	0.2707800	0.0311890	0.0575400	0.3727062	0.7533386	0.1204234	0.3632423	0.7502698	-0.2182888	0.1896275	0.8525074	0.0145748	0.1863000	0.8497352	-0.1172284	0.5763931	0.4830925	0.1527795	0.5921026	0.4805154	0.0198321	0.3289172	0.0693964	0.1198881	0.3554804	0.0687878	0.0161373	0.4830003	0.0441739	0.1008483	0.4219210	0.0479785	0.1605855	0.2420444	0.0405791	0.0419872	0.5800597	0.4844450	-0.2780757	0.5944404	0.4769021	-0.1470009	0.3253066	0.0780631	-0.2410030	0.3513107	0.0695274	-0.1390186	0.4748306	0.0487210	-0.2054426	0.2412111	0.0450002	-0.1731420	0.4199081	0.0474497	-0.2691730	0.6914659	1.0615262	0.0946289	0.7030905	1.0647498	-0.2074432	0.6581631	1.1588659	-0.0489390	0.4177043	0.7053895	0.1533080	0.4753023	0.6162675	0.1786670	0.3318904	0.6167803	0.1846983	0.4177362	0.7179736	-0.2530964	0.4774561	0.6257529	-0.2872103	0.3288451	0.6198976	-0.2932931	0.5255266	0.3389413	0.1529741	0.4777805	0.2047769	0.1535072	0.4074753	0.2564657	0.1647996	0.5264350	0.3422064	-0.2821787	0.4759566	0.2076276	-0.2830722	0.4074254	0.2654914	-0.2861188	0.2426679	0.7120171	0.0525821	0.2367281	0.7103713	-0.1513097	0.3374618	1.0938233	0.2521651	0.3068348	1.1016827	0.1667689	0.1319378	0.8875294	0.2491542	0.0869548	0.9579734	0.2712802	0.4057091	1.0499802	-0.4079211	0.3743973	1.0861371	-0.3564360	0.1823418	0.9398985	-0.4232358	0.1585795	0.9956279	-0.4520468
90	1.4833333	0.6184300	1.0020890	-0.0554900	0.6370500	1.0175890	0.0998800	0.3858800	1.0983390	0.2013900	0.1365000	0.9709890	0.2528500	0.6239600	0.9953690	-0.2098800	0.4318100	1.0417190	-0.3949100	0.2224200	1.0139690	-0.4307400	0.2809700	0.7027490	-0.0524000	0.2952400	0.7122190	0.0714100	0.5763900	0.4815590	0.0671700	0.3302100	0.0689790	0.0698200	0.2771500	0.7016990	-0.1708200	0.5957200	0.4740090	-0.2103700	0.3463200	0.0819790	-0.1883500	0.5111500	0.0470290	-0.1849700	0.4728800	0.0462790	-0.2322600	0.2809000	0.0406390	-0.1792500	0.5137900	0.0471390	0.0846200	0.4816100	0.0445790	0.1252600	0.2721000	0.0332690	0.0570800	0.3709590	0.7370919	0.1170545	0.3599776	0.7330566	-0.2220486	0.1877958	0.8348447	0.0116013	0.1838885	0.8317301	-0.1204102	0.5842890	0.4793204	0.1493715	0.5996033	0.4766098	0.0163419	0.3264424	0.0708539	0.1163639	0.3523175	0.0700285	0.0122314	0.4807284	0.0458085	0.0961691	0.4193994	0.0489109	0.1564577	0.2384814	0.0421369	0.0387339	0.5896345	0.4839014	-0.2833159	0.6041202	0.4768993	-0.1533268	0.3269022	0.0832635	-0.2416831	0.3530013	0.0749424	-0.1404647	0.4750080	0.0523203	-0.2074594	0.2432754	0.0517361	-0.1736771	0.4199355	0.0512858	-0.2703343	0.6948554	1.0353681	0.0895720	0.7021733	1.0368676	-0.2112234	0.6613465	1.1320041	-0.0530068	0.4174657	0.6962400	0.1486179	0.4783219	0.6092005	0.1745104	0.3342701	0.6047783	0.1819394	0.4155450	0.7102457	-0.2562098	0.4799465	0.6205935	-0.2909900	0.3312038	0.6078420	-0.2964896	0.5308100	0.3361024	0.1497292	0.4793508	0.2030811	0.1500281	0.4106152	0.2561401	0.1617442	0.5339626	0.3424743	-0.2860332	0.4802581	0.2088476	-0.2851546	0.4136140	0.2686420	-0.2890385	0.2409287	0.6963206	0.0495979	0.2340868	0.6941202	-0.1545449	0.3534401	1.1072276	0.2486985	0.3215264	1.1178239	0.1616788	0.1322371	0.9194188	0.2423280	0.0909421	0.9963222	0.2659399	0.4186696	1.0460320	-0.4186654	0.3971549	1.0901428	-0.3736307	0.1932545	0.9808553	-0.4242245	0.1765172	1.0332462	-0.4559790
91	1.5000000	0.6101900	0.9744890	-0.0521600	0.6364800	1.0025190	0.1045000	0.3793300	1.0972190	0.1992900	0.1260200	0.9945790	0.2455900	0.6038400	0.9650890	-0.2085100	0.4443200	1.0419290	-0.3642400	0.2711000	1.0170590	-0.4182700	0.2793000	0.6837690	-0.0486900	0.2942800	0.6878590	0.0737500	0.5845100	0.4772690	0.0663300	0.3307200	0.0729990	0.0725300	0.2723400	0.6792090	-0.1683600	0.5995200	0.4672590	-0.2083800	0.3459500	0.0826890	-0.1861700	0.5109200	0.0452990	-0.1913600	0.4730900	0.0449390	-0.2353500	0.2756800	0.0402990	-0.1775100	0.5139000	0.0468190	0.0845400	0.4774700	0.0425990	0.1236300	0.2754700	0.0354190	0.0590700	0.3703667	0.7179464	0.1202262	0.3562284	0.7139227	-0.2188350	0.1858086	0.8140817	0.0160847	0.1806960	0.8109977	-0.1160069	0.5920292	0.4717745	0.1520603	0.6060897	0.4689629	0.0192654	0.3253540	0.0697937	0.1195991	0.3498310	0.0687134	0.0153396	0.4785612	0.0443873	0.0983257	0.4176716	0.0470115	0.1589813	0.2363429	0.0417944	0.0426769	0.5960294	0.4783690	-0.2817954	0.6109469	0.4713080	-0.1527807	0.3275013	0.0830152	-0.2372895	0.3540788	0.0744559	-0.1367801	0.4748621	0.0508265	-0.2048629	0.2445478	0.0523377	-0.1686933	0.4193469	0.0504172	-0.2669583	0.6975228	1.0098765	0.0912257	0.6970662	1.0094523	-0.2093325	0.6610257	1.1055013	-0.0505112	0.4182106	0.6837252	0.1501353	0.4820350	0.5985928	0.1764582	0.3380432	0.5892127	0.1856726	0.4127673	0.6985928	-0.2522096	0.4807659	0.6112381	-0.2877995	0.3322320	0.5928664	-0.2927720	0.5363707	0.3298865	0.1526967	0.4816732	0.1983707	0.1527861	0.4146667	0.2527921	0.1652808	0.5388853	0.3378816	-0.2837645	0.4827870	0.2053092	-0.2818076	0.4175515	0.2665342	-0.2860265	0.2403860	0.6772994	0.0535810	0.2316395	0.6751259	-0.1505559	0.3634330	1.1119967	0.2480186	0.3316370	1.1235816	0.1598626	0.1312367	0.9429069	0.2383873	0.0931941	1.0232662	0.2613068	0.4325476	1.0374595	-0.4098476	0.4182632	1.0818766	-0.3661724	0.2241236	1.0014140	-0.4149355	0.2106009	1.0485228	-0.4478481
92	1.5166667	0.5993500	0.9366390	-0.0577600	0.6138200	0.9679990	0.0981900	0.3808400	1.0741590	0.1778100	0.1206700	1.0277690	0.2219500	0.5999600	0.9323390	-0.2136600	0.4397000	1.0449090	-0.3375700	0.2742100	1.0159190	-0.4004300	0.2695900	0.6572090	-0.0500800	0.2885000	0.6669090	0.0726100	0.5846700	0.4702090	0.0661200	0.3309100	0.0730390	0.0725000	0.2715800	0.6554490	-0.1725400	0.5989300	0.4635890	-0.2079400	0.3464100	0.0834290	-0.1861500	0.5068800	0.0440890	-0.1874100	0.4728100	0.0461790	-0.2321700	0.2757700	0.0424490	-0.1763500	0.5135000	0.0469990	0.0845100	0.4773400	0.0429890	0.1237100	0.2721200	0.0338890	0.0610900	0.3609105	0.6918875	0.1188681	0.3452915	0.6866155	-0.2207458	0.1750556	0.7853956	0.0148574	0.1693179	0.7819103	-0.1175203	0.5919432	0.4612777	0.1513335	0.6053402	0.4580180	0.0188995	0.3194304	0.0639150	0.1190131	0.3430053	0.0625430	0.0149830	0.4717933	0.0383846	0.0967170	0.4112397	0.0403392	0.1576923	0.2298585	0.0358224	0.0426823	0.5959439	0.4680990	-0.2836407	0.6107159	0.4612126	-0.1552592	0.3231653	0.0780105	-0.2367518	0.3494893	0.0694791	-0.1367348	0.4690252	0.0448422	-0.2048921	0.2406227	0.0482025	-0.1681708	0.4136117	0.0444905	-0.2667032	0.6890605	0.9780118	0.0883390	0.6843525	0.9733332	-0.2130241	0.6511561	1.0711973	-0.0540276	0.4095365	0.6653101	0.1473385	0.4768760	0.5833837	0.1743953	0.3331317	0.5682390	0.1847203	0.4022099	0.6795586	-0.2528634	0.4743830	0.5954899	-0.2888210	0.3267382	0.5709077	-0.2940029	0.5349789	0.3206377	0.1522811	0.4777932	0.1905342	0.1523244	0.4124284	0.2450939	0.1647738	0.5378349	0.3288131	-0.2847477	0.4796658	0.1973762	-0.2816015	0.4161825	0.2595142	-0.2868345	0.2312566	0.6510331	0.0524755	0.2216407	0.6481158	-0.1520011	0.3617656	1.1031701	0.2331933	0.3338229	1.1120022	0.1473735	0.1228205	0.9635086	0.2227914	0.0898144	1.0457633	0.2428438	0.4345698	1.0321101	-0.3969826	0.4254896	1.0732687	-0.3480475	0.2382080	1.0074655	-0.4006385	0.2282259	1.0520280	-0.4303639
93	1.5333333	0.6118800	0.9163590	-0.0533100	0.6027200	0.9287890	0.1007900	0.3855300	1.0721590	0.1769500	0.1274700	1.0258790	0.2212700	0.6083900	0.9112890	-0.2123200	0.4345800	1.0117490	-0.3241300	0.2876500	1.0091390	-0.4129000	0.2665000	0.6455490	-0.0487400	0.2850400	0.6518090	0.0733000	0.5881700	0.4699390	0.0636600	0.3305100	0.0709090	0.0731300	0.2581100	0.6459990	-0.1720900	0.6030300	0.4590890	-0.2054100	0.3466800	0.0845590	-0.1865500	0.5108700	0.0452190	-0.1913600	0.4732600	0.0464390	-0.2320200	0.2811800	0.0440890	-0.1786900	0.5138200	0.0467690	0.0844600	0.4773400	0.0424790	0.1236300	0.2717000	0.0333990	0.0610400	0.3580900	0.6794497	0.1204040	0.3414395	0.6740720	-0.2194293	0.1719696	0.7729062	0.0165595	0.1658370	0.7693550	-0.1159618	0.5976251	0.4628232	0.1513588	0.6102707	0.4593026	0.0194835	0.3207754	0.0701676	0.1202192	0.3434544	0.0685996	0.0165766	0.4728361	0.0442505	0.0968211	0.4126947	0.0460017	0.1578868	0.2303602	0.0423555	0.0447260	0.6005499	0.4689459	-0.2821686	0.6152182	0.4620834	-0.1544963	0.3263017	0.0839791	-0.2338992	0.3524981	0.0754110	-0.1344865	0.4716266	0.0490444	-0.2032769	0.2441950	0.0552289	-0.1654035	0.4161543	0.0494106	-0.2646606	0.6873190	0.9567456	0.0890922	0.6813393	0.9499546	-0.2136545	0.6497064	1.0495708	-0.0542515	0.4072607	0.6607546	0.1460363	0.4778881	0.5812345	0.1735204	0.3344822	0.5610600	0.1856420	0.3994519	0.6746478	-0.2503757	0.4745819	0.5927412	-0.2866189	0.3268126	0.5631522	-0.2923527	0.5398326	0.3234545	0.1528322	0.4807313	0.1948588	0.1529295	0.4166206	0.2493803	0.1656778	0.5421252	0.3306810	-0.2828129	0.4830181	0.2004211	-0.2789679	0.4206435	0.2634564	-0.2847767	0.2285711	0.6397347	0.0538612	0.2183371	0.6367490	-0.1507529	0.3673844	1.1008777	0.2251994	0.3419125	1.1044653	0.1397807	0.1286870	0.9781248	0.2164216	0.0984213	1.0605351	0.2348807	0.4376503	1.0230889	-0.3776051	0.4296910	1.0554306	-0.3278724	0.2591574	1.0055186	-0.4022771	0.2500367	1.0459439	-0.4290380
94	1.5500000	0.6229700	0.8994090	-0.0530400	0.6302500	0.9174290	0.1071100	0.3995000	1.0475590	0.1697200	0.1309300	1.0199290	0.2026100	0.6172800	0.8913490	-0.2094800	0.4394200	0.9722590	-0.3025400	0.2862800	0.9963590	-0.3976300	0.2641200	0.6269890	-0.0480500	0.2893200	0.6315390	0.0719700	0.5893400	0.4586790	0.0709700	0.3371000	0.0730190	0.0804300	0.2597000	0.6279390	-0.1700600	0.6063000	0.4603790	-0.2045700	0.3508700	0.0868390	-0.1847700	0.5068300	0.0440790	-0.1875100	0.4726600	0.0463090	-0.2322400	0.2847200	0.0475490	-0.1755500	0.5136600	0.0489590	0.0851700	0.4773800	0.0429990	0.1261700	0.2737600	0.0323090	0.0636700	0.3569343	0.6596488	0.1216193	0.3380763	0.6548160	-0.2189905	0.1704887	0.7550634	0.0180278	0.1634621	0.7517888	-0.1148739	0.6014918	0.4562407	0.1526948	0.6139085	0.4526346	0.0212782	0.3221583	0.0682693	0.1215603	0.3445389	0.0667112	0.0185683	0.4735755	0.0425135	0.0974354	0.4134326	0.0435872	0.1584402	0.2316633	0.0407575	0.0469168	0.6046509	0.4658682	-0.2806995	0.6192462	0.4587237	-0.1531448	0.3299180	0.0843895	-0.2326699	0.3558204	0.0754816	-0.1336110	0.4732936	0.0480827	-0.2025769	0.2485520	0.0562873	-0.1644255	0.4183344	0.0489024	-0.2636607	0.6898851	0.9316922	0.0909262	0.6810417	0.9238291	-0.2137967	0.6517213	1.0249325	-0.0534274	0.4049196	0.6477769	0.1454746	0.4780391	0.5708009	0.1736063	0.3353499	0.5466507	0.1866093	0.3962120	0.6633842	-0.2487281	0.4742427	0.5846891	-0.2850428	0.3269325	0.5501751	-0.2916248	0.5429475	0.3184183	0.1542852	0.4824000	0.1913262	0.1543498	0.4198003	0.2454415	0.1668797	0.5461748	0.3285898	-0.2811436	0.4862804	0.1990853	-0.2771655	0.4253266	0.2627069	-0.2835329	0.2268186	0.6214894	0.0547598	0.2152681	0.6188319	-0.1503336	0.3753806	1.0799118	0.2140615	0.3529155	1.0778518	0.1292833	0.1347493	0.9730612	0.2023786	0.1075208	1.0550473	0.2172786	0.4394405	0.9927383	-0.3532156	0.4341335	1.0163675	-0.3056889	0.2708972	0.9909683	-0.3936246	0.2639046	1.0261056	-0.4159717
95	1.5666667	0.6112700	0.8742890	-0.0442400	0.6233400	0.9035890	0.1176400	0.4076200	1.0406590	0.1609700	0.1477000	1.0122190	0.1893700	0.6153100	0.8671290	-0.1973600	0.4536700	0.9589590	-0.3045900	0.3017200	0.9663290	-0.4211600	0.2686300	0.6129690	-0.0399700	0.2889400	0.6181290	0.0758300	0.5932700	0.4557990	0.0688200	0.3361000	0.0710690	0.0774100	0.2651600	0.6135290	-0.1596300	0.6068200	0.4570990	-0.2055400	0.3507200	0.0861190	-0.1846100	0.5108800	0.0451590	-0.1889700	0.4732300	0.0464990	-0.2320400	0.2850200	0.0532890	-0.1760700	0.5140200	0.0487390	0.0851600	0.4775200	0.0425590	0.1260100	0.2734600	0.0320290	0.0636500	0.3618582	0.6448083	0.1294808	0.3417752	0.6403492	-0.2104189	0.1753219	0.7405570	0.0263909	0.1678131	0.7374046	-0.1063009	0.6096998	0.4521197	0.1584426	0.6215305	0.4483642	0.0279211	0.3280291	0.0692291	0.1272355	0.3497523	0.0676014	0.0251951	0.4789341	0.0438209	0.1024976	0.4191576	0.0442483	0.1631229	0.2369941	0.0419647	0.0536002	0.6114436	0.4651424	-0.2744685	0.6266062	0.4572956	-0.1477253	0.3357504	0.0877968	-0.2276106	0.3619877	0.0782242	-0.1294661	0.4781836	0.0489881	-0.1988583	0.2553182	0.0605997	-0.1597172	0.4230218	0.0508831	-0.2595328	0.6961510	0.9118871	0.1003094	0.6861690	0.9024842	-0.2057947	0.6584065	1.0043940	-0.0448920	0.4088848	0.6379852	0.1511313	0.4837640	0.5632541	0.1791187	0.3423368	0.5360863	0.1932321	0.3986938	0.6558633	-0.2403184	0.4783604	0.5799092	-0.2773240	0.3322182	0.5411388	-0.2835627	0.5506137	0.3158343	0.1600025	0.4888619	0.1903286	0.1598952	0.4273673	0.2443368	0.1723385	0.5525181	0.3289523	-0.2751827	0.4916619	0.2004090	-0.2714442	0.4322144	0.2647243	-0.2779063	0.2317912	0.6076196	0.0625872	0.2194973	0.6051854	-0.1420821	0.3864378	1.0674183	0.2080924	0.3661253	1.0595790	0.1232315	0.1470697	0.9669838	0.1934410	0.1218129	1.0469778	0.2053748	0.4494614	0.9706843	-0.3371448	0.4401817	0.9858784	-0.2893107	0.2876028	0.9619404	-0.4015467	0.2794920	0.9946564	-0.4209904
96	1.5833333	0.6077800	0.8553590	-0.0418000	0.6249700	0.8840590	0.1211700	0.4156800	1.0296590	0.1641000	0.1497000	0.9986390	0.1855000	0.6027200	0.8427890	-0.1962500	0.4631300	0.9767390	-0.3254800	0.3297400	0.9383990	-0.4317700	0.2682900	0.6013590	-0.0431000	0.2875100	0.6100890	0.0730400	0.6015800	0.4552790	0.0699200	0.3367200	0.0731090	0.0768200	0.2663000	0.6010590	-0.1628100	0.6113800	0.4567890	-0.2029600	0.3471400	0.0875990	-0.1874400	0.5113300	0.0453790	-0.1890700	0.4728700	0.0462490	-0.2322100	0.2754400	0.0487590	-0.1767200	0.5096400	0.0475590	0.0834800	0.4771100	0.0429690	0.1236800	0.2738200	0.0325190	0.0636200	0.3619051	0.6327354	0.1261491	0.3404436	0.6280985	-0.2124003	0.1755341	0.7282693	0.0234766	0.1674399	0.7251183	-0.1087238	0.6122741	0.4500142	0.1540891	0.6239774	0.4460687	0.0244771	0.3274461	0.0703769	0.1224504	0.3488351	0.0686130	0.0212242	0.4768926	0.0439064	0.0973856	0.4173774	0.0440255	0.1576784	0.2366226	0.0436966	0.0495301	0.6126256	0.4644337	-0.2774928	0.6275506	0.4563594	-0.1517585	0.3349703	0.0905841	-0.2319581	0.3607143	0.0806975	-0.1346224	0.4767247	0.0498023	-0.2030354	0.2545316	0.0643308	-0.1649600	0.4217099	0.0523523	-0.2636296	0.6964344	0.8966344	0.1009036	0.6835326	0.8845800	-0.2068736	0.6576114	0.9873608	-0.0452564	0.4077744	0.6308845	0.1459769	0.4841546	0.5581749	0.1740806	0.3439228	0.5278393	0.1887119	0.3961352	0.6486458	-0.2421716	0.4773402	0.5752531	-0.2794619	0.3330975	0.5334111	-0.2859263	0.5523471	0.3147118	0.1555826	0.4889567	0.1902040	0.1553041	0.4288767	0.2441599	0.1675538	0.5531964	0.3292104	-0.2784842	0.4910955	0.2014559	-0.2748788	0.4331008	0.2663700	-0.2816174	0.2320162	0.5962815	0.0588612	0.2188967	0.5937385	-0.1449899	0.3921101	1.0546172	0.2024334	0.3722157	1.0443137	0.1164196	0.1535803	0.9518684	0.1826033	0.1285798	1.0309846	0.1915333	0.4575617	0.9689941	-0.3457888	0.4393781	0.9787638	-0.2907328	0.3082244	0.9263111	-0.4162464	0.2938757	0.9614967	-0.4374648
97	1.6000000	0.6183600	0.8478790	-0.0423400	0.6257900	0.8621990	0.1092500	0.4119700	1.0178390	0.1673000	0.1569700	0.9809390	0.1875800	0.6198600	0.8450090	-0.2004500	0.4522700	0.9532490	-0.2999700	0.3335600	0.9196890	-0.3833700	0.2759900	0.5967990	-0.0388200	0.2863200	0.6038790	0.0761500	0.6074200	0.4525590	0.0803700	0.3414300	0.0745490	0.0812300	0.2745300	0.5952990	-0.1608100	0.6115500	0.4491090	-0.2040300	0.3423200	0.0815090	-0.1868000	0.5152600	0.0449390	-0.1870900	0.4777400	0.0444990	-0.2307400	0.2777800	0.0401890	-0.1795100	0.5100400	0.0490790	0.0831600	0.4774100	0.0424290	0.1262600	0.2774200	0.0340590	0.0633100	0.3688103	0.6276317	0.1299597	0.3483336	0.6231895	-0.2070489	0.1838090	0.7231869	0.0272136	0.1761169	0.7201187	-0.1044403	0.6200781	0.4510934	0.1580787	0.6318117	0.4469794	0.0296119	0.3324486	0.0753373	0.1248073	0.3538270	0.0734185	0.0247444	0.4804594	0.0477451	0.0991600	0.4214253	0.0472589	0.1589459	0.2418807	0.0494457	0.0526583	0.6169453	0.4629197	-0.2742377	0.6317148	0.4544112	-0.1496891	0.3387215	0.0917109	-0.2307846	0.3641226	0.0814268	-0.1346546	0.4818957	0.0500840	-0.2016309	0.2576267	0.0654635	-0.1651327	0.4265493	0.0529699	-0.2621448	0.7027949	0.8877736	0.1055096	0.6897936	0.8746801	-0.2022359	0.6643289	0.9777107	-0.0410526	0.4141451	0.6288097	0.1487734	0.4910684	0.5573502	0.1771175	0.3518071	0.5253318	0.1917088	0.4024807	0.6449738	-0.2375445	0.4829408	0.5725281	-0.2751413	0.3402245	0.5304050	-0.2808477	0.5591492	0.3168388	0.1592679	0.4944716	0.1934190	0.1584767	0.4354171	0.2476063	0.1702157	0.5571562	0.3283834	-0.2756020	0.4945439	0.2012165	-0.2725422	0.4374853	0.2666410	-0.2792122	0.2396045	0.5918443	0.0625345	0.2270726	0.5894111	-0.1404116	0.3965219	1.0445999	0.2058751	0.3776556	1.0319248	0.1189500	0.1647558	0.9360589	0.1816377	0.1387859	1.0144709	0.1883357	0.4604496	0.9655119	-0.3360580	0.4386877	0.9721712	-0.2768025	0.3221607	0.9014353	-0.3939156	0.3029787	0.9364848	-0.4174822
98	1.6166667	0.6102000	0.8417190	-0.0450600	0.6226700	0.8530990	0.1049500	0.4209600	0.9834190	0.1659200	0.1783800	0.9505990	0.1902000	0.5990600	0.8401290	-0.1968800	0.4589400	0.9246490	-0.3134900	0.3481000	0.9102190	-0.3819700	0.2812700	0.5932190	-0.0361300	0.2930600	0.6019390	0.0766600	0.6116600	0.4507190	0.0826700	0.3413000	0.0724090	0.0816100	0.2809000	0.5933990	-0.1547300	0.6145100	0.4449690	-0.2033700	0.3428800	0.0786190	-0.1853400	0.5190000	0.0466290	-0.1852200	0.4811300	0.0456890	-0.2291100	0.2764700	0.0379690	-0.1797400	0.5135500	0.0489490	0.0878000	0.4771000	0.0428690	0.1264400	0.2766300	0.0356090	0.0631800	0.3731952	0.6240353	0.1314542	0.3528772	0.6198449	-0.2031035	0.1886458	0.7177864	0.0298666	0.1810102	0.7148794	-0.1008703	0.6239258	0.4508088	0.1608392	0.6360847	0.4467625	0.0334498	0.3332797	0.0777152	0.1250433	0.3549064	0.0757713	0.0259957	0.4803476	0.0490118	0.0999201	0.4215147	0.0477795	0.1591611	0.2430040	0.0524034	0.0529534	0.6179788	0.4605808	-0.2732426	0.6330082	0.4517479	-0.1498921	0.3385657	0.0908113	-0.2310522	0.3640719	0.0803035	-0.1359568	0.4840704	0.0495160	-0.2011670	0.2566069	0.0640567	-0.1665104	0.4278081	0.0520406	-0.2617721	0.7034079	0.8814235	0.1075228	0.6868064	0.8684422	-0.1989973	0.6631771	0.9699624	-0.0381334	0.4180990	0.6259132	0.1510108	0.4949130	0.5554896	0.1792916	0.3566378	0.5227531	0.1929340	0.4057736	0.6409913	-0.2344053	0.4853227	0.5692603	-0.2726218	0.3443149	0.5275830	-0.2773146	0.5619163	0.3172667	0.1614635	0.4959332	0.1944635	0.1601801	0.4378705	0.2489905	0.1710313	0.5575819	0.3265480	-0.2748418	0.4942874	0.1998276	-0.2720517	0.4380825	0.2652768	-0.2786390	0.2451821	0.5880396	0.0645004	0.2327567	0.5857650	-0.1369809	0.4030329	1.0243836	0.2063377	0.3842783	1.0080660	0.1203565	0.1799589	0.9131275	0.1840415	0.1520817	0.9887376	0.1907791	0.4592765	0.9523746	-0.3378800	0.4393064	0.9545858	-0.2800290	0.3339227	0.8828807	-0.3853138	0.3121462	0.9147480	-0.4114654
99	1.6333333	0.6153600	0.8592990	-0.0456600	0.6154900	0.8586390	0.1053000	0.4051100	0.9633790	0.1800900	0.1915500	0.9131290	0.2027100	0.6238700	0.8546590	-0.1956300	0.4437900	0.9148490	-0.3456900	0.3376500	0.8304990	-0.4224700	0.2815200	0.5998290	-0.0364800	0.2878600	0.6070090	0.0750300	0.6153800	0.4511290	0.0774800	0.3407000	0.0705290	0.0810700	0.2849400	0.5988690	-0.1565800	0.6158700	0.4400790	-0.2009400	0.3376100	0.0773890	-0.1831000	0.5154500	0.0448690	-0.1869700	0.4769800	0.0408190	-0.2308400	0.2767000	0.0370990	-0.1736200	0.5098800	0.0473490	0.0836900	0.4771800	0.0423090	0.1263000	0.2804500	0.0372190	0.0652700	0.3716322	0.6304250	0.1304072	0.3542014	0.6267393	-0.2021314	0.1887766	0.7246735	0.0289100	0.1822739	0.7220687	-0.1010890	0.6223491	0.4550930	0.1591612	0.6346235	0.4511146	0.0321194	0.3308755	0.0828625	0.1237638	0.3525846	0.0808376	0.0250107	0.4772748	0.0524610	0.0978980	0.4187518	0.0511142	0.1572404	0.2409611	0.0579751	0.0518776	0.6135799	0.4600370	-0.2738764	0.6286942	0.4512994	-0.1515420	0.3332808	0.0924128	-0.2310964	0.3589185	0.0821522	-0.1369683	0.4808695	0.0506465	-0.2018244	0.2506442	0.0660433	-0.1672891	0.4237583	0.0531003	-0.2620497	0.6977028	0.8870631	0.1056088	0.6837932	0.8747086	-0.1999855	0.6582650	0.9753085	-0.0405660	0.4175578	0.6322595	0.1492798	0.4939424	0.5610214	0.1774843	0.3556294	0.5283601	0.1914023	0.4063527	0.6441938	-0.2345746	0.4839100	0.5710158	-0.2727876	0.3433369	0.5318720	-0.2765630	0.5599074	0.3216315	0.1601286	0.4935820	0.1989321	0.1591252	0.4358598	0.2537447	0.1694698	0.5524050	0.3263369	-0.2750380	0.4887032	0.2002975	-0.2720791	0.4330309	0.2659130	-0.2784763	0.2447534	0.5945056	0.0633971	0.2340877	0.5925375	-0.1369018	0.4002605	1.0071611	0.2141137	0.3794663	0.9924757	0.1281745	0.1920334	0.8814785	0.1938812	0.1569882	0.9494447	0.2048359	0.4480148	0.9452947	-0.3636198	0.4200641	0.9437930	-0.2971479	0.3420234	0.8267456	-0.3973370	0.3096257	0.8555239	-0.4305671
100	1.6500000	0.6366400	0.8786190	-0.0482200	0.6331800	0.8768290	0.1054800	0.4040100	0.9340590	0.1838900	0.2139800	0.8732590	0.2236400	0.6227000	0.8776290	-0.2015600	0.3900300	0.8654490	-0.3500900	0.3194800	0.7193890	-0.4417700	0.2901100	0.6069490	-0.0352500	0.3031200	0.6134690	0.0810500	0.6147800	0.4518990	0.0697100	0.3454900	0.0719990	0.0828400	0.2931500	0.6037490	-0.1575500	0.6232600	0.4416990	-0.1930800	0.3514700	0.0812890	-0.1848500	0.5192800	0.0444790	-0.1820900	0.4803000	0.0418690	-0.2264500	0.2807600	0.0391190	-0.1753500	0.5171800	0.0484490	0.0828700	0.4808200	0.0441690	0.1248200	0.2870300	0.0379390	0.0696700	0.3792911	0.6373969	0.1310563	0.3631496	0.6347554	-0.2006828	0.1969455	0.7325505	0.0301125	0.1909419	0.7304618	-0.0996133	0.6273669	0.4562055	0.1569570	0.6386046	0.4525564	0.0300256	0.3363881	0.0846215	0.1240599	0.3573243	0.0826858	0.0254070	0.4817980	0.0538578	0.0967075	0.4242405	0.0518224	0.1565427	0.2463642	0.0597555	0.0529748	0.6174431	0.4604614	-0.2720474	0.6325241	0.4515859	-0.1496854	0.3376891	0.0931888	-0.2307135	0.3635104	0.0829881	-0.1367974	0.4858609	0.0514082	-0.2014304	0.2548454	0.0667442	-0.1675889	0.4284896	0.0535115	-0.2616535	0.7023759	0.8965247	0.1050930	0.6880307	0.8872905	-0.1999705	0.6620076	0.9855657	-0.0409639	0.4263121	0.6360144	0.1488954	0.5014074	0.5636905	0.1763562	0.3633291	0.5331589	0.1912984	0.4154970	0.6479463	-0.2331241	0.4909439	0.5735368	-0.2712186	0.3502278	0.5371111	-0.2748167	0.5646477	0.3229483	0.1585596	0.4985669	0.2001501	0.1584200	0.4413489	0.2552936	0.1685765	0.5557648	0.3269567	-0.2732815	0.4922517	0.2012188	-0.2707555	0.4369213	0.2664739	-0.2772655	0.2530745	0.6011836	0.0644875	0.2432064	0.5998634	-0.1353670	0.4054782	0.9771557	0.2146137	0.3787393	0.9636604	0.1352495	0.2187954	0.8362284	0.2078684	0.1758123	0.8894931	0.2258050	0.4161789	0.9100366	-0.3825126	0.3840959	0.9002802	-0.3060562	0.3474558	0.7368864	-0.4064460	0.3012285	0.7547052	-0.4425296
101	1.6666667	0.6377000	0.8862990	-0.0477100	0.6380200	0.8862390	0.1066100	0.3999100	0.9073590	0.1951400	0.2819900	0.8176290	0.2601400	0.6383900	0.9044790	-0.1952100	0.4006000	0.8597390	-0.3304700	0.3115700	0.6699090	-0.3992600	0.2983300	0.6165990	-0.0387800	0.3122500	0.6242990	0.0821200	0.6147600	0.4476290	0.0647500	0.3547700	0.0733490	0.0828400	0.3187500	0.6198490	-0.1656700	0.6347000	0.4407490	-0.1855000	0.3519000	0.0821790	-0.1839000	0.5153700	0.0427390	-0.1839600	0.4769800	0.0407890	-0.2308300	0.2907600	0.0462490	-0.1755100	0.5176500	0.0483090	0.0829000	0.4809900	0.0436290	0.1246900	0.2966400	0.0393290	0.0696200	0.3855337	0.6470059	0.1281232	0.3732342	0.6449959	-0.2039619	0.2045921	0.7435950	0.0259502	0.2000707	0.7418716	-0.1039448	0.6293366	0.4559657	0.1508481	0.6396417	0.4524120	0.0240489	0.3429330	0.0853414	0.1219467	0.3630973	0.0834034	0.0234953	0.4862174	0.0541783	0.0933499	0.4298885	0.0517013	0.1533622	0.2538474	0.0601290	0.0517141	0.6232077	0.4605367	-0.2710118	0.6373134	0.4516022	-0.1485872	0.3417015	0.0958833	-0.2325913	0.3667741	0.0856741	-0.1388447	0.4872082	0.0516524	-0.2035254	0.2590577	0.0708925	-0.1704685	0.4307227	0.0546590	-0.2634863	0.7056195	0.9086637	0.1028299	0.6931099	0.9044007	-0.2022672	0.6654733	0.9989971	-0.0436980	0.4333566	0.6410782	0.1436188	0.5066097	0.5667072	0.1707462	0.3689898	0.5395326	0.1869000	0.4265348	0.6528841	-0.2348841	0.4999953	0.5766337	-0.2719485	0.3585564	0.5438368	-0.2770718	0.5673064	0.3231351	0.1536635	0.5026030	0.2005515	0.1548163	0.4459772	0.2554871	0.1646349	0.5602208	0.3277379	-0.2725549	0.4960566	0.2028825	-0.2707640	0.4418134	0.2680294	-0.2777564	0.2601702	0.6106059	0.0608456	0.2526475	0.6096614	-0.1392565	0.4080966	0.9466327	0.2248799	0.3793652	0.9278901	0.1485849	0.2784145	0.7850053	0.2327634	0.2256673	0.8187163	0.2615127	0.3971412	0.8890220	-0.3839708	0.3656269	0.8711779	-0.2989161	0.3488179	0.6734861	-0.3877355	0.2945730	0.6815617	-0.4201260
102	1.6833333	0.6401900	0.9150090	-0.0485500	0.6413200	0.9153190	0.0985500	0.4139200	0.8824490	0.2170700	0.2878900	0.7007490	0.2619500	0.6479800	0.9259590	-0.1872800	0.4075100	0.8219590	-0.3328400	0.3288400	0.5957790	-0.3874700	0.3080600	0.6291690	-0.0343400	0.3318700	0.6350190	0.0848100	0.6102400	0.4451390	0.0592600	0.3559200	0.0718390	0.0826400	0.3106500	0.6302590	-0.1646700	0.6291300	0.4369390	-0.1785300	0.3554600	0.0823390	-0.1792400	0.5153700	0.0453090	-0.1869500	0.4770100	0.0422290	-0.2303600	0.2897500	0.0441190	-0.1743300	0.5173500	0.0484890	0.0830200	0.4816200	0.0443890	0.1280900	0.2930200	0.0374590	0.0676200	0.3952018	0.6598411	0.1322922	0.3833251	0.6589911	-0.2002518	0.2138078	0.7579934	0.0306081	0.2094710	0.7567775	-0.0994854	0.6308758	0.4534668	0.1492390	0.6387324	0.4498665	0.0223564	0.3471977	0.0853534	0.1258118	0.3654975	0.0830910	0.0271887	0.4880694	0.0544965	0.0965627	0.4335557	0.0519444	0.1566185	0.2580351	0.0598803	0.0563158	0.6256006	0.4589596	-0.2630733	0.6389558	0.4500950	-0.1403509	0.3447265	0.0960084	-0.2284890	0.3695285	0.0858633	-0.1347544	0.4882299	0.0506767	-0.2010127	0.2625754	0.0716266	-0.1665886	0.4324775	0.0546274	-0.2605003	0.7102997	0.9289283	0.1050755	0.6982558	0.9296825	-0.1980238	0.6690177	1.0206224	-0.0405070	0.4438006	0.6464078	0.1450996	0.5139891	0.5689834	0.1710963	0.3770282	0.5469814	0.1898989	0.4373745	0.6583952	-0.2295197	0.5075856	0.5794566	-0.2656706	0.3654866	0.5520059	-0.2715423	0.5689303	0.3213856	0.1534678	0.5054024	0.1992270	0.1561780	0.4492480	0.2546331	0.1662023	0.5619105	0.3268126	-0.2653680	0.4981684	0.2026408	-0.2648454	0.4441941	0.2673401	-0.2717867	0.2696954	0.6225473	0.0656669	0.2624152	0.6223210	-0.1347443	0.4121637	0.9043313	0.2528728	0.3815898	0.8880800	0.1721843	0.3198106	0.7021516	0.2408549	0.2633218	0.7204690	0.2783527	0.3942998	0.8495165	-0.3775268	0.3590346	0.8262807	-0.2860209	0.3650614	0.6071649	-0.3611598	0.3043046	0.6092583	-0.3933104
103	1.7000000	0.6416800	0.9469690	-0.0490100	0.6436500	0.9552090	0.1100100	0.4089200	0.8459590	0.2187800	0.3326100	0.6308590	0.2447900	0.6535900	0.9547490	-0.1946400	0.4096400	0.7813190	-0.3376700	0.3913000	0.5543090	-0.3621200	0.3389800	0.6441990	-0.0252000	0.3481200	0.6442690	0.0879300	0.6138000	0.4471090	0.0538400	0.3535600	0.0711290	0.0733400	0.3417800	0.6466290	-0.1465500	0.6320400	0.4357590	-0.1741900	0.3598800	0.0830590	-0.1792300	0.5149400	0.0448590	-0.1870500	0.4736700	0.0429890	-0.2325200	0.2883700	0.0448590	-0.1734200	0.5137100	0.0447090	0.0837300	0.4770000	0.0404990	0.1230500	0.2921700	0.0353590	0.0667200	0.4249042	0.6767515	0.1406365	0.4141297	0.6765079	-0.1919954	0.2416726	0.7720002	0.0394607	0.2377327	0.7711247	-0.0906847	0.6452059	0.4490646	0.1491322	0.6506551	0.4455570	0.0225891	0.3599705	0.0849153	0.1290395	0.3763872	0.0821556	0.0303459	0.4984445	0.0530144	0.1006153	0.4452190	0.0508156	0.1602434	0.2702355	0.0598711	0.0598697	0.6409888	0.4568090	-0.2532085	0.6538293	0.4474711	-0.1311886	0.3563824	0.0969359	-0.2240757	0.3809812	0.0860541	-0.1308844	0.4967409	0.0486326	-0.1983761	0.2750717	0.0734410	-0.1624929	0.4417953	0.0546224	-0.2571613	0.7265172	0.9599283	0.1120641	0.7171831	0.9640072	-0.1918275	0.6835449	1.0502437	-0.0348255	0.4735354	0.6497181	0.1507983	0.5380460	0.5693592	0.1744814	0.4031099	0.5554609	0.1959431	0.4665334	0.6631745	-0.2209128	0.5313086	0.5817394	-0.2564468	0.3909017	0.5618000	-0.2611852	0.5819295	0.3180146	0.1541941	0.5182738	0.1961043	0.1577656	0.4627230	0.2533205	0.1679479	0.5750073	0.3256632	-0.2567135	0.5100443	0.2021718	-0.2577771	0.4574066	0.2674389	-0.2647032	0.3004627	0.6363660	0.0752001	0.2938147	0.6365116	-0.1252799	0.4158669	0.8606007	0.2710761	0.3854489	0.8479608	0.1826719	0.3720155	0.6317078	0.2304387	0.3135228	0.6360394	0.2707382	0.4063329	0.8101650	-0.3696121	0.3712922	0.7825303	-0.2783871	0.4189712	0.5590010	-0.3286908	0.3555336	0.5506718	-0.3606917
104	1.7166667	0.6362300	0.9744290	-0.0472900	0.6372100	0.9736790	0.1159200	0.4327200	0.8085590	0.2265500	0.4161500	0.5718390	0.2372800	0.6348700	0.9718690	-0.2037600	0.4462300	0.7552990	-0.3281400	0.4693600	0.4958890	-0.3360900	0.3525500	0.6558490	-0.0328200	0.3581800	0.6510590	0.0801500	0.6122400	0.4459190	0.0414800	0.3584000	0.0744690	0.0732400	0.3542700	0.6580290	-0.1520600	0.6319900	0.4386090	-0.1720700	0.3557300	0.0823590	-0.1755000	0.5113700	0.0419790	-0.1884300	0.4719000	0.0442190	-0.2291000	0.2920600	0.0463090	-0.1707800	0.5177400	0.0468790	0.0825500	0.4804300	0.0422290	0.1238600	0.3019100	0.0415990	0.0686900	0.4371725	0.6899563	0.1324572	0.4269380	0.6912795	-0.1993293	0.2514480	0.7803796	0.0324071	0.2476213	0.7803410	-0.0974632	0.6436719	0.4445234	0.1335098	0.6466549	0.4408837	0.0071410	0.3578013	0.0823482	0.1192546	0.3720802	0.0790064	0.0203115	0.4928759	0.0486277	0.0917851	0.4412590	0.0477356	0.1512863	0.2678432	0.0577419	0.0505259	0.6399199	0.4527731	-0.2582322	0.6521401	0.4436577	-0.1367263	0.3523293	0.0950859	-0.2291499	0.3766456	0.0843126	-0.1361720	0.4886676	0.0458939	-0.2046983	0.2718737	0.0722374	-0.1671957	0.4345918	0.0529980	-0.2628520	0.7218472	0.9885649	0.1066176	0.7121527	0.9938209	-0.2005399	0.6750879	1.0754011	-0.0422727	0.4864536	0.6517540	0.1394773	0.5456882	0.5690305	0.1613579	0.4125522	0.5613120	0.1853446	0.4778667	0.6641009	-0.2278882	0.5377693	0.5807922	-0.2625993	0.3995703	0.5683930	-0.2672064	0.5795978	0.3140992	0.1401328	0.5159554	0.1922344	0.1452162	0.4612063	0.2504284	0.1558465	0.5721702	0.3226125	-0.2614380	0.5063073	0.1997902	-0.2622381	0.4544840	0.2647287	-0.2697142	0.3141539	0.6463258	0.0674182	0.3078248	0.6474284	-0.1325606	0.4271489	0.8118144	0.2850010	0.3954536	0.8015656	0.1879083	0.4448826	0.5749121	0.2105237	0.3867714	0.5629412	0.2554594	0.4297773	0.7666150	-0.3681856	0.3949005	0.7354069	-0.2790307	0.4870720	0.5138312	-0.3057008	0.4227517	0.4949938	-0.3391000
105	1.7333333	0.6226100	1.0013090	-0.0448300	0.6342300	1.0016090	0.1212400	0.4731000	0.7939990	0.2371100	0.5279700	0.5517190	0.2318500	0.6174100	0.9996190	-0.2142600	0.5092800	0.7569690	-0.3198600	0.6075500	0.5138290	-0.3017900	0.3644500	0.6761590	-0.0220500	0.3644200	0.6716990	0.0817800	0.6155100	0.4547790	0.0332500	0.3531600	0.0781290	0.0822200	0.3763500	0.6799990	-0.1329700	0.6196100	0.4448890	-0.1731600	0.3562600	0.0836290	-0.1768300	0.5044100	0.0403590	-0.1891800	0.4654700	0.0399990	-0.2325700	0.2933800	0.0451990	-0.1657900	0.5180000	0.0466190	0.0823900	0.4807600	0.0436190	0.1242300	0.2888800	0.0441090	0.0791700	0.4476485	0.7124474	0.1416588	0.4373019	0.7154223	-0.1882269	0.2574766	0.7954198	0.0442302	0.2535845	0.7961076	-0.0849583	0.6427295	0.4483300	0.1322059	0.6418940	0.4446145	0.0061419	0.3547966	0.0882228	0.1286655	0.3658327	0.0841539	0.0291790	0.4882346	0.0521388	0.0991883	0.4388824	0.0523143	0.1598697	0.2626007	0.0643704	0.0619806	0.6325534	0.4537016	-0.2485512	0.6449166	0.4442805	-0.1276711	0.3468192	0.0956078	-0.2193437	0.3721036	0.0847956	-0.1265710	0.4808173	0.0443880	-0.1981029	0.2680231	0.0730482	-0.1561333	0.4270090	0.0532335	-0.2553818	0.7125501	1.0269783	0.1150745	0.7000750	1.0318831	-0.1969744	0.6593978	1.1103232	-0.0361148	0.4995041	0.6617769	0.1442015	0.5538726	0.5767003	0.1636191	0.4222965	0.5754321	0.1917823	0.4869089	0.6722353	-0.2182124	0.5403000	0.5862982	-0.2527964	0.4039113	0.5825087	-0.2554201	0.5778445	0.3184600	0.1416759	0.5141680	0.1964385	0.1492999	0.4596370	0.2562106	0.1610868	0.5642578	0.3238290	-0.2518711	0.4995293	0.2010649	-0.2527130	0.4470180	0.2654017	-0.2599134	0.3264710	0.6644965	0.0779614	0.3200321	0.6666198	-0.1208998	0.4630040	0.7873485	0.3062869	0.4240225	0.7784714	0.2046704	0.5464409	0.5659019	0.2031290	0.4936428	0.5368528	0.2502398	0.4817850	0.7533646	-0.3597370	0.4476770	0.7199251	-0.2743533	0.6092779	0.5303302	-0.2715956	0.5502828	0.4923637	-0.3079120
106	1.7500000	0.6154100	1.0368390	-0.0452900	0.6233300	1.0410590	0.1159900	0.5291200	0.7982190	0.2457500	0.6216500	0.5584090	0.2196400	0.6150600	1.0324890	-0.2162900	0.5653400	0.7738490	-0.3111200	0.7443400	0.5672190	-0.2551200	0.3821400	0.6990190	-0.0243700	0.3821800	0.6956590	0.0769100	0.6323100	0.4669690	0.0233800	0.3406600	0.0735890	0.0794400	0.3814200	0.7007290	-0.1366800	0.6311300	0.4518290	-0.1651000	0.3508200	0.0844690	-0.1768400	0.5087800	0.0424290	-0.1905000	0.4678300	0.0427590	-0.2307400	0.2878500	0.0448690	-0.1717000	0.5175200	0.0469190	0.0802400	0.4852100	0.0475490	0.1230200	0.2762000	0.0433190	0.0790300	0.4634485	0.7380747	0.1374428	0.4527165	0.7417457	-0.1890846	0.2687411	0.8117124	0.0428697	0.2646287	0.8127931	-0.0849570	0.6480848	0.4540012	0.1189787	0.6439443	0.4504106	-0.0069932	0.3532318	0.0944649	0.1255929	0.3614366	0.0898125	0.0250114	0.4872164	0.0555165	0.0944234	0.4390218	0.0568077	0.1566906	0.2576617	0.0709772	0.0602207	0.6340798	0.4585277	-0.2494550	0.6456302	0.4490703	-0.1285821	0.3469101	0.0994784	-0.2212622	0.3721026	0.0886159	-0.1278356	0.4797343	0.0462699	-0.2010438	0.2679677	0.0770429	-0.1573873	0.4260839	0.0562097	-0.2585747	0.7058254	1.0689912	0.1123212	0.6913646	1.0716481	-0.2039328	0.6468118	1.1470393	-0.0413169	0.5188905	0.6731676	0.1363780	0.5683243	0.5859711	0.1536615	0.4376917	0.5920438	0.1853094	0.5025968	0.6826660	-0.2196945	0.5504682	0.5946594	-0.2541000	0.4161727	0.5992753	-0.2563398	0.5810362	0.3241656	0.1312002	0.5158018	0.2014254	0.1412389	0.4614704	0.2630228	0.1543327	0.5644239	0.3285847	-0.2533407	0.4997009	0.2053515	-0.2543132	0.4469467	0.2699883	-0.2617528	0.3448846	0.6853904	0.0748063	0.3382069	0.6879448	-0.1220283	0.5230975	0.7817935	0.3126526	0.4738470	0.7704541	0.2140250	0.6467824	0.5839453	0.1879146	0.6057251	0.5422538	0.2363545	0.5616804	0.7584914	-0.3557035	0.5207729	0.7272564	-0.2717635	0.7470609	0.5964406	-0.2320051	0.7045748	0.5393438	-0.2680937
107	1.7666667	0.6029400	1.0774990	-0.0427100	0.6104200	1.0773990	0.1171400	0.5891800	0.8285190	0.2470700	0.7814600	0.6327890	0.2017800	0.6049400	1.0822290	-0.2107400	0.6321400	0.8105090	-0.3058000	0.8348400	0.6263190	-0.2331600	0.3433500	0.7188290	-0.0275100	0.3592400	0.7209490	0.0821400	0.6143700	0.4688790	0.0316100	0.3469800	0.0836390	0.0903200	0.3344200	0.7069190	-0.1460800	0.6246900	0.4591190	-0.1659600	0.3509400	0.0833690	-0.1765200	0.5049800	0.0402790	-0.1891600	0.4647700	0.0416090	-0.2325400	0.2887900	0.0473890	-0.1729300	0.5095000	0.0489190	0.0827200	0.4773000	0.0441290	0.1253600	0.2802800	0.0499090	0.0847700	0.4245525	0.7592223	0.1333317	0.4121682	0.7633816	-0.1907826	0.2265711	0.8298106	0.0405225	0.2218077	0.8311477	-0.0863585	0.6115606	0.4629450	0.1117028	0.6039238	0.4599868	-0.0151224	0.3218156	0.0994498	0.1257068	0.3276251	0.0951409	0.0238257	0.4538251	0.0591254	0.0913389	0.4079506	0.0615345	0.1556925	0.2252138	0.0757601	0.0612498	0.5958884	0.4662709	-0.2490642	0.6073954	0.4567669	-0.1260454	0.3170797	0.1002924	-0.2216909	0.3424728	0.0901626	-0.1263908	0.4497125	0.0488368	-0.2020057	0.2378414	0.0765250	-0.1565111	0.3959578	0.0582510	-0.2604296	0.6570299	1.1013134	0.1082444	0.6410561	1.1020887	-0.2089235	0.5940704	1.1773776	-0.0462863	0.4847827	0.6885565	0.1299688	0.5340206	0.5987641	0.1470675	0.4021850	0.6071213	0.1812445	0.4670061	0.6970231	-0.2202785	0.5138425	0.6064691	-0.2548105	0.3767211	0.6145792	-0.2596918	0.5459583	0.3320528	0.1259928	0.4829380	0.2083293	0.1378698	0.4280493	0.2691168	0.1521994	0.5286406	0.3347531	-0.2533393	0.4674115	0.2104143	-0.2546505	0.4120930	0.2729796	-0.2624196	0.3067993	0.7042306	0.0708973	0.2991694	0.7070892	-0.1244998	0.5843365	0.7944760	0.3125064	0.5305374	0.7685535	0.2220268	0.7718905	0.6622559	0.1717419	0.7505444	0.6059262	0.2129429	0.6305836	0.7953883	-0.3483125	0.5795774	0.7560005	-0.2706765	0.8407780	0.6762219	-0.1995941	0.8087631	0.6117440	-0.2383714
108	1.7833333	0.6088900	1.1164490	-0.0496200	0.6260700	1.1223090	0.1089700	0.6528600	0.8729890	0.2422400	0.9456700	0.7254390	0.1852500	0.6024100	1.1168790	-0.2144100	0.6865200	0.8635990	-0.2984200	1.0458300	0.7609190	-0.2393700	0.3322300	0.7308190	-0.0270200	0.3523000	0.7261790	0.0824900	0.6135300	0.4762090	0.0269500	0.3524000	0.0893590	0.0935200	0.3230000	0.7305090	-0.1405300	0.6196100	0.4625790	-0.1646500	0.3511200	0.0866090	-0.1774200	0.5010100	0.0429290	-0.1914000	0.4644000	0.0415090	-0.2326900	0.2877200	0.0482290	-0.1745600	0.5026600	0.0453390	0.0843200	0.4743000	0.0419890	0.1273800	0.2804300	0.0503290	0.0908200	0.4155178	0.7722486	0.1326922	0.3992589	0.7764858	-0.1904377	0.2134362	0.8436621	0.0421850	0.2071751	0.8450772	-0.0842729	0.6079060	0.4680259	0.1090680	0.5970934	0.4649366	-0.0184842	0.3239435	0.1022589	0.1315101	0.3273546	0.0978543	0.0284732	0.4530104	0.0606108	0.0926856	0.4095969	0.0635506	0.1593944	0.2271712	0.0784656	0.0691460	0.5884676	0.4694141	-0.2449993	0.5993883	0.4597731	-0.1203368	0.3189136	0.0983919	-0.2212066	0.3442412	0.0885681	-0.1246770	0.4511492	0.0481041	-0.2024432	0.2398056	0.0735502	-0.1553877	0.3978259	0.0567172	-0.2611430	0.6454221	1.1277277	0.1065519	0.6253081	1.1283931	-0.2109111	0.5775442	1.2044397	-0.0477959	0.4794390	0.6979589	0.1276610	0.5299506	0.6064531	0.1449540	0.3963508	0.6166597	0.1819134	0.4595947	0.7056567	-0.2181909	0.5064767	0.6130136	-0.2523185	0.3656484	0.6233838	-0.2586894	0.5437512	0.3367110	0.1253841	0.4829620	0.2124389	0.1393587	0.4281466	0.2727691	0.1551254	0.5237248	0.3368756	-0.2503256	0.4661987	0.2116239	-0.2530113	0.4088041	0.2727984	-0.2606341	0.2966209	0.7157596	0.0714770	0.2866955	0.7187143	-0.1233658	0.6821464	0.8389656	0.3059032	0.6349795	0.7960808	0.2188852	0.9265015	0.7719299	0.1576818	0.9191504	0.7080473	0.1921325	0.7372436	0.8546411	-0.3379177	0.6918606	0.8039891	-0.2604718	0.9890893	0.8025071	-0.1941055	0.9724531	0.7315812	-0.2282000
109	1.8000000	0.6039400	1.1546290	-0.0394400	0.6254700	1.1541990	0.1197800	0.7294800	0.9159190	0.2352100	1.0378700	0.8522890	0.1579200	0.5948400	1.1554490	-0.2073100	0.7122300	0.9346790	-0.2867500	1.0865000	0.8660690	-0.2204700	0.3472500	0.7441390	-0.0339600	0.3582500	0.7431890	0.0801200	0.6114900	0.4774190	0.0282400	0.3535100	0.0933590	0.0962400	0.3461500	0.7398690	-0.1502800	0.6237800	0.4679790	-0.1669800	0.3508900	0.0856390	-0.1771600	0.5043200	0.0438790	-0.1897100	0.4648900	0.0417490	-0.2326200	0.2835800	0.0478690	-0.1754000	0.4995900	0.0458690	0.0890700	0.4701800	0.0415290	0.1291300	0.2873900	0.0566990	0.0914000	0.4315090	0.7869631	0.1255828	0.4130780	0.7910614	-0.1979692	0.2264966	0.8584036	0.0358093	0.2193414	0.8598596	-0.0908116	0.6211474	0.4721258	0.1032362	0.6083844	0.4683153	-0.0242420	0.3436513	0.1052566	0.1323713	0.3455348	0.1001471	0.0292722	0.4692445	0.0608264	0.0914946	0.4271304	0.0648148	0.1589154	0.2476762	0.0817304	0.0719256	0.6031940	0.4742139	-0.2479933	0.6132994	0.4650516	-0.1225842	0.3377858	0.0998982	-0.2267278	0.3624617	0.0904672	-0.1295461	0.4691833	0.0493188	-0.2070341	0.2581928	0.0750180	-0.1610670	0.4164494	0.0577487	-0.2660301	0.6561290	1.1577605	0.1044921	0.6312525	1.1625133	-0.2146686	0.5830783	1.2351142	-0.0496599	0.4965347	0.7061715	0.1197851	0.5458701	0.6132881	0.1379675	0.4121989	0.6275706	0.1759706	0.4766057	0.7142556	-0.2240627	0.5226160	0.6200905	-0.2572618	0.3801470	0.6332927	-0.2647213	0.5583156	0.3409211	0.1212763	0.4996303	0.2162417	0.1369520	0.4451274	0.2765257	0.1532891	0.5395019	0.3409333	-0.2538273	0.4836903	0.2149144	-0.2572799	0.4254896	0.2754533	-0.2652199	0.3122301	0.7285879	0.0648722	0.3010064	0.7314562	-0.1302365	0.7660500	0.9026700	0.2904506	0.7327202	0.8464562	0.2083923	1.0288261	0.8963287	0.1321543	1.0333195	0.8287065	0.1657703	0.7960401	0.9215656	-0.3274793	0.7555957	0.8672267	-0.2587492	1.0591901	0.9119267	-0.1889642	1.0567293	0.8405106	-0.2211357
110	1.8166667	0.6019000	1.1931890	-0.0380400	0.6023700	1.1940090	0.1207500	0.7743700	1.0043090	0.2168500	1.0189400	1.0845190	0.0218600	0.6140300	1.1856890	-0.2019100	0.6696000	1.0088290	-0.2043400	0.9963800	1.0417490	-0.1914200	0.3501300	0.7716390	-0.0389500	0.3592400	0.7756490	0.0799900	0.6030800	0.4865990	0.0333500	0.3489500	0.0918790	0.0944300	0.3465100	0.7680790	-0.1523200	0.6088900	0.4761190	-0.1590100	0.3515200	0.0893690	-0.1843200	0.5005000	0.0428290	-0.1857700	0.4648300	0.0437290	-0.2333500	0.2875600	0.0521090	-0.1795900	0.4983600	0.0453190	0.0885500	0.4701800	0.0422590	0.1294600	0.2791500	0.0537990	0.0914700	0.4332121	0.8160411	0.1212910	0.4168167	0.8194024	-0.2023339	0.2283635	0.8873098	0.0294784	0.2219541	0.8884731	-0.0971378	0.6168173	0.4871108	0.1023869	0.6034230	0.4825174	-0.0254766	0.3474188	0.1142379	0.1348254	0.3491043	0.1083929	0.0315777	0.4722161	0.0665148	0.0926095	0.4304967	0.0715272	0.1604054	0.2515740	0.0906068	0.0749867	0.6012931	0.4871823	-0.2453810	0.6091937	0.4789008	-0.1194762	0.3418533	0.1080554	-0.2292939	0.3647546	0.0993122	-0.1316049	0.4724103	0.0562458	-0.2069951	0.2610344	0.0834396	-0.1650673	0.4211160	0.0652732	-0.2668529	0.6505542	1.2023750	0.1056796	0.6297313	1.2073673	-0.2148583	0.5773553	1.2786051	-0.0502211	0.4990127	0.7277659	0.1154107	0.5458423	0.6325013	0.1350948	0.4121178	0.6516142	0.1726842	0.4817275	0.7336435	-0.2265019	0.5253022	0.6369171	-0.2578389	0.3828275	0.6551651	-0.2678534	0.5560412	0.3546842	0.1216041	0.5003020	0.2283641	0.1383417	0.4444020	0.2880387	0.1542458	0.5393760	0.3527809	-0.2522225	0.4861428	0.2256628	-0.2569673	0.4265781	0.2852224	-0.2657147	0.3145638	0.7558670	0.0595179	0.3045425	0.7582408	-0.1356148	0.8190242	0.9983089	0.2590350	0.8011409	0.9357579	0.1769014	1.0164944	1.1032620	0.0452000	1.0532336	1.0372170	0.0713207	0.7471046	0.9935341	-0.2972988	0.7231099	0.9517916	-0.2190679	1.0077837	1.0681218	-0.1747514	1.0278265	1.0012613	-0.1950541
111	1.8333333	0.5916000	1.2453190	-0.0348700	0.5786200	1.2465390	0.1121000	0.8283900	1.0924590	0.2378600	1.0063500	1.2422690	0.0345400	0.6176500	1.2479590	-0.1773900	0.7222600	1.0892790	-0.2289500	0.9062600	1.2355590	-0.1727700	0.3460800	0.7997690	-0.0345900	0.3580500	0.8014490	0.0810900	0.5995000	0.4956190	0.0310200	0.3533000	0.0936290	0.0963800	0.3501300	0.7981690	-0.1505300	0.5896300	0.4845490	-0.1563500	0.3507800	0.0916890	-0.1806000	0.5042700	0.0439590	-0.1897700	0.4659100	0.0456790	-0.2352800	0.2824300	0.0518390	-0.1779100	0.4986800	0.0450890	0.0883300	0.4701900	0.0415890	0.1290900	0.2844200	0.0594290	0.0954000	0.4273224	0.8451453	0.1259945	0.4151620	0.8486812	-0.1968911	0.2240501	0.9188963	0.0318303	0.2192394	0.9201723	-0.0945054	0.6048140	0.5012482	0.1094889	0.5905191	0.4960310	-0.0196152	0.3456020	0.1206532	0.1437206	0.3470261	0.1143541	0.0400307	0.4687578	0.0696179	0.0988289	0.4280558	0.0751798	0.1675866	0.2503397	0.0973894	0.0848985	0.5875203	0.4981388	-0.2356994	0.5937920	0.4905661	-0.1087240	0.3370973	0.1120362	-0.2254004	0.3589011	0.1039342	-0.1273568	0.4688624	0.0597097	-0.2003016	0.2549819	0.0873700	-0.1626258	0.4181851	0.0686746	-0.2612694	0.6335640	1.2493758	0.1150791	0.6218657	1.2555567	-0.2031684	0.5631946	1.3245224	-0.0416344	0.4946970	0.7493460	0.1204341	0.5386894	0.6513485	0.1412168	0.4043574	0.6756166	0.1786103	0.4789755	0.7519541	-0.2213614	0.5184545	0.6523875	-0.2511194	0.3766473	0.6774876	-0.2624862	0.5465952	0.3672298	0.1290009	0.4948129	0.2389248	0.1463370	0.4369321	0.2975228	0.1623683	0.5279566	0.3623990	-0.2436226	0.4784202	0.2337780	-0.2502270	0.4170685	0.2916288	-0.2590573	0.3091695	0.7836656	0.0632264	0.3016872	0.7861168	-0.1314574	0.8471407	1.1190602	0.2608558	0.8457819	1.0501387	0.1773587	0.9681152	1.2756597	0.0187767	1.0342703	1.2344828	0.0475541	0.7234037	1.0787539	-0.2820495	0.7204012	1.0422027	-0.2080954	0.9187101	1.2559687	-0.1599605	0.9596635	1.2145561	-0.1672134
112	1.8500000	0.5847900	1.2915890	-0.0303100	0.6047600	1.2991590	0.1077300	0.8625300	1.1876390	0.2366200	1.0372700	1.3368190	0.1121900	0.5599400	1.2922090	-0.1782700	0.7633300	1.1526790	-0.2830900	0.9289900	1.3895890	-0.1952200	0.3517000	0.8290290	-0.0335900	0.3571300	0.8268090	0.0814400	0.5903900	0.5042990	0.0345000	0.3481100	0.0955290	0.0951600	0.3478800	0.8273490	-0.1489800	0.5726700	0.4936390	-0.1611400	0.3387100	0.0905590	-0.1826700	0.5079600	0.0457790	-0.1879200	0.4692800	0.0470190	-0.2335200	0.2811700	0.0548290	-0.1766800	0.4984700	0.0455390	0.0863000	0.4701700	0.0424490	0.1292400	0.2779000	0.0601890	0.0948000	0.4345601	0.8742707	0.1264042	0.4204899	0.8798297	-0.1966234	0.2300108	0.9512966	0.0350363	0.2244103	0.9534065	-0.0913382	0.5975753	0.5117481	0.1113413	0.5824717	0.5067504	-0.0186875	0.3476746	0.1240893	0.1460952	0.3488478	0.1178139	0.0420182	0.4703485	0.0702030	0.0988794	0.4303915	0.0761768	0.1686601	0.2527842	0.1017841	0.0884425	0.5767505	0.5091476	-0.2336440	0.5826015	0.5024631	-0.1060725	0.3365891	0.1154319	-0.2259904	0.3586013	0.1082248	-0.1279921	0.4712341	0.0624641	-0.1986929	0.2538441	0.0910260	-0.1639499	0.4203755	0.0709043	-0.2602898	0.6301703	1.2967949	0.1188120	0.6102098	1.3052545	-0.1965307	0.5538447	1.3707842	-0.0334626	0.5007344	0.7678643	0.1228447	0.5396532	0.6667459	0.1436092	0.4053878	0.6985725	0.1807798	0.4823237	0.7700854	-0.2223128	0.5163030	0.6677630	-0.2510053	0.3753777	0.7011897	-0.2608134	0.5412984	0.3765105	0.1304141	0.4933258	0.2462170	0.1479180	0.4337820	0.3037830	0.1643375	0.5194941	0.3723183	-0.2420591	0.4740951	0.2421512	-0.2499739	0.4107913	0.2976325	-0.2579333	0.3150865	0.8120826	0.0646801	0.3064236	0.8157735	-0.1300901	0.8608448	1.2234501	0.2804087	0.8775061	1.1518901	0.1997761	0.9817960	1.3804791	0.0511598	1.0504968	1.3633806	0.0890002	0.7503593	1.1801879	-0.3086412	0.7747438	1.1426831	-0.2410661	0.8863462	1.3979966	-0.1775001	0.9367427	1.3896432	-0.1858068
113	1.8666667	0.5873800	1.3325590	-0.0311700	0.6105500	1.3317890	0.0995800	0.8745500	1.2979090	0.2310300	1.0105000	1.4644790	0.1188900	0.5587000	1.3403490	-0.1776000	0.8315800	1.2923990	-0.3184000	0.9189500	1.5069990	-0.2060800	0.3754000	0.8580190	-0.0285000	0.3913000	0.8567090	0.0822600	0.5831400	0.5154390	0.0328800	0.3493000	0.0997590	0.0954200	0.3667600	0.8623490	-0.1441700	0.5671600	0.5069990	-0.1615100	0.3435700	0.0948890	-0.1839800	0.5035000	0.0459090	-0.1892600	0.4688000	0.0487590	-0.2335400	0.2811800	0.0554690	-0.1770100	0.4990700	0.0470190	0.0855900	0.4748800	0.0451590	0.1301300	0.2827200	0.0656990	0.0923600	0.4613394	0.9029042	0.1294528	0.4419991	0.9110594	-0.1926006	0.2551408	0.9825404	0.0436264	0.2474345	0.9856798	-0.0823458	0.6017848	0.5191453	0.1147995	0.5850209	0.5151333	-0.0155664	0.3602506	0.1250603	0.1492685	0.3605918	0.1193503	0.0453433	0.4820195	0.0686900	0.1004928	0.4430266	0.0750410	0.1706501	0.2652700	0.1041643	0.0930704	0.5767599	0.5188813	-0.2301848	0.5836037	0.5123344	-0.1018808	0.3458704	0.1180570	-0.2256102	0.3690703	0.1110167	-0.1276595	0.4828158	0.0626339	-0.1960832	0.2635313	0.0942179	-0.1638238	0.4315392	0.0709107	-0.2582811	0.6430379	1.3433131	0.1220923	0.6111598	1.3549330	-0.1883313	0.5591058	1.4153586	-0.0234911	0.5236226	0.7828057	0.1282670	0.5554754	0.6786903	0.1483380	0.4235126	0.7199700	0.1859173	0.5002113	0.7864920	-0.2209125	0.5268392	0.6817585	-0.2488913	0.3879523	0.7252588	-0.2553078	0.5470579	0.3829400	0.1332028	0.5026055	0.2507218	0.1503355	0.4415159	0.3072569	0.1674291	0.5213343	0.3813813	-0.2393770	0.4796498	0.2498815	-0.2490438	0.4145405	0.3027280	-0.2553086	0.3402266	0.8400245	0.0703590	0.3283401	0.8452509	-0.1238032	0.8654784	1.3161614	0.2947083	0.9004511	1.2487876	0.2200543	0.9702668	1.4923265	0.0712155	1.0347230	1.4865039	0.1107777	0.7992422	1.3046089	-0.3532821	0.8441127	1.2615910	-0.2870551	0.8805178	1.5213290	-0.1894848	0.9329795	1.5321507	-0.2084369
114	1.8833333	0.5947800	1.3954590	-0.0340600	0.6119600	1.3905590	0.1095700	0.8623000	1.4079990	0.2336800	0.9436000	1.6116790	0.1101000	0.5948200	1.4034490	-0.1867400	0.8652300	1.4112990	-0.3353400	0.9032400	1.6357390	-0.1933200	0.4026800	0.8984290	-0.0364600	0.4153900	0.8957390	0.0828100	0.5580700	0.5305690	0.0399600	0.3510700	0.1061590	0.0950900	0.3918600	0.8976090	-0.1460200	0.5554700	0.5230090	-0.1630000	0.3450800	0.1081690	-0.1826900	0.5008100	0.0429490	-0.1904600	0.4735900	0.0517490	-0.2343300	0.2849600	0.0603790	-0.1777600	0.4951300	0.0460690	0.0875900	0.4706200	0.0445590	0.1288900	0.2825600	0.0689090	0.0916800	0.4907893	0.9432694	0.1212807	0.4685604	0.9524578	-0.2021031	0.2836191	1.0254555	0.0377757	0.2747452	1.0291077	-0.0887873	0.5949602	0.5350046	0.1104963	0.5785803	0.5317400	-0.0202696	0.3655849	0.1326544	0.1419459	0.3672216	0.1273591	0.0385566	0.4875827	0.0719341	0.0922858	0.4483361	0.0786315	0.1620736	0.2719783	0.1133968	0.0866843	0.5723729	0.5367593	-0.2364960	0.5798863	0.5310718	-0.1076738	0.3517969	0.1291026	-0.2337723	0.3758118	0.1225975	-0.1361217	0.4896199	0.0691159	-0.2015636	0.2703382	0.1070491	-0.1725058	0.4387128	0.0775273	-0.2639861	0.6530008	1.4027038	0.1176498	0.6170332	1.4165227	-0.1936439	0.5638008	1.4715353	-0.0261958	0.5446067	0.8058586	0.1237985	0.5653588	0.6990909	0.1438908	0.4377595	0.7531113	0.1797336	0.5192747	0.8100526	-0.2321232	0.5363193	0.7032089	-0.2582518	0.4020320	0.7594229	-0.2623167	0.5422967	0.3981361	0.1280638	0.5027168	0.2637928	0.1444182	0.4390908	0.3179790	0.1608445	0.5190329	0.3988980	-0.2457422	0.4814043	0.2659788	-0.2566161	0.4145529	0.3160922	-0.2616046	0.3681198	0.8801145	0.0632759	0.3544480	0.8858829	-0.1316864	0.8517561	1.4250802	0.3041010	0.8984099	1.3654605	0.2325648	0.9179341	1.6188352	0.0815154	0.9790534	1.6249393	0.1188224	0.8381298	1.4325960	-0.3871012	0.8927466	1.3837939	-0.3180598	0.8742802	1.6388741	-0.1885342	0.9269870	1.6598638	-0.2119473
115	1.9000000	0.5663400	1.4591290	-0.0399100	0.5827300	1.4546790	0.1186400	0.8577300	1.5126790	0.2343300	0.8906600	1.7554490	0.0773100	0.5706500	1.4715090	-0.1894500	0.8470300	1.5025790	-0.3432500	0.8808600	1.7216790	-0.2150300	0.4143600	0.9402990	-0.0381600	0.4272700	0.9364390	0.0810400	0.5309400	0.5447690	0.0501800	0.3500800	0.1157190	0.0936000	0.4103500	0.9394390	-0.1506800	0.5276300	0.5377090	-0.1803200	0.3551400	0.1175190	-0.1839800	0.5008900	0.0461090	-0.1880700	0.4707000	0.0487290	-0.2329100	0.2874900	0.0665090	-0.1765600	0.4988800	0.0468890	0.0878200	0.4752900	0.0473390	0.1296900	0.2817600	0.0713090	0.0847200	0.5034605	0.9868751	0.1200532	0.4798383	0.9953367	-0.2053342	0.2940759	1.0677755	0.0374838	0.2846815	1.0712255	-0.0900508	0.5662478	0.5522895	0.1156331	0.5526800	0.5495248	-0.0167156	0.3553694	0.1383695	0.1415022	0.3607852	0.1334577	0.0384588	0.4805884	0.0739201	0.0913288	0.4400091	0.0796321	0.1609898	0.2640858	0.1195989	0.0862560	0.5460045	0.5550482	-0.2386920	0.5561454	0.5504024	-0.1090759	0.3433921	0.1377747	-0.2346774	0.3704163	0.1323545	-0.1375867	0.4821973	0.0728620	-0.1998405	0.2651263	0.1176450	-0.1730901	0.4308720	0.0806175	-0.2623849	0.6368599	1.4662579	0.1196275	0.5999092	1.4810308	-0.1944456	0.5430652	1.5298007	-0.0244292	0.5471467	0.8294174	0.1289325	0.5549315	0.7204370	0.1490527	0.4319480	0.7880764	0.1812205	0.5194514	0.8328229	-0.2388012	0.5254369	0.7243109	-0.2632241	0.3973273	0.7940401	-0.2640090	0.5172209	0.4142251	0.1318693	0.4851469	0.2772313	0.1475083	0.4170466	0.3280868	0.1616618	0.4966623	0.4166676	-0.2472250	0.4657247	0.2819527	-0.2588502	0.3960036	0.3278107	-0.2616869	0.3800283	0.9216159	0.0624456	0.3654862	0.9268931	-0.1337429	0.8420563	1.5358301	0.2962078	0.8910368	1.4835439	0.2206485	0.8655644	1.7424481	0.0696706	0.9251389	1.7574413	0.1016610	0.8338126	1.5259955	-0.4047083	0.8884588	1.4751599	-0.3317225	0.8525897	1.7305916	-0.1940454	0.9051759	1.7527378	-0.2220785
116	1.9166667	0.5804000	1.5289790	-0.0354000	0.5925300	1.5286490	0.1067600	0.8477600	1.6084690	0.2372400	0.8355000	1.8616390	0.1059900	0.5791900	1.5361190	-0.1933000	0.8378700	1.5978290	-0.3449900	0.8423700	1.8081090	-0.1938600	0.4364100	0.9888790	-0.0443400	0.4514200	0.9892790	0.0725600	0.5077200	0.5630590	0.0535900	0.3641900	0.1240090	0.0954500	0.4201900	0.9888290	-0.1506600	0.5077700	0.5633790	-0.1787700	0.3680000	0.1249290	-0.1822900	0.5000200	0.0468090	-0.1880700	0.4786600	0.0519790	-0.2359500	0.3068800	0.0906890	-0.1725100	0.5061800	0.0480290	0.0884900	0.4751600	0.0458390	0.1306000	0.3015900	0.0858090	0.0813200	0.5277198	1.0367272	0.1139924	0.5013635	1.0443200	-0.2128770	0.3164087	1.1186364	0.0331153	0.3059471	1.1219228	-0.0952171	0.5426247	0.5772946	0.1186678	0.5341238	0.5746391	-0.0154828	0.3585308	0.1508246	0.1390595	0.3698958	0.1462561	0.0364768	0.4856660	0.0801707	0.0889320	0.4435056	0.0849897	0.1584610	0.2726713	0.1338409	0.0834743	0.5258940	0.5813937	-0.2429145	0.5399839	0.5776971	-0.1124276	0.3478935	0.1536073	-0.2368841	0.3792768	0.1491958	-0.1407234	0.4863001	0.0812198	-0.2008197	0.2748665	0.1369574	-0.1741920	0.4345600	0.0885635	-0.2628377	0.6341114	1.5358837	0.1179634	0.5967023	1.5500518	-0.1993549	0.5358604	1.5938830	-0.0269511	0.5574189	0.8588612	0.1320446	0.5507603	0.7485216	0.1521730	0.4331431	0.8310311	0.1788280	0.5270612	0.8621047	-0.2494845	0.5212493	0.7525754	-0.2714595	0.4003411	0.8363188	-0.2691018	0.4989594	0.4388880	0.1337287	0.4769472	0.2998077	0.1493605	0.4039179	0.3448087	0.1598981	0.4821210	0.4428086	-0.2507178	0.4599756	0.3061652	-0.2634503	0.3868025	0.3470784	-0.2627429	0.4025141	0.9701899	0.0570620	0.3863209	0.9749175	-0.1400585	0.8394900	1.6354915	0.2937080	0.8923724	1.5917728	0.2149297	0.8240560	1.8487833	0.0807428	0.8800000	1.8783848	0.1092582	0.8346499	1.6219924	-0.4050654	0.8881497	1.5714167	-0.3327367	0.8281690	1.8144749	-0.1815121	0.8831281	1.8452568	-0.2058144
117	1.9333333	0.5772000	1.6012090	-0.0318800	0.5924300	1.5946390	0.1134000	0.8358000	1.6893090	0.2450300	0.8142000	1.9494690	0.0941200	0.5665700	1.6018590	-0.1871100	0.8180900	1.6622990	-0.3454100	0.8106200	1.8838390	-0.1890200	0.4510500	1.0521090	-0.0450600	0.4606600	1.0483890	0.0707700	0.4684000	0.6028890	0.0665000	0.3851800	0.1569490	0.1011900	0.4560200	1.0581890	-0.1642200	0.4662200	0.6037990	-0.1863100	0.3854200	0.1363190	-0.1757100	0.5050800	0.0445090	-0.1877400	0.4883800	0.0536390	-0.2373400	0.3241000	0.0873590	-0.1741700	0.4993500	0.0488790	0.0875000	0.4788800	0.0486790	0.1300600	0.3353000	0.1198690	0.0922700	0.5426158	1.1018683	0.1148221	0.5174227	1.1073181	-0.2146602	0.3297463	1.1828740	0.0325631	0.3197165	1.1854444	-0.0970773	0.5081293	0.6199907	0.1275670	0.5067153	0.6165894	-0.0073902	0.3612697	0.1787501	0.1446454	0.3800562	0.1741964	0.0439793	0.4865204	0.0976615	0.0935564	0.4441109	0.1008300	0.1623372	0.2844483	0.1651204	0.0900196	0.4941895	0.6218944	-0.2406402	0.5135069	0.6195049	-0.1088713	0.3511428	0.1804114	-0.2346674	0.3887387	0.1776324	-0.1395634	0.4894280	0.0999186	-0.1971783	0.2858581	0.1674115	-0.1707734	0.4368470	0.1062031	-0.2589480	0.6224012	1.6174298	0.1216244	0.5884896	1.6304171	-0.1975859	0.5220142	1.6689293	-0.0246659	0.5553322	0.9039443	0.1413223	0.5344590	0.7932059	0.1610520	0.4238592	0.8906007	0.1807958	0.5253993	0.9043523	-0.2546072	0.5067096	0.7942346	-0.2738072	0.3943806	0.8927346	-0.2693129	0.4726498	0.4813396	0.1420187	0.4635147	0.3403385	0.1589175	0.3856278	0.3775554	0.1640132	0.4583631	0.4831056	-0.2485963	0.4483621	0.3442603	-0.2634541	0.3709714	0.3779664	-0.2582609	0.4163696	1.0336918	0.0569717	0.4008613	1.0371216	-0.1417600	0.8367198	1.7262124	0.2974753	0.8909533	1.6876214	0.2137520	0.7957945	1.9396581	0.0826968	0.8533692	1.9789145	0.1090334	0.8186881	1.7027886	-0.4046961	0.8707666	1.6536420	-0.3297024	0.7946755	1.8897834	-0.1735966	0.8523046	1.9272007	-0.1961368
118	1.9500000	0.5580000	1.6594490	-0.0345000	0.5712300	1.6594190	0.1235100	0.8128400	1.7555690	0.2579500	0.7799000	1.9901690	0.1288000	0.5629500	1.6646090	-0.1890200	0.8040800	1.7334990	-0.3450800	0.7910700	1.9441290	-0.1918000	0.4725700	1.1008190	-0.0422700	0.4830800	1.0947690	0.0667400	0.4287300	0.6443690	0.0750400	0.4173500	0.1864990	0.1019800	0.4692100	1.1049790	-0.1607500	0.4190300	0.6505590	-0.1975600	0.4202700	0.1658890	-0.1893700	0.5295200	0.0523490	-0.1744100	0.5204000	0.0573990	-0.2236200	0.4116200	0.1495590	-0.1588100	0.4962900	0.0454890	0.0905500	0.4678200	0.0472290	0.1287200	0.4172300	0.1786090	0.0749100	0.5600309	1.1528221	0.1181172	0.5409104	1.1582524	-0.2100152	0.3495485	1.2303750	0.0339698	0.3417867	1.2330528	-0.0953828	0.4774476	0.6525327	0.1326013	0.4895153	0.6490698	0.0027683	0.3800971	0.2016898	0.1452163	0.4102203	0.1979716	0.0518296	0.4939797	0.1036515	0.1010399	0.4519579	0.1074504	0.1643310	0.3215879	0.1974994	0.0915306	0.4703805	0.6555804	-0.2351322	0.4982567	0.6542811	-0.1050138	0.3762874	0.2027543	-0.2302728	0.4230403	0.2015113	-0.1387671	0.5098820	0.1087908	-0.1923404	0.3251638	0.1976542	-0.1656766	0.4562316	0.1159978	-0.2526913	0.6121459	1.6843296	0.1247506	0.5881776	1.6937673	-0.1922151	0.5148612	1.7254466	-0.0225613	0.5493931	0.9363500	0.1536427	0.5163007	0.8259581	0.1691093	0.4169469	0.9352697	0.1770113	0.5271024	0.9376844	-0.2551666	0.4968942	0.8277959	-0.2715192	0.3957104	0.9369875	-0.2634009	0.4527379	0.5153213	0.1455769	0.4578960	0.3745407	0.1652360	0.3790141	0.4023806	0.1601169	0.4450852	0.5177270	-0.2437914	0.4500463	0.3778206	-0.2614414	0.3711729	0.4031177	-0.2500316	0.4364914	1.0812344	0.0587435	0.4246614	1.0847359	-0.1391821	0.8260199	1.7833438	0.3146252	0.8843628	1.7484913	0.2283341	0.7671149	1.9924117	0.1003071	0.8238704	2.0402006	0.1275385	0.8085608	1.7662809	-0.4044785	0.8610761	1.7196838	-0.3290392	0.7729891	1.9450415	-0.1667295	0.8312131	1.9898556	-0.1890463
119	1.9666667	0.5429100	1.7094590	-0.0350400	0.5664500	1.7139790	0.1229300	0.7955400	1.8090190	0.2666700	0.7536600	2.0367590	0.1209300	0.5400700	1.7172390	-0.1859400	0.7693100	1.7979690	-0.3442900	0.7604900	2.0001590	-0.1859400	0.4861400	1.1491490	-0.0489800	0.5013600	1.1454090	0.0591000	0.4261800	0.7130890	0.0784700	0.4143300	0.2101890	0.0994300	0.4828700	1.1538390	-0.1657700	0.4060500	0.7295190	-0.1825700	0.3949200	0.2758990	-0.1973800	0.5105100	0.0753690	-0.1715800	0.5036300	0.0772790	-0.2195700	0.3763400	0.2101890	-0.1773900	0.4987900	0.0893690	0.0980600	0.4892600	0.0957990	0.1373700	0.3829000	0.1520590	0.0983100	0.5733261	1.2002961	0.1109995	0.5534096	1.2093906	-0.2158687	0.3618798	1.2766775	0.0290149	0.3537951	1.2808840	-0.0998376	0.4501215	0.6912087	0.1287862	0.4722648	0.6871200	0.0025445	0.3857671	0.2319626	0.1408112	0.4241254	0.2283827	0.0517415	0.4944875	0.1271201	0.1032638	0.4517808	0.1300241	0.1628657	0.3398508	0.2312566	0.0866505	0.4451876	0.7000453	-0.2395176	0.4814331	0.6983437	-0.1112600	0.3812509	0.2399247	-0.2346360	0.4364790	0.2385370	-0.1465270	0.5136263	0.1279834	-0.1971411	0.3412362	0.2442117	-0.1699049	0.4578235	0.1389618	-0.2561113	0.5982278	1.7471281	0.1214805	0.5752583	1.7540414	-0.1950782	0.4993249	1.7793768	-0.0252828	0.5424993	0.9723175	0.1543661	0.4994749	0.8631243	0.1672909	0.4099736	0.9814066	0.1667263	0.5206340	0.9781850	-0.2650242	0.4816255	0.8701800	-0.2787158	0.3901838	0.9865694	-0.2663552	0.4323191	0.5548416	0.1416099	0.4470274	0.4140234	0.1638642	0.3679165	0.4348455	0.1516867	0.4255086	0.5624173	-0.2490945	0.4390113	0.4206666	-0.2694506	0.3602590	0.4434234	-0.2509440	0.4505199	1.1278265	0.0516739	0.4382066	1.1336882	-0.1455326	0.8085260	1.8324551	0.3228413	0.8703426	1.7999852	0.2365413	0.7369902	2.0335670	0.1022721	0.7933926	2.0867115	0.1307790	0.7808339	1.8274303	-0.4104988	0.8337736	1.7821253	-0.3361356	0.7416265	1.9981487	-0.1663340	0.7990687	2.0472621	-0.1901450
120	1.9833333	0.5395000	1.7711390	-0.0332500	0.5563000	1.7710490	0.1302900	0.7714100	1.8679790	0.2688900	0.7337100	2.0868990	0.1293500	0.5333100	1.7710390	-0.1862400	0.7563500	1.8518190	-0.3457000	0.7426800	2.0531790	-0.1946900	0.4961300	1.2038790	-0.0521000	0.5034500	1.2080390	0.0561700	0.4269000	0.7493090	0.0782000	0.3820600	0.2970190	0.0989900	0.4931700	1.2065690	-0.1688200	0.4138200	0.7703690	-0.1898700	0.3830600	0.3083490	-0.2016700	0.4687000	0.1151590	-0.1703300	0.4667300	0.1174590	-0.2175600	0.3381700	0.2676990	-0.1959800	0.4758500	0.1282190	0.0894000	0.4654800	0.1330990	0.1243100	0.3632500	0.1661790	0.0897900	0.5814260	1.2540853	0.1084857	0.5628884	1.2660656	-0.2170845	0.3705971	1.3281503	0.0257723	0.3630743	1.3334416	-0.1024337	0.4288843	0.7393480	0.1259875	0.4581911	0.7346695	0.0041066	0.3782887	0.2759245	0.1373971	0.4221853	0.2723577	0.0529949	0.4827351	0.1647630	0.1049447	0.4391197	0.1673991	0.1606809	0.3398978	0.2786988	0.0832120	0.4266714	0.7538368	-0.2436336	0.4666444	0.7511807	-0.1170824	0.3719045	0.2915439	-0.2388449	0.4303498	0.2892595	-0.1529445	0.4984711	0.1609154	-0.1968700	0.3381104	0.3052460	-0.1765187	0.4436191	0.1760585	-0.2558934	0.5832957	1.8113905	0.1214873	0.5623232	1.8182183	-0.1944513	0.4831917	1.8372754	-0.0251584	0.5340505	1.0179238	0.1542586	0.4846690	0.9097778	0.1653983	0.4050857	1.0347544	0.1591315	0.5166897	1.0279200	-0.2689398	0.4712402	0.9218838	-0.2822731	0.3887684	1.0434604	-0.2682164	0.4135689	0.6036581	0.1390205	0.4315206	0.4633971	0.1629151	0.3532227	0.4796050	0.1449791	0.4080358	0.6164638	-0.2540527	0.4234483	0.4736037	-0.2756337	0.3462947	0.4964970	-0.2532686	0.4605915	1.1812994	0.0476124	0.4490902	1.1889373	-0.1488348	0.7868412	1.8822017	0.3309230	0.8504569	1.8514024	0.2456048	0.7127328	2.0769798	0.1062879	0.7676922	2.1333676	0.1362913	0.7590364	1.8829512	-0.4139239	0.8115639	1.8380352	-0.3404032	0.7180418	2.0502356	-0.1678909	0.7744412	2.1019325	-0.1932019
121	2.0000000	0.5429300	1.8118590	-0.0316400	0.5516500	1.8230190	0.1369900	0.7521900	1.9193390	0.2692500	0.7127400	2.1409890	0.1363700	0.5472100	1.8187190	-0.1917400	0.7279200	1.9024990	-0.3523100	0.7310800	2.0949490	-0.1951300	0.4988200	1.2470890	-0.0613200	0.5058000	1.2463490	0.0563400	0.4325900	0.8103390	0.0811900	0.4102700	0.3436490	0.1041400	0.4950000	1.2499990	-0.1739300	0.4355400	0.8339690	-0.1812200	0.3677100	0.3672290	-0.2051700	0.4268900	0.1623590	-0.1690800	0.4298300	0.1663890	-0.2154900	0.3333100	0.3246690	-0.1883000	0.4434100	0.1613190	0.0792200	0.4294600	0.1642090	0.1117500	0.3542100	0.2043090	0.0812800	0.5807808	1.2952365	0.1001312	0.5654607	1.3109025	-0.2234813	0.3728712	1.3693097	0.0151230	0.3665447	1.3761101	-0.1122273	0.4131706	0.7805197	0.1183848	0.4470367	0.7757287	0.0019847	0.3669070	0.3149644	0.1277602	0.4137072	0.3116157	0.0484656	0.4609375	0.1978786	0.0994415	0.4183799	0.2008767	0.1507888	0.3352253	0.3223133	0.0742753	0.4135426	0.8014267	-0.2511662	0.4548976	0.7975007	-0.1269690	0.3531887	0.3389384	-0.2449018	0.4119295	0.3353547	-0.1613392	0.4672914	0.1943914	-0.1998786	0.3240222	0.3604870	-0.1853347	0.4155395	0.2132685	-0.2581031	0.5683630	1.8618603	0.1182718	0.5517055	1.8676742	-0.1978810	0.4689155	1.8833364	-0.0300444	0.5217895	1.0571210	0.1457765	0.4703332	0.9497053	0.1562774	0.3994996	1.0771485	0.1448550	0.5104152	1.0719962	-0.2755464	0.4620537	0.9676707	-0.2887355	0.3870628	1.0904254	-0.2754719	0.3987063	0.6448316	0.1310237	0.4166045	0.5048199	0.1554153	0.3402300	0.5189030	0.1334395	0.3925870	0.6637573	-0.2611016	0.4048124	0.5199929	-0.2821587	0.3310095	0.5450067	-0.2589186	0.4631128	1.2234363	0.0369237	0.4535552	1.2333196	-0.1583632	0.7631165	1.9257329	0.3315505	0.8289071	1.8974229	0.2493151	0.6922146	2.1191853	0.1081768	0.7445327	2.1766686	0.1415277	0.7343714	1.9294261	-0.4198338	0.7866515	1.8849392	-0.3518380	0.7035846	2.0933873	-0.1715831	0.7575858	2.1447755	-0.2000155
122	2.0166667	0.5341100	1.8579590	-0.0256400	0.5406200	1.8667190	0.1391100	0.7299300	1.9706390	0.2903200	0.6924400	2.1800190	0.1361700	0.5375100	1.8612690	-0.1829500	0.7218300	1.9441490	-0.3582800	0.6864300	2.1460290	-0.1986500	0.5000600	1.2921690	-0.0623400	0.5173000	1.2917390	0.0511400	0.4539200	0.8598990	0.0768400	0.4245100	0.4172390	0.0975800	0.4966600	1.2936790	-0.1774600	0.4542000	0.8864890	-0.1807300	0.4344700	0.4280590	-0.1834800	0.4078900	0.2076090	-0.1662100	0.4130600	0.2125290	-0.2112200	0.3303400	0.3786990	-0.1740300	0.4803500	0.2132790	0.0970800	0.4522900	0.2176790	0.1254400	0.4436500	0.3497890	0.1122400	0.5790878	1.3390897	0.0978375	0.5642898	1.3574724	-0.2197518	0.3755658	1.4123832	0.0129833	0.3694090	1.4202372	-0.1119503	0.4146167	0.8293628	0.1178599	0.4499170	0.8254325	0.0105192	0.3806018	0.3661900	0.1306886	0.4271804	0.3639148	0.0590836	0.4589294	0.2403861	0.1072477	0.4200701	0.2455719	0.1522392	0.3566729	0.3807342	0.0808604	0.4115730	0.8515814	-0.2473054	0.4538736	0.8467662	-0.1256419	0.3464742	0.3923642	-0.2369486	0.4042310	0.3882282	-0.1557490	0.4422027	0.2357900	-0.1907911	0.3232011	0.4216365	-0.1798467	0.3952250	0.2586284	-0.2473398	0.5597231	1.9100564	0.1221632	0.5440332	1.9171677	-0.1901926	0.4607958	1.9305757	-0.0255191	0.5131966	1.1046213	0.1411299	0.4657794	0.9974478	0.1515103	0.4028490	1.1217599	0.1350033	0.5066962	1.1211716	-0.2716015	0.4590767	1.0173642	-0.2843659	0.3885644	1.1378994	-0.2725220	0.4037334	0.6941764	0.1309333	0.4228016	0.5554524	0.1563955	0.3508790	0.5680270	0.1320072	0.3890232	0.7144016	-0.2553189	0.3978461	0.5715980	-0.2744791	0.3279419	0.5973147	-0.2522549	0.4654951	1.2675873	0.0333226	0.4562537	1.2791033	-0.1583429	0.7378137	1.9722018	0.3441091	0.8073804	1.9452564	0.2666731	0.6731966	2.1569601	0.1140673	0.7235583	2.2170209	0.1496216	0.7175398	1.9729490	-0.4221834	0.7729029	1.9307095	-0.3550508	0.6772258	2.1359021	-0.1734898	0.7303845	2.1915876	-0.2010182
123	2.0333333	0.5324100	1.8968790	-0.0263600	0.5440600	1.9028890	0.1393000	0.7186000	2.0062790	0.3003400	0.6666800	2.2182790	0.1486100	0.5337600	1.9041890	-0.1828700	0.7128000	1.9830690	-0.3672900	0.6798200	2.1843690	-0.1997500	0.5104200	1.3351090	-0.0654800	0.5279300	1.3337590	0.0477900	0.4533900	0.8835190	0.0693500	0.3945700	0.4583890	0.0920100	0.5020300	1.3374490	-0.1758700	0.4580000	0.9005390	-0.1876600	0.3717700	0.4455890	-0.1743500	0.4110200	0.2512290	-0.1388300	0.4137300	0.2551090	-0.1836000	0.3293400	0.4180790	-0.1663500	0.4398800	0.2617290	0.0814500	0.4081700	0.2745790	0.1144700	0.5203100	0.3969690	0.1100600	0.5858303	1.3803628	0.0925223	0.5704257	1.4015221	-0.2181065	0.3885047	1.4533325	0.0068475	0.3820460	1.4622699	-0.1151820	0.4237103	0.8768860	0.1056607	0.4578365	0.8745967	0.0169091	0.4005098	0.4155197	0.1241433	0.4435140	0.4146746	0.0670972	0.4491736	0.2813919	0.1071006	0.4183536	0.2898279	0.1403161	0.3889148	0.4369985	0.0839015	0.4208947	0.8970723	-0.2440258	0.4619462	0.8930021	-0.1232651	0.3441120	0.4420137	-0.2283655	0.3988381	0.4383097	-0.1474011	0.4276564	0.2794581	-0.1755775	0.3226393	0.4751801	-0.1744163	0.3851869	0.3032016	-0.2325824	0.5593050	1.9540887	0.1232223	0.5502154	1.9624534	-0.1862327	0.4625789	1.9744642	-0.0254734	0.5078597	1.1504148	0.1252996	0.4668851	1.0435258	0.1336990	0.4191645	1.1638896	0.1131127	0.5157137	1.1648538	-0.2689054	0.4684071	1.0616237	-0.2813685	0.4013096	1.1818598	-0.2725552	0.4157181	0.7415745	0.1186756	0.4328005	0.6032985	0.1440478	0.3716039	0.6158841	0.1189795	0.3952137	0.7608070	-0.2500301	0.3988589	0.6192465	-0.2663860	0.3325998	0.6448827	-0.2464698	0.4779886	1.3098538	0.0274199	0.4683293	1.3229682	-0.1600167	0.7220807	2.0125456	0.3549949	0.7945981	1.9882766	0.2819968	0.6566086	2.1927014	0.1227333	0.7039739	2.2566113	0.1590695	0.7096117	2.0127228	-0.4266992	0.7669489	1.9722344	-0.3629362	0.6656911	2.1724560	-0.1758627	0.7174598	2.2312944	-0.2041977
124	2.0500000	0.5321800	1.9342590	-0.0290100	0.5463500	1.9285890	0.1358900	0.6966500	2.0518590	0.3154400	0.6483800	2.2664290	0.1497000	0.5256800	1.9326590	-0.1820600	0.6976100	2.0205390	-0.3791600	0.6776800	2.2120290	-0.2056200	0.5200100	1.3781090	-0.0682700	0.5292900	1.3709390	0.0469700	0.4489100	0.9161590	0.0672100	0.3704500	0.4855490	0.0935600	0.5079100	1.3800990	-0.1760500	0.4446200	0.9150790	-0.1871700	0.3838900	0.4658390	-0.1608600	0.4188200	0.2940890	-0.1135500	0.4158200	0.2980190	-0.1590200	0.3516000	0.4395090	-0.1697500	0.4188300	0.2934490	0.0676400	0.4017500	0.3024590	0.1074500	0.4204000	0.5000690	0.0251100	0.5903475	1.4241315	0.0897803	0.5786394	1.4434269	-0.2182877	0.3972342	1.4942745	0.0007595	0.3920979	1.5022945	-0.1200181	0.4258974	0.9258077	0.0992666	0.4664484	0.9236411	0.0203369	0.3965880	0.4679914	0.1098176	0.4436467	0.4670917	0.0612146	0.4310453	0.3223751	0.1017561	0.4004088	0.3355791	0.1266488	0.3937918	0.4968958	0.0706155	0.4291459	0.9371056	-0.2391315	0.4688691	0.9340803	-0.1206966	0.3507580	0.4824604	-0.2186839	0.4027791	0.4799932	-0.1388036	0.4266538	0.3221580	-0.1588371	0.3298482	0.5151256	-0.1683599	0.3883428	0.3428819	-0.2164233	0.5573151	1.9937139	0.1270534	0.5524108	2.0022193	-0.1845689	0.4618310	2.0148797	-0.0238352	0.5017621	1.1977946	0.1208611	0.4632253	1.0914379	0.1265191	0.4240828	1.2085527	0.0995569	0.5260216	1.2040489	-0.2658443	0.4782013	1.1009069	-0.2771755	0.4134239	1.2231422	-0.2715846	0.4156936	0.7902384	0.1094797	0.4274297	0.6525835	0.1331140	0.3717713	0.6670503	0.1041786	0.4034167	0.8015564	-0.2435407	0.4060235	0.6608561	-0.2572746	0.3410007	0.6841675	-0.2393803	0.4879071	1.3534262	0.0230808	0.4804579	1.3653724	-0.1627094	0.7005555	2.0574609	0.3646645	0.7769978	2.0357001	0.2979010	0.6408625	2.2340203	0.1280662	0.6848093	2.3008390	0.1673651	0.6967642	2.0497422	-0.4346441	0.7546354	2.0090588	-0.3755270	0.6587159	2.2051219	-0.1797851	0.7091710	2.2646881	-0.2103643
125	2.0666667	0.5312700	1.9636590	-0.0294900	0.5410100	1.9655290	0.1320500	0.6825200	2.0844590	0.3212000	0.6298500	2.2958490	0.1686600	0.5237400	1.9625890	-0.1823600	0.6882200	2.0541490	-0.3788700	0.6640000	2.2527890	-0.2123900	0.5172500	1.4045990	-0.0701900	0.5282000	1.4056290	0.0471500	0.4447500	0.9560390	0.0684300	0.3726300	0.5041890	0.0792900	0.5004400	1.4076090	-0.1798000	0.4358200	0.9657890	-0.1835100	0.3949600	0.4844890	-0.1613400	0.4404900	0.3312490	-0.1177300	0.4329700	0.3386490	-0.1660400	0.3811200	0.4347590	-0.1542300	0.4062400	0.3245490	0.0572700	0.3920800	0.3277390	0.1049500	0.3423300	0.4743190	0.0569900	0.5888622	1.4520963	0.0873063	0.5733767	1.4680544	-0.2226193	0.3933680	1.5206019	0.0003042	0.3866828	1.5272808	-0.1210799	0.4165032	0.9576682	0.1015364	0.4577686	0.9543607	0.0212291	0.3744190	0.4989490	0.1048047	0.4223969	0.4967628	0.0550357	0.4061659	0.3481140	0.0950391	0.3753539	0.3633445	0.1203165	0.3718357	0.5306307	0.0648059	0.4241598	0.9614929	-0.2337438	0.4650395	0.9593269	-0.1182473	0.3554641	0.5010209	-0.2080323	0.4076814	0.4994946	-0.1309946	0.4291607	0.3534081	-0.1492970	0.3365156	0.5276236	-0.1584024	0.3923893	0.3703040	-0.2046192	0.5487679	2.0188159	0.1305008	0.5400591	2.0238281	-0.1854966	0.4495737	2.0401774	-0.0210833	0.4956380	1.2267657	0.1230426	0.4557668	1.1217712	0.1289470	0.4197575	1.2385018	0.1006275	0.5200437	1.2287198	-0.2645067	0.4724176	1.1252858	-0.2736005	0.4087254	1.2477387	-0.2685734	0.4027671	0.8213346	0.1093867	0.4104800	0.6825704	0.1306617	0.3550831	0.6995197	0.1028758	0.4013775	0.8247967	-0.2364968	0.4065719	0.6829329	-0.2490691	0.3416808	0.7045826	-0.2293749	0.4864565	1.3809808	0.0224304	0.4767312	1.3909175	-0.1644308	0.6733972	2.0869898	0.3728475	0.7547416	2.0691085	0.3118191	0.6204042	2.2649483	0.1371642	0.6598580	2.3337095	0.1801145	0.6803403	2.0769872	-0.4367718	0.7409174	2.0379538	-0.3815607	0.6459223	2.2337073	-0.1840403	0.6947288	2.2939454	-0.2164612
126	2.0833333	0.5245300	2.0015890	-0.0268300	0.5431100	2.0082790	0.1397500	0.6504000	2.1340090	0.3381900	0.6267200	2.3263690	0.1754400	0.5247600	1.9965690	-0.1851600	0.6826100	2.0848690	-0.3847400	0.6405900	2.2862790	-0.2260100	0.5199300	1.4370990	-0.0722700	0.5301300	1.4336590	0.0448800	0.4482700	0.9870990	0.0676900	0.3819400	0.5284590	0.0716400	0.5067500	1.4404190	-0.1835800	0.4293700	0.9954990	-0.1802200	0.3819900	0.5219590	-0.1654200	0.4637100	0.3649790	-0.1360300	0.4440400	0.3757590	-0.1776900	0.3746900	0.4640090	-0.1558600	0.4426100	0.3555590	0.0595500	0.4203600	0.3732190	0.1026100	0.3560400	0.5041690	0.0535600	0.5936453	1.4855164	0.0859633	0.5753202	1.4994096	-0.2275989	0.3934945	1.5535064	0.0006486	0.3857097	1.5592820	-0.1220423	0.4169568	0.9914756	0.1049467	0.4591255	0.9871616	0.0190784	0.3685696	0.5327230	0.0998979	0.4182635	0.5294713	0.0455390	0.4083397	0.3835458	0.0883099	0.3748762	0.3993879	0.1165187	0.3630224	0.5630295	0.0561757	0.4208310	0.9921066	-0.2315439	0.4628798	0.9907354	-0.1179478	0.3614653	0.5266443	-0.2053719	0.4145995	0.5260244	-0.1304662	0.4385485	0.3913786	-0.1495527	0.3429204	0.5469753	-0.1558471	0.4010127	0.4039360	-0.2029814	0.5477030	2.0506240	0.1329417	0.5346465	2.0535089	-0.1867590	0.4446651	2.0720217	-0.0192127	0.4999970	1.2603666	0.1273158	0.4583791	1.1555938	0.1340021	0.4206729	1.2726837	0.1055861	0.5187325	1.2588160	-0.2664628	0.4701944	1.1554380	-0.2735097	0.4078126	1.2788895	-0.2676009	0.4015271	0.8548985	0.1108327	0.4086576	0.7156685	0.1300799	0.3502624	0.7340446	0.1029781	0.4005686	0.8544449	-0.2340310	0.4087946	0.7114928	-0.2473051	0.3431087	0.7320131	-0.2254234	0.4894929	1.4141304	0.0220381	0.4780954	1.4228434	-0.1670043	0.6455426	2.1264725	0.3842006	0.7320874	2.1102833	0.3308398	0.6109902	2.3013797	0.1436305	0.6469015	2.3714932	0.1903269	0.6719627	2.1080676	-0.4420914	0.7349109	2.0717564	-0.3873663	0.6323356	2.2676600	-0.1946998	0.6794364	2.3293182	-0.2268920
127	2.1000000	0.5297200	2.0244690	-0.0282800	0.5432200	2.0265490	0.1396400	0.6310500	2.1639090	0.3462500	0.6064400	2.3487690	0.1800300	0.5157700	2.0267090	-0.1864200	0.6763500	2.1196790	-0.3905400	0.6404600	2.3132490	-0.2226200	0.5200800	1.4550390	-0.0733000	0.5303000	1.4542890	0.0459300	0.4464500	1.0097890	0.0675800	0.4031600	0.5503790	0.0645100	0.5034500	1.4609390	-0.1839500	0.4341700	1.0131790	-0.1763900	0.4002400	0.5566290	-0.1760100	0.4711700	0.4006390	-0.1408700	0.4477700	0.4065890	-0.1807700	0.3669900	0.5188790	-0.1610600	0.4350700	0.3793990	0.0366100	0.4294700	0.3893990	0.0768800	0.3636200	0.5312090	0.0500700	0.5960350	1.5039447	0.0852468	0.5751515	1.5181733	-0.2313077	0.3916161	1.5720125	0.0027897	0.3829093	1.5778240	-0.1210120	0.4180025	1.0095995	0.1064136	0.4588811	1.0050352	0.0155480	0.3687463	0.5527076	0.0938900	0.4180864	0.5491347	0.0354892	0.4138454	0.4051817	0.0750058	0.3801331	0.4208727	0.1072877	0.3605721	0.5828564	0.0491804	0.4213622	1.0103639	-0.2316637	0.4627634	1.0093791	-0.1177029	0.3684362	0.5450545	-0.2086154	0.4211486	0.5447210	-0.1340439	0.4476046	0.4182741	-0.1539683	0.3494209	0.5619015	-0.1593892	0.4101559	0.4282060	-0.2070336	0.5466987	2.0691361	0.1336177	0.5291940	2.0705769	-0.1870213	0.4402421	2.0901901	-0.0171840	0.5036764	1.2778508	0.1294337	0.4612102	1.1732766	0.1369737	0.4216948	1.2907284	0.1105808	0.5180850	1.2774366	-0.2674445	0.4702107	1.1738236	-0.2742130	0.4078890	1.2963945	-0.2686431	0.4023158	0.8736161	0.1103357	0.4103762	0.7345852	0.1274295	0.3499972	0.7536537	0.1019236	0.4028761	0.8728086	-0.2347131	0.4132314	0.7300067	-0.2492962	0.3472875	0.7502902	-0.2267542	0.4898285	1.4317055	0.0226189	0.4769397	1.4406219	-0.1682496	0.6171381	2.1561302	0.3934330	0.7086984	2.1421824	0.3490054	0.5982785	2.3267228	0.1498732	0.6295496	2.3983093	0.1986858	0.6640937	2.1360479	-0.4448483	0.7292790	2.1018127	-0.3930875	0.6234694	2.2920149	-0.1968704	0.6688941	2.3549599	-0.2305521
128	2.1166667	0.5322100	2.0526690	-0.0254400	0.5436000	2.0576390	0.1385400	0.6054800	2.1998590	0.3583700	0.5809900	2.3807290	0.1894000	0.5248000	2.0446890	-0.1825700	0.6541300	2.1582790	-0.3972500	0.6384200	2.3369890	-0.2322300	0.5194600	1.4816690	-0.0726800	0.5332300	1.4790290	0.0488600	0.4513900	1.0438490	0.0692800	0.4004400	0.5739090	0.0630600	0.5161000	1.4827790	-0.1864300	0.4350500	1.0405590	-0.1768700	0.3979200	0.5579490	-0.1746500	0.4620200	0.4130190	-0.1348200	0.4406700	0.4203990	-0.1750500	0.3723500	0.5429290	-0.1642200	0.4421000	0.4033690	0.0206200	0.4234700	0.4088290	0.0646400	0.3696800	0.5462790	0.0440500	0.5970970	1.5305050	0.0870630	0.5754128	1.5451362	-0.2329673	0.3895253	1.5997289	0.0052976	0.3805415	1.6056589	-0.1198554	0.4200986	1.0360870	0.1089221	0.4600386	1.0314927	0.0136111	0.3716878	0.5780914	0.0894252	0.4207840	0.5744010	0.0275335	0.4216595	0.4317488	0.0618891	0.3878196	0.4468488	0.0980988	0.3611318	0.6077611	0.0447673	0.4214882	1.0364413	-0.2299320	0.4610303	1.0361251	-0.1159246	0.3733304	0.5701066	-0.2096666	0.4247954	0.5703283	-0.1355891	0.4526814	0.4469323	-0.1539004	0.3537087	0.5856368	-0.1620896	0.4164440	0.4547213	-0.2069476	0.5466239	2.0964145	0.1362046	0.5278487	2.0971141	-0.1863675	0.4382699	2.1174330	-0.0152542	0.5063574	1.3038554	0.1322356	0.4637858	1.1994202	0.1405764	0.4219467	1.3173447	0.1163779	0.5170529	1.3034608	-0.2662644	0.4700435	1.1997218	-0.2728550	0.4086189	1.3224296	-0.2682864	0.4048880	0.8999593	0.1110650	0.4141977	0.7604504	0.1260796	0.3518381	0.7796952	0.1019896	0.4044510	0.8987550	-0.2333913	0.4165170	0.7557682	-0.2487787	0.3503786	0.7756032	-0.2263432	0.4887725	1.4582275	0.0246210	0.4754297	1.4673851	-0.1683609	0.5880069	2.1943541	0.4034045	0.6835402	2.1837793	0.3676480	0.5824097	2.3599643	0.1585067	0.6081305	2.4336315	0.2087545	0.6470858	2.1730444	-0.4496532	0.7142891	2.1402182	-0.4039249	0.6184097	2.3241462	-0.2007603	0.6606350	2.3869584	-0.2379411
129	2.1333333	0.5336400	2.0808090	-0.0257000	0.5436800	2.0777990	0.1383500	0.5945400	2.2231590	0.3710300	0.5603200	2.4206690	0.1875500	0.5356400	2.0750390	-0.1888900	0.6624600	2.1744990	-0.4091600	0.6296100	2.3668990	-0.2312200	0.5272700	1.5084590	-0.0666800	0.5419300	1.5055190	0.0538300	0.4614300	1.0641790	0.0656100	0.3984600	0.5933390	0.0596300	0.5190500	1.5142290	-0.1806500	0.4340600	1.0591490	-0.1804600	0.4076400	0.5785490	-0.1768000	0.4581800	0.4418090	-0.1341400	0.4386200	0.4479490	-0.1746800	0.3734300	0.5596090	-0.1674900	0.4584500	0.4383590	0.0140800	0.4335800	0.4322890	0.0643300	0.3876500	0.5798690	0.0382800	0.6053209	1.5574047	0.0937971	0.5836848	1.5726017	-0.2279892	0.3968147	1.6271617	0.0120875	0.3878658	1.6332719	-0.1137533	0.4298720	1.0610299	0.1141874	0.4694131	1.0568645	0.0155101	0.3834454	0.6025896	0.0883168	0.4326262	0.5992392	0.0239452	0.4376807	0.4578225	0.0534572	0.4034654	0.4716072	0.0929071	0.3710370	0.6319907	0.0439031	0.4275625	1.0622491	-0.2243451	0.4652095	1.0617459	-0.1108455	0.3816438	0.5951886	-0.2085629	0.4317095	0.5952217	-0.1350923	0.4587134	0.4740510	-0.1517286	0.3620061	0.6096653	-0.1627752	0.4241261	0.4807056	-0.2044889	0.5529211	2.1240093	0.1405113	0.5356064	2.1245116	-0.1822332	0.4451094	2.1449575	-0.0115701	0.5164653	1.3290861	0.1387934	0.4737678	1.2244351	0.1473385	0.4301763	1.3431025	0.1253519	0.5237743	1.3293580	-0.2596255	0.4769086	1.2256202	-0.2665544	0.4174632	1.3491849	-0.2625098	0.4153892	0.9248071	0.1147701	0.4261317	0.7850394	0.1279963	0.3619654	0.8043862	0.1046392	0.4111737	0.9244910	-0.2286912	0.4240227	0.7813704	-0.2451277	0.3582659	0.8010426	-0.2232689	0.4963345	1.4847194	0.0312565	0.4830515	1.4942049	-0.1627940	0.5694712	2.2263654	0.4137876	0.6685955	2.2204611	0.3834809	0.5691570	2.3903197	0.1664095	0.5913934	2.4663911	0.2168955	0.6435710	2.1991980	-0.4554725	0.7127327	2.1674097	-0.4120282	0.6169150	2.3501000	-0.2015460	0.6577457	2.4137504	-0.2400581
130	2.1500000	0.5383100	2.0999190	-0.0275400	0.5454800	2.1046690	0.1404600	0.5599500	2.2467490	0.3820100	0.5570700	2.4335490	0.1972900	0.5423900	2.0953690	-0.1960700	0.6602400	2.1930490	-0.4138500	0.6239700	2.3849690	-0.2369200	0.5297200	1.5298490	-0.0622000	0.5446700	1.5320290	0.0573100	0.4728800	1.0822390	0.0596500	0.4075700	0.6059290	0.0490900	0.5090100	1.5278090	-0.1759400	0.4355600	1.0755490	-0.1806300	0.4090800	0.5872890	-0.1792800	0.4619100	0.4564590	-0.1381600	0.4371900	0.4628590	-0.1780600	0.3637700	0.5671890	-0.1661400	0.4714600	0.4595290	-0.0004100	0.4700700	0.4664990	0.0498100	0.3860700	0.5911490	0.0390600	0.6109154	1.5798621	0.0982085	0.5849529	1.5931589	-0.2260295	0.3997160	1.6499219	0.0182774	0.3890996	1.6553261	-0.1085663	0.4387429	1.0798095	0.1166796	0.4741453	1.0765433	0.0129610	0.3936917	0.6197677	0.0850607	0.4404694	0.6171580	0.0164675	0.4543672	0.4801131	0.0401485	0.4206373	0.4911741	0.0842465	0.3764345	0.6467556	0.0412883	0.4279592	1.0812404	-0.2222680	0.4647370	1.0806256	-0.1082839	0.3820210	0.6116676	-0.2101373	0.4314589	0.6117634	-0.1368194	0.4590497	0.4931393	-0.1534530	0.3616094	0.6246886	-0.1652937	0.4251215	0.4987625	-0.2060485	0.5569775	2.1465809	0.1426151	0.5394305	2.1465253	-0.1829571	0.4479936	2.1680949	-0.0111341	0.5271102	1.3482854	0.1418253	0.4843446	1.2433503	0.1511869	0.4375413	1.3636162	0.1346908	0.5243350	1.3491263	-0.2559854	0.4775384	1.2450680	-0.2636182	0.4188544	1.3694647	-0.2592422	0.4251543	0.9432165	0.1157329	0.4380389	0.8028979	0.1264105	0.3710635	0.8221746	0.1063497	0.4117082	0.9429202	-0.2274082	0.4248170	0.7992645	-0.2450427	0.3587470	0.8184450	-0.2230754	0.4996120	1.5066855	0.0371428	0.4837482	1.5150271	-0.1584071	0.5387683	2.2488177	0.4226671	0.6405575	2.2447644	0.4006191	0.5569304	2.4114689	0.1714195	0.5748970	2.4884422	0.2237787	0.6385431	2.2163089	-0.4625346	0.7086847	2.1860070	-0.4209992	0.6121156	2.3688382	-0.2070200	0.6510494	2.4322944	-0.2454182
131	2.1666667	0.5382400	2.1170390	-0.0264400	0.5413000	2.1221190	0.1402700	0.5410900	2.2636490	0.3839300	0.5450400	2.4522590	0.2123000	0.5482500	2.1151590	-0.1929300	0.6517800	2.2148090	-0.4153000	0.6155100	2.4000190	-0.2459300	0.5298200	1.5482190	-0.0630300	0.5447400	1.5445890	0.0573200	0.4806000	1.0906090	0.0559100	0.4132800	0.6165690	0.0466800	0.5088400	1.5489290	-0.1777300	0.4359400	1.0908590	-0.1817400	0.4073000	0.6155390	-0.1854800	0.4625800	0.4697990	-0.1429700	0.4463900	0.4780390	-0.1874300	0.3819900	0.5810490	-0.1748900	0.4987500	0.4566390	0.0029600	0.4798700	0.4701390	0.0506600	0.5226500	0.5652490	0.0643800	0.6117723	1.5976086	0.0955326	0.5829313	1.6120681	-0.2262814	0.4020138	1.6691195	0.0176768	0.3902569	1.6750804	-0.1082855	0.4484848	1.0923903	0.1073838	0.4783516	1.0902639	0.0079720	0.4230341	0.6288619	0.0819794	0.4649178	0.6276270	0.0166000	0.4773060	0.4959291	0.0339752	0.4481451	0.5040943	0.0765141	0.4077154	0.6525460	0.0433338	0.4275414	1.0979080	-0.2250115	0.4635526	1.0970645	-0.1113984	0.3822969	0.6264520	-0.2170881	0.4306448	0.6263566	-0.1442743	0.4563175	0.5090491	-0.1607242	0.3624417	0.6383227	-0.1737126	0.4238206	0.5148265	-0.2124239	0.5570417	2.1648602	0.1382121	0.5458562	2.1646637	-0.1856039	0.4511446	2.1868118	-0.0161575	0.5301924	1.3637190	0.1321674	0.4911555	1.2574968	0.1409243	0.4467612	1.3791190	0.1282445	0.5221747	1.3676520	-0.2560021	0.4762157	1.2628633	-0.2647141	0.4195867	1.3875106	-0.2599537	0.4404598	0.9555067	0.1075689	0.4583754	0.8148533	0.1188690	0.3943366	0.8316483	0.1005452	0.4115003	0.9590987	-0.2306572	0.4242803	0.8152369	-0.2490175	0.3595805	0.8338525	-0.2282644	0.5009829	1.5248062	0.0359352	0.4834026	1.5338378	-0.1581811	0.5090107	2.2646048	0.4265500	0.6136085	2.2624009	0.4122146	0.5465533	2.4293707	0.1770369	0.5598773	2.5064527	0.2318474	0.6307148	2.2310750	-0.4697326	0.7014200	2.2026584	-0.4315178	0.6041672	2.3848168	-0.2158628	0.6406310	2.4478126	-0.2539403
132	2.1833333	0.5299500	2.1385190	-0.0291800	0.5326300	2.1343690	0.1423300	0.5348600	2.2750590	0.3828400	0.5376100	2.4675790	0.2154600	0.5451000	2.1288190	-0.1927200	0.6392900	2.2231690	-0.4187200	0.6169200	2.4166390	-0.2483500	0.5295300	1.5604290	-0.0627600	0.5434800	1.5634490	0.0585700	0.4935000	1.1109690	0.0601200	0.4228100	0.6256390	0.0445900	0.5087100	1.5626390	-0.1745500	0.4327400	1.1103190	-0.1812100	0.4017300	0.6341190	-0.1854600	0.4854100	0.4946990	-0.1456400	0.4634500	0.5003090	-0.1911500	0.3723700	0.5935590	-0.1733600	0.5155000	0.4752290	0.0150300	0.4933700	0.4783090	0.0568800	0.5192800	0.5755990	0.0610400	0.6119915	1.6084538	0.0950255	0.5815466	1.6247532	-0.2263102	0.4020949	1.6823269	0.0175190	0.3897353	1.6890403	-0.1082700	0.4563285	1.1017261	0.1011584	0.4832581	1.1008051	0.0069986	0.4460602	0.6337304	0.0803788	0.4852422	0.6340142	0.0192329	0.4957144	0.5068105	0.0334393	0.4696375	0.5122809	0.0728216	0.4332646	0.6541187	0.0454686	0.4269005	1.1097300	-0.2266681	0.4626503	1.1092343	-0.1108522	0.3817887	0.6360099	-0.2218985	0.4295684	0.6361595	-0.1474618	0.4600960	0.5221419	-0.1649394	0.3597711	0.6451414	-0.1784709	0.4270568	0.5271639	-0.2178071	0.5523842	2.1785452	0.1361449	0.5492398	2.1781029	-0.1877397	0.4495040	2.2006294	-0.0197045	0.5307245	1.3743002	0.1258552	0.4951779	1.2673641	0.1337107	0.4527597	1.3891851	0.1229525	0.5222183	1.3795935	-0.2568757	0.4759397	1.2746740	-0.2663301	0.4190775	1.4000119	-0.2618030	0.4524894	0.9640015	0.1019652	0.4739566	0.8229154	0.1137367	0.4127415	0.8372953	0.0962791	0.4112673	0.9706832	-0.2330369	0.4243833	0.8265063	-0.2522336	0.3589472	0.8438993	-0.2321729	0.5013123	1.5367598	0.0363093	0.4827729	1.5468985	-0.1575315	0.4907352	2.2732045	0.4277650	0.5966647	2.2723036	0.4189470	0.5402672	2.4431362	0.1826626	0.5504953	2.5190910	0.2394578	0.6196434	2.2379949	-0.4732253	0.6912231	2.2106451	-0.4384157	0.6003937	2.3969176	-0.2209346	0.6359309	2.4577824	-0.2603312
133	2.2000000	0.5290600	2.1448290	-0.0307300	0.5381400	2.1518290	0.1424300	0.5166500	2.2842190	0.3906200	0.5342400	2.4757490	0.2182400	0.5399500	2.1362390	-0.1991300	0.6318100	2.2379490	-0.4179100	0.6140300	2.4264490	-0.2469500	0.5331000	1.5799590	-0.0594800	0.5479400	1.5743390	0.0605000	0.4961300	1.1353890	0.0589300	0.4404200	0.6357890	0.0469200	0.5158700	1.5830190	-0.1702700	0.4362000	1.1304990	-0.1837900	0.4021400	0.6320090	-0.1870800	0.5021300	0.5056290	-0.1546500	0.4745400	0.5079690	-0.2008500	0.3876000	0.6125890	-0.1889000	0.5105800	0.4757590	0.0043700	0.4871900	0.4779890	0.0462400	0.5261400	0.5854890	0.0599200	0.6154578	1.6269074	0.0972211	0.5841483	1.6444186	-0.2229918	0.4059498	1.7025078	0.0202048	0.3931593	1.7097492	-0.1051076	0.4657817	1.1186446	0.0966380	0.4898674	1.1185754	0.0099954	0.4659590	0.6454774	0.0800208	0.5021615	0.6469171	0.0246412	0.5068643	0.5187960	0.0343836	0.4845064	0.5233983	0.0696763	0.4567674	0.6656717	0.0499998	0.4313157	1.1296272	-0.2270161	0.4674730	1.1289134	-0.1098955	0.3884149	0.6523972	-0.2259322	0.4360876	0.6524934	-0.1503236	0.4719978	0.5404046	-0.1689865	0.3642930	0.6595442	-0.1821537	0.4381700	0.5450686	-0.2228377	0.5517071	2.1977701	0.1362577	0.5545753	2.1947887	-0.1889054	0.4509880	2.2194197	-0.0211242	0.5321201	1.3926044	0.1214605	0.5003700	1.2849779	0.1279015	0.4621829	1.4070422	0.1182794	0.5263644	1.3998300	-0.2551280	0.4800011	1.2947843	-0.2656428	0.4225570	1.4203002	-0.2604681	0.4648999	0.9797555	0.0978084	0.4878536	0.8378762	0.1097839	0.4307149	0.8503792	0.0928697	0.4167592	0.9901629	-0.2345190	0.4308518	0.8456310	-0.2546944	0.3644846	0.8611524	-0.2350263	0.5053878	1.5561947	0.0394703	0.4863324	1.5670784	-0.1536702	0.4756475	2.2852605	0.4316748	0.5824801	2.2839860	0.4282196	0.5384389	2.4569688	0.1889410	0.5467265	2.5314183	0.2471386	0.6112804	2.2519599	-0.4735927	0.6835288	2.2241505	-0.4409109	0.5991520	2.4120807	-0.2209192	0.6346368	2.4712642	-0.2607779
134	2.2166667	0.5247000	2.1538190	-0.0258900	0.5317200	2.1589890	0.1420000	0.5060700	2.2906790	0.3924200	0.5366900	2.4820790	0.2251700	0.5322700	2.1493190	-0.1934700	0.6185200	2.2550090	-0.4186700	0.6132000	2.4361190	-0.2494900	0.5369500	1.5847090	-0.0577400	0.5475900	1.5798990	0.0608700	0.5008800	1.1364190	0.0572800	0.4572400	0.6519890	0.0521400	0.5242800	1.5866190	-0.1711800	0.4354600	1.1383090	-0.1822900	0.4198500	0.6699690	-0.2027200	0.5105100	0.5312090	-0.1678900	0.4802400	0.5312890	-0.2137500	0.3760900	0.6306690	-0.1891500	0.5112700	0.4791390	-0.0000300	0.4882200	0.4843190	0.0424700	0.5317800	0.6109190	0.0564000	0.6178666	1.6300003	0.0985426	0.5873791	1.6504829	-0.2208372	0.4092782	1.7072772	0.0214694	0.3967194	1.7156922	-0.1035119	0.4729235	1.1219059	0.0917788	0.4959379	1.1229121	0.0128141	0.4807356	0.6468617	0.0765325	0.5152263	0.6494328	0.0272657	0.5125414	0.5183105	0.0327738	0.4930693	0.5226915	0.0636824	0.4758886	0.6688417	0.0509075	0.4350503	1.1372566	-0.2304371	0.4717963	1.1353326	-0.1111019	0.3919409	0.6594445	-0.2337156	0.4397881	0.6586554	-0.1562040	0.4812023	0.5495100	-0.1771549	0.3654251	0.6645285	-0.1887449	0.4461052	0.5541969	-0.2326897	0.5487475	2.2030522	0.1359708	0.5552881	2.1986386	-0.1890910	0.4501635	2.2236185	-0.0215801	0.5314919	1.3966113	0.1168445	0.5030959	1.2884757	0.1217565	0.4695334	1.4097958	0.1119968	0.5314000	1.4066276	-0.2562209	0.4843830	1.3021295	-0.2680511	0.4261837	1.4276831	-0.2620303	0.4741505	0.9823335	0.0924887	0.4976134	0.8401558	0.1040973	0.4444586	0.8520223	0.0871250	0.4208523	0.9980286	-0.2394575	0.4353126	0.8536954	-0.2610494	0.3677950	0.8684481	-0.2415828	0.5094318	1.5601466	0.0409398	0.4908794	1.5728460	-0.1516828	0.4626634	2.2873315	0.4326272	0.5698905	2.2853322	0.4346634	0.5396906	2.4611920	0.1941281	0.5465282	2.5336074	0.2545479	0.5991287	2.2593551	-0.4727981	0.6726001	2.2313254	-0.4440633	0.5972316	2.4183853	-0.2210216	0.6321906	2.4762732	-0.2620326
135	2.2333333	0.5242800	2.1630690	-0.0215800	0.5316900	2.1676790	0.1428000	0.4935200	2.2927690	0.3930800	0.5322700	2.4870090	0.2288200	0.5403200	2.1531390	-0.1897000	0.6189400	2.2597590	-0.4202200	0.6123700	2.4420190	-0.2468400	0.5405300	1.5905690	-0.0557200	0.5517500	1.5866590	0.0622800	0.5039500	1.1469890	0.0595200	0.4638400	0.6619290	0.0498900	0.5232500	1.5944990	-0.1657200	0.4394200	1.1532290	-0.1802700	0.4221200	0.6792890	-0.2027200	0.5393900	0.5447990	-0.1652300	0.4956600	0.5433790	-0.2120600	0.3729000	0.6414290	-0.1883300	0.5182600	0.4843890	0.0003600	0.4954100	0.4926990	0.0433800	0.5388900	0.6103790	0.0595900	0.6207881	1.6343942	0.1007224	0.5912323	1.6571793	-0.2187240	0.4121169	1.7130045	0.0229190	0.3998659	1.7223463	-0.1020392	0.4786213	1.1282002	0.0883221	0.5012282	1.1299434	0.0158696	0.4901962	0.6509209	0.0742074	0.5236087	0.6543508	0.0301345	0.5154328	0.5201507	0.0317288	0.4979251	0.5245998	0.0589730	0.4889035	0.6744344	0.0523753	0.4397597	1.1460659	-0.2331913	0.4762606	1.1436797	-0.1107185	0.3965569	0.6683190	-0.2385560	0.4441826	0.6672189	-0.1583733	0.4945190	0.5610949	-0.1811419	0.3662047	0.6712710	-0.1925068	0.4577649	0.5653050	-0.2390532	0.5459184	2.2094037	0.1368923	0.5563438	2.2030990	-0.1894679	0.4487590	2.2290839	-0.0217103	0.5306942	1.4028079	0.1142631	0.5050196	1.2945523	0.1176139	0.4752417	1.4146660	0.1072304	0.5374879	1.4145275	-0.2571192	0.4898883	1.3104510	-0.2702700	0.4301839	1.4354565	-0.2641586	0.4808789	0.9877601	0.0885749	0.5038448	0.8451450	0.0998874	0.4542001	0.8566447	0.0828611	0.4261559	1.0070784	-0.2431990	0.4414431	0.8630612	-0.2654522	0.3717417	0.8770890	-0.2464291	0.5127885	1.5654817	0.0428934	0.4947942	1.5795818	-0.1497562	0.4501986	2.2902069	0.4324861	0.5565580	2.2867905	0.4389981	0.5393119	2.4659918	0.1991713	0.5457308	2.5370099	0.2601931	0.5917026	2.2666818	-0.4713725	0.6663437	2.2385732	-0.4449803	0.5971849	2.4243161	-0.2199937	0.6316751	2.4821568	-0.2614880
136	2.2500000	0.5230700	2.1676490	-0.0219500	0.5270900	2.1722190	0.1455600	0.4862600	2.2935790	0.3945600	0.5262200	2.4914890	0.2349900	0.5245700	2.1632590	-0.1871000	0.6110900	2.2653090	-0.4205200	0.6137100	2.4451390	-0.2473000	0.5402000	1.5972290	-0.0535300	0.5507400	1.5942290	0.0624400	0.5085700	1.1532790	0.0627800	0.4629900	0.6654490	0.0525800	0.5318200	1.6022890	-0.1643100	0.4383900	1.1565590	-0.1832300	0.4289000	0.6846990	-0.2045600	0.5276800	0.5439690	-0.1603900	0.4901300	0.5476590	-0.2121400	0.3861200	0.6449990	-0.1944800	0.5263100	0.4999290	-0.0000200	0.4940400	0.4884890	0.0381600	0.5264100	0.6180290	0.0587000	0.6197550	1.6403159	0.1031067	0.5908465	1.6646245	-0.2166515	0.4105979	1.7194734	0.0250377	0.3985421	1.7293911	-0.1000016	0.4793543	1.1351652	0.0879406	0.5020942	1.1372984	0.0192648	0.4915126	0.6570216	0.0732848	0.5247425	0.6608493	0.0321752	0.5145614	0.5240920	0.0303393	0.4974333	0.5283882	0.0560859	0.4916908	0.6819660	0.0540007	0.4394665	1.1558291	-0.2349677	0.4761272	1.1526346	-0.1113644	0.3978253	0.6779922	-0.2418415	0.4454819	0.6764168	-0.1605753	0.4999606	0.5713634	-0.1837569	0.3657153	0.6802044	-0.1952705	0.4626960	0.5753913	-0.2428022	0.5395496	2.2153558	0.1391758	0.5502173	2.2084738	-0.1888556	0.4424340	2.2342630	-0.0198635	0.5271930	1.4096259	0.1143289	0.5032312	1.3013323	0.1167844	0.4759408	1.4206842	0.1056947	0.5382113	1.4229356	-0.2571631	0.4901994	1.3195466	-0.2711692	0.4297378	1.4441348	-0.2642202	0.4818132	0.9942416	0.0875583	0.5040829	0.8513732	0.0983985	0.4562080	0.8629820	0.0812383	0.4268562	1.0171009	-0.2456859	0.4432019	0.8733007	-0.2685462	0.3720039	0.8868629	-0.2494304	0.5123716	1.5716494	0.0451345	0.4947655	1.5866980	-0.1476758	0.4385914	2.2919925	0.4328591	0.5442072	2.2875786	0.4423448	0.5344559	2.4710737	0.2050921	0.5411826	2.5407228	0.2665346	0.5819653	2.2743785	-0.4702240	0.6579352	2.2457181	-0.4459792	0.5955783	2.4297980	-0.2184469	0.6299396	2.4877090	-0.2609913
137	2.2666667	0.5154800	2.1712090	-0.0219400	0.5236500	2.1718890	0.1467800	0.4806800	2.2923790	0.3921900	0.5218900	2.4914690	0.2408200	0.5198900	2.1685490	-0.1901700	0.6124800	2.2633690	-0.4193500	0.6140700	2.4456890	-0.2446400	0.5405200	1.5988790	-0.0533700	0.5511700	1.5954090	0.0623600	0.5119400	1.1537790	0.0597600	0.4675500	0.6637690	0.0512500	0.5325000	1.6050890	-0.1662900	0.4353800	1.1562590	-0.1874400	0.4323300	0.6739890	-0.2016000	0.5291700	0.5464190	-0.1556900	0.4910400	0.5490390	-0.2070600	0.3780200	0.6388190	-0.1930100	0.5333800	0.5022890	-0.0000100	0.4998000	0.4927290	0.0386200	0.5218400	0.6158990	0.0555000	0.6201365	1.6418823	0.1043555	0.5916265	1.6663640	-0.2172151	0.4094113	1.7211522	0.0252354	0.3975157	1.7310846	-0.1004856	0.4806061	1.1371225	0.0873879	0.5037792	1.1393702	0.0197132	0.4918658	0.6578402	0.0716914	0.5255352	0.6618292	0.0315452	0.5163920	0.5243183	0.0279710	0.4985908	0.5278811	0.0533613	0.4919858	0.6830279	0.0533909	0.4388291	1.1582101	-0.2376910	0.4751242	1.1549365	-0.1125956	0.3981678	0.6793032	-0.2436677	0.4455959	0.6778578	-0.1611628	0.5040531	0.5740650	-0.1837729	0.3642215	0.6806535	-0.1968855	0.4665350	0.5772855	-0.2440830	0.5348820	2.2168666	0.1402583	0.5439590	2.2100641	-0.1908329	0.4362056	2.2351280	-0.0196916	0.5262981	1.4116549	0.1144966	0.5031189	1.3032938	0.1164640	0.4762902	1.4222205	0.1050817	0.5394088	1.4246082	-0.2588613	0.4907568	1.3215299	-0.2735320	0.4296855	1.4462073	-0.2665883	0.4828547	0.9956215	0.0864453	0.5046998	0.8523811	0.0968834	0.4569824	0.8642585	0.0796940	0.4270002	1.0193144	-0.2483960	0.4443319	0.8753268	-0.2711420	0.3714978	0.8885589	-0.2520946	0.5123714	1.5732297	0.0457266	0.4949999	1.5883961	-0.1481656	0.4311805	2.2891185	0.4309009	0.5359428	2.2837769	0.4425540	0.5312561	2.4723585	0.2091164	0.5382947	2.5404045	0.2712888	0.5791418	2.2751204	-0.4698394	0.6556507	2.2457069	-0.4456992	0.5965171	2.4298053	-0.2177403	0.6313395	2.4878484	-0.2599552
138	2.2833333	0.5136900	2.1702990	-0.0191100	0.5235800	2.1689190	0.1452500	0.4817500	2.2861890	0.3948800	0.5191300	2.4915390	0.2472000	0.5136900	2.1682890	-0.1806600	0.6084300	2.2612990	-0.4150000	0.6114700	2.4442190	-0.2464900	0.5404600	1.5985190	-0.0534000	0.5508200	1.5939190	0.0625300	0.5116300	1.1576490	0.0629400	0.4740400	0.6641790	0.0523300	0.5358200	1.6034390	-0.1657600	0.4437100	1.1555790	-0.1860900	0.4317700	0.6754190	-0.2055500	0.5351500	0.5429390	-0.1550900	0.5093300	0.5452990	-0.2048300	0.3777000	0.6391190	-0.1933800	0.5354700	0.5067390	0.0041500	0.5217800	0.5120290	0.0503300	0.5233900	0.6092290	0.0600500	0.6202204	1.6423173	0.1053681	0.5922253	1.6657899	-0.2179375	0.4080233	1.7207150	0.0254976	0.3963425	1.7302397	-0.1008856	0.4823107	1.1373062	0.0896397	0.5049410	1.1394150	0.0208717	0.4934121	0.6580129	0.0742598	0.5270422	0.6619032	0.0332821	0.5217076	0.5277587	0.0297157	0.5029568	0.5299439	0.0559918	0.4921579	0.6812121	0.0557119	0.4403385	1.1581438	-0.2398094	0.4754963	1.1549099	-0.1125985	0.3998216	0.6782426	-0.2449850	0.4464542	0.6770915	-0.1606104	0.5091187	0.5744139	-0.1820162	0.3635184	0.6791186	-0.1981256	0.4717505	0.5764101	-0.2440645	0.5313494	2.2155162	0.1423802	0.5375315	2.2101141	-0.1901332	0.4307424	2.2335239	-0.0172958	0.5273541	1.4121384	0.1156151	0.5045385	1.3036781	0.1182245	0.4768143	1.4221851	0.1070242	0.5421216	1.4241643	-0.2599144	0.4932086	1.3212360	-0.2754223	0.4305145	1.4455708	-0.2694744	0.4845401	0.9956719	0.0888000	0.5066870	0.8523969	0.0992842	0.4583451	0.8643947	0.0824298	0.4291271	1.0189415	-0.2504673	0.4473307	0.8747429	-0.2729505	0.3727149	0.8878763	-0.2545610	0.5118968	1.5730069	0.0461259	0.4948475	1.5875759	-0.1488115	0.4290297	2.2839942	0.4306921	0.5337336	2.2785950	0.4433403	0.5286744	2.4721303	0.2143712	0.5361658	2.5384877	0.2774350	0.5763567	2.2738759	-0.4671149	0.6534818	2.2438686	-0.4431171	0.5960646	2.4289704	-0.2174405	0.6309133	2.4869268	-0.2595340
139	2.3000000	0.5103300	2.1681890	-0.0169800	0.5201100	2.1667790	0.1494200	0.4661100	2.2675390	0.4006800	0.5189900	2.4818590	0.2527000	0.5128000	2.1647590	-0.1869100	0.6096700	2.2521790	-0.4136100	0.6142300	2.4438890	-0.2420500	0.5403700	1.5961590	-0.0535800	0.5512500	1.5927190	0.0621300	0.5151500	1.1579990	0.0602200	0.4778100	0.6553490	0.0505400	0.5359400	1.5996290	-0.1668600	0.4604600	1.1626990	-0.1816600	0.4404400	0.6560190	-0.2029100	0.5356200	0.5416790	-0.1558500	0.5279500	0.5480690	-0.2085700	0.3935400	0.6232190	-0.1979100	0.5388100	0.4963490	0.0031300	0.5253400	0.5044190	0.0526900	0.5162700	0.6000690	0.0574000	0.6206446	1.6409911	0.1068216	0.5937449	1.6628304	-0.2191724	0.4060165	1.7185467	0.0252263	0.3948153	1.7273770	-0.1021870	0.4844380	1.1353026	0.0920400	0.5058480	1.1372598	0.0202582	0.4933805	0.6544340	0.0769639	0.5265274	0.6582365	0.0337560	0.5260155	0.5267811	0.0310738	0.5065252	0.5281081	0.0589786	0.4895016	0.6761081	0.0572844	0.4457206	1.1541672	-0.2408893	0.4781734	1.1515833	-0.1111106	0.4061780	0.6721442	-0.2465646	0.4508981	0.6716723	-0.1600325	0.5171621	0.5713612	-0.1802833	0.3673191	0.6720087	-0.1998660	0.4810034	0.5718606	-0.2440735	0.5280243	2.2126817	0.1438661	0.5327280	2.2081838	-0.1908175	0.4253883	2.2303355	-0.0164652	0.5299878	1.4105247	0.1169683	0.5071770	1.3019182	0.1205943	0.4773094	1.4202531	0.1106994	0.5471999	1.4210608	-0.2600299	0.4988633	1.3176813	-0.2764375	0.4336185	1.4416740	-0.2729674	0.4862072	0.9931818	0.0914535	0.5084836	0.8493766	0.1020479	0.4586955	0.8614829	0.0858481	0.4354587	1.0143506	-0.2516549	0.4549581	0.8697485	-0.2740165	0.3785319	0.8823015	-0.2569279	0.5109028	1.5710414	0.0465830	0.4945137	1.5846077	-0.1499712	0.4214867	2.2713289	0.4332108	0.5257181	2.2642410	0.4469983	0.5260184	2.4651288	0.2204247	0.5341868	2.5288486	0.2847095	0.5769617	2.2682184	-0.4651919	0.6540821	2.2369016	-0.4392710	0.5979394	2.4257058	-0.2162375	0.6332963	2.4828796	-0.2580447
140	2.3166667	0.5061900	2.1630890	-0.0167600	0.5211400	2.1558090	0.1479200	0.4608200	2.2605390	0.4050700	0.5240700	2.4644390	0.2606200	0.5125000	2.1544990	-0.1777700	0.6094600	2.2429990	-0.4160000	0.6195600	2.4254490	-0.2448600	0.5483000	1.5965890	-0.0535700	0.5547200	1.5918790	0.0606100	0.5199000	1.1547590	0.0581700	0.4744500	0.6358490	0.0488000	0.5448400	1.6000690	-0.1667700	0.4728000	1.1637590	-0.1778200	0.4483200	0.6631590	-0.2033400	0.5409000	0.5401390	-0.1599000	0.5217700	0.5434190	-0.2088300	0.3842900	0.6342390	-0.1929700	0.5361700	0.4930390	0.0047400	0.5309000	0.4988090	0.0538800	0.5106500	0.5861390	0.0602300	0.6292194	1.6416669	0.1079364	0.6023306	1.6635537	-0.2196876	0.4128365	1.7187034	0.0257949	0.4016838	1.7275209	-0.1022576	0.4918562	1.1341438	0.0940685	0.5115245	1.1360081	0.0189045	0.4962338	0.6509655	0.0797451	0.5284125	0.6546140	0.0337904	0.5330843	0.5260535	0.0322766	0.5131202	0.5268273	0.0623289	0.4888565	0.6711937	0.0587215	0.4582084	1.1541468	-0.2412776	0.4886575	1.1516720	-0.1095050	0.4145731	0.6705817	-0.2471741	0.4580520	0.6701906	-0.1589429	0.5262744	0.5702683	-0.1789706	0.3736008	0.6707636	-0.2001479	0.4906393	0.5703090	-0.2439035	0.5312929	2.2112326	0.1452120	0.5334862	2.2081471	-0.1895601	0.4269728	2.2283827	-0.0145732	0.5409209	1.4099660	0.1177048	0.5169793	1.3011320	0.1225567	0.4854765	1.4202047	0.1147097	0.5593452	1.4216912	-0.2601042	0.5114455	1.3180796	-0.2770272	0.4438785	1.4417365	-0.2752421	0.4926364	0.9914221	0.0939744	0.5146700	0.8468014	0.1046831	0.4628919	0.8591418	0.0894556	0.4472663	1.0136381	-0.2521048	0.4662929	0.8683788	-0.2744149	0.3886949	0.8814883	-0.2581869	0.5184755	1.5713112	0.0469548	0.5020959	1.5848966	-0.1505858	0.4183963	2.2604245	0.4365054	0.5220111	2.2508787	0.4516870	0.5307594	2.4543163	0.2268598	0.5389296	2.5160887	0.2915873	0.5819644	2.2605714	-0.4651755	0.6576188	2.2273446	-0.4383267	0.6046405	2.4167981	-0.2159786	0.6406184	2.4731149	-0.2570507
141	2.3333333	0.5080600	2.1493690	-0.0149000	0.5112800	2.1532790	0.1511700	0.4536200	2.2493190	0.4098100	0.5333600	2.4517290	0.2649700	0.5108800	2.1498690	-0.1786200	0.6114900	2.2281590	-0.4154000	0.6184100	2.4179790	-0.2387600	0.5491400	1.5855190	-0.0534500	0.5560900	1.5801190	0.0609800	0.5275700	1.1494190	0.0541500	0.4790000	0.6319590	0.0488300	0.5456500	1.5924690	-0.1672300	0.4779800	1.1453890	-0.1863200	0.4537800	0.6514890	-0.2087100	0.5367200	0.5292690	-0.1564500	0.5169400	0.5334590	-0.2052100	0.3845700	0.6289890	-0.1941700	0.5433100	0.4904690	0.0058900	0.5315200	0.4917590	0.0554100	0.5064600	0.5868790	0.0618500	0.6295811	1.6308457	0.1094171	0.6043267	1.6526785	-0.2195684	0.4125417	1.7072776	0.0261061	0.4020710	1.7160440	-0.1025288	0.4941901	1.1222642	0.0959395	0.5124480	1.1240822	0.0167852	0.4930434	0.6381073	0.0824575	0.5245411	0.6416369	0.0335207	0.5338625	0.5154212	0.0330558	0.5132826	0.5155389	0.0653768	0.4822219	0.6573695	0.0600028	0.4648818	1.1422171	-0.2430854	0.4929732	1.1398278	-0.1094512	0.4162736	0.6582585	-0.2484940	0.4581666	0.6580454	-0.1586279	0.5261072	0.5579482	-0.1771903	0.3738026	0.6592554	-0.2017345	0.4918610	0.5576274	-0.2434177	0.5275835	2.1988892	0.1471354	0.5288781	2.1972538	-0.1877331	0.4225221	2.2154488	-0.0124912	0.5454738	1.3985826	0.1185624	0.5208722	1.2895532	0.1245792	0.4866759	1.4088686	0.1188272	0.5649609	1.4109191	-0.2599766	0.5179324	1.3068553	-0.2780454	0.4482880	1.4300371	-0.2780628	0.4938053	0.9791577	0.0963279	0.5153641	0.8340726	0.1073442	0.4613646	0.8467638	0.0929138	0.4530296	1.0012377	-0.2536148	0.4711701	0.8557554	-0.2753083	0.3927423	0.8693505	-0.2607499	0.5186239	1.5601323	0.0471624	0.5032359	1.5736734	-0.1512104	0.4087094	2.2434645	0.4391130	0.5117934	2.2311451	0.4568221	0.5331885	2.4352580	0.2319051	0.5413338	2.4949440	0.2979050	0.5823879	2.2433499	-0.4633736	0.6569100	2.2090699	-0.4359072	0.6045868	2.4001667	-0.2137966	0.6412215	2.4552896	-0.2537465
142	2.3500000	0.5078400	2.1365590	-0.0153700	0.5056500	2.1439990	0.1476600	0.4517400	2.2198990	0.4108800	0.5367200	2.4257190	0.2736800	0.5112100	2.1421990	-0.1802200	0.6082100	2.2158690	-0.4164300	0.6223400	2.4049490	-0.2388700	0.5498300	1.5737390	-0.0530700	0.5637800	1.5701090	0.0611600	0.5386100	1.1398290	0.0614900	0.4813800	0.6304990	0.0481400	0.5465700	1.5798990	-0.1663300	0.4868900	1.1329890	-0.1872700	0.4650500	0.6463390	-0.2114000	0.5332400	0.5021390	-0.1512900	0.5048100	0.5002090	-0.1910800	0.3851700	0.6160790	-0.1968100	0.5560100	0.4803690	0.0121600	0.5310500	0.4814590	0.0571800	0.4983600	0.5852190	0.0567100	0.6295020	1.6200016	0.1107486	0.6061306	1.6410938	-0.2188208	0.4122357	1.6949023	0.0261865	0.4025477	1.7033500	-0.1027221	0.4973256	1.1111997	0.0994430	0.5163596	1.1129610	0.0158688	0.4895564	0.6265553	0.0845782	0.5222466	0.6299784	0.0324355	0.5355025	0.5036222	0.0347217	0.5129741	0.5042514	0.0692848	0.4759505	0.6463829	0.0595361	0.4726586	1.1295853	-0.2438289	0.4982005	1.1273272	-0.1092807	0.4189877	0.6455177	-0.2481728	0.4590227	0.6453650	-0.1573344	0.5240456	0.5408950	-0.1721168	0.3759470	0.6496746	-0.2025996	0.4920879	0.5407429	-0.2395913	0.5230589	2.1861951	0.1479415	0.5250480	2.1857543	-0.1858549	0.4185489	2.2019820	-0.0116148	0.5497901	1.3877329	0.1220943	0.5245136	1.2785936	0.1289356	0.4863473	1.3971529	0.1234329	0.5704590	1.3994723	-0.2589164	0.5248294	1.2949090	-0.2779150	0.4534289	1.4172898	-0.2794648	0.4953036	0.9676898	0.0998860	0.5160715	0.8223175	0.1111239	0.4593140	0.8354691	0.0964421	0.4598217	0.9881712	-0.2538625	0.4768752	0.8424386	-0.2746421	0.3981646	0.8567740	-0.2617798	0.5186273	1.5482759	0.0474024	0.5043950	1.5613575	-0.1513361	0.4026535	2.2205352	0.4429268	0.5044768	2.2045041	0.4607861	0.5363461	2.4123683	0.2387631	0.5455980	2.4701166	0.3046900	0.5820751	2.2273640	-0.4628300	0.6558543	2.1914337	-0.4350883	0.6064553	2.3842732	-0.2129847	0.6435103	2.4384016	-0.2523785
143	2.3666667	0.4967700	2.1302590	-0.0110200	0.4900700	2.1301890	0.1516100	0.4481100	2.2009290	0.4117000	0.5403600	2.4000590	0.2833900	0.5030400	2.1233290	-0.1763400	0.6009700	2.2069690	-0.4169600	0.6149300	2.3783290	-0.2420800	0.5506000	1.5649390	-0.0553800	0.5648400	1.5608990	0.0607300	0.5433300	1.1218490	0.0553200	0.4791900	0.6109590	0.0459900	0.5472600	1.5702590	-0.1674400	0.4917500	1.1285290	-0.1862100	0.4621900	0.6368690	-0.2098900	0.5341800	0.4932890	-0.1532200	0.5164400	0.4966890	-0.1967000	0.3857800	0.5997490	-0.1994500	0.5555000	0.4608090	0.0150400	0.5345900	0.4710290	0.0593500	0.4909200	0.5507490	0.0549000	0.6295405	1.6113792	0.1096822	0.6078074	1.6329462	-0.2206443	0.4117552	1.6846172	0.0238277	0.4027417	1.6932547	-0.1054558	0.5005552	1.1014303	0.1002014	0.5199390	1.1030291	0.0114215	0.4859562	0.6150085	0.0848568	0.5194928	0.6182186	0.0289148	0.5373777	0.4936706	0.0345014	0.5130027	0.4942076	0.0716499	0.4690703	0.6341611	0.0569132	0.4800526	1.1201035	-0.2470472	0.5031996	1.1178321	-0.1113883	0.4208793	0.6346472	-0.2507093	0.4593993	0.6343764	-0.1587870	0.5229683	0.5272838	-0.1716280	0.3768870	0.6407196	-0.2056657	0.4925425	0.5275946	-0.2400929	0.5152034	2.1766512	0.1468882	0.5202376	2.1774493	-0.1858986	0.4122740	2.1915372	-0.0130483	0.5554495	1.3784407	0.1228090	0.5290511	1.2691370	0.1306196	0.4862331	1.3878847	0.1259188	0.5760104	1.3914047	-0.2605638	0.5315643	1.2862897	-0.2804263	0.4582592	1.4079262	-0.2837455	0.4969319	0.9572792	0.1009815	0.5170503	0.8112452	0.1126277	0.4571804	0.8247673	0.0979785	0.4660393	0.9776709	-0.2567494	0.4819228	0.8311095	-0.2767561	0.4027333	0.8468055	-0.2654934	0.5188160	1.5390716	0.0449166	0.5055804	1.5524255	-0.1542988	0.3980904	2.1998678	0.4451095	0.4984734	2.1792358	0.4615744	0.5395264	2.3897260	0.2448945	0.5508045	2.4456966	0.3108131	0.5783121	2.2154639	-0.4653621	0.6513424	2.1774158	-0.4383229	0.6035837	2.3669769	-0.2143416	0.6413273	2.4211819	-0.2523716
144	2.3833333	0.4957200	2.1106290	-0.0086200	0.4966700	2.1110090	0.1536300	0.4471200	2.1699090	0.4133600	0.5277400	2.3751990	0.2957500	0.5011000	2.1110290	-0.1740600	0.6026100	2.1800990	-0.4180200	0.6081400	2.3686190	-0.2411600	0.5518300	1.5503090	-0.0536200	0.5688900	1.5435090	0.0609500	0.5482300	1.1012890	0.0605900	0.4763600	0.6080690	0.0469000	0.5485500	1.5566790	-0.1674300	0.4967700	1.1186790	-0.1889700	0.4640100	0.6054690	-0.2071900	0.5427500	0.4868090	-0.1604600	0.5396800	0.5036590	-0.2176700	0.3860500	0.5842290	-0.2006600	0.5625900	0.4541290	0.0172000	0.5455200	0.4597090	0.0623700	0.4837400	0.5539190	0.0515000	0.6308172	1.5970140	0.1124138	0.6093203	1.6188423	-0.2189207	0.4118884	1.6684516	0.0265383	0.4029448	1.6772254	-0.1031889	0.5054659	1.0869844	0.1065531	0.5255371	1.0887667	0.0117573	0.4838088	0.5999541	0.0885796	0.5187240	0.6031642	0.0279532	0.5417144	0.4803650	0.0375656	0.5148720	0.4813164	0.0779108	0.4636283	0.6186214	0.0569283	0.4877083	1.1051448	-0.2473848	0.5092214	1.1024839	-0.1102151	0.4256330	0.6182706	-0.2522333	0.4632345	0.6177130	-0.1587533	0.5279196	0.5126245	-0.1726644	0.3801143	0.6236273	-0.2064684	0.4979385	0.5130189	-0.2420983	0.5106184	2.1609234	0.1498005	0.5161665	2.1627148	-0.1814843	0.4084709	2.1757381	-0.0093189	0.5627895	1.3644258	0.1289657	0.5352060	1.2549327	0.1379202	0.4868258	1.3728351	0.1336350	0.5819910	1.3777874	-0.2591635	0.5385278	1.2721824	-0.2800389	0.4624717	1.3930593	-0.2844780	0.5002791	0.9422755	0.1072004	0.5199330	0.7957518	0.1186121	0.4561994	0.8100909	0.1042248	0.4732760	0.9618686	-0.2575029	0.4889883	0.8147453	-0.2774327	0.4085474	0.8312628	-0.2675021	0.5198359	1.5240975	0.0468042	0.5067613	1.5376076	-0.1530248	0.3944184	2.1703709	0.4505228	0.4942119	2.1476273	0.4649209	0.5357490	2.3633598	0.2560945	0.5483301	2.4176301	0.3217828	0.5754253	2.1945427	-0.4629756	0.6489461	2.1560355	-0.4358984	0.5988384	2.3473021	-0.2132813	0.6366727	2.4016502	-0.2503699
145	2.4000000	0.4926400	2.0892590	-0.0087000	0.4845400	2.0861590	0.1506100	0.4364900	2.1433790	0.4189500	0.5250400	2.3474990	0.3009400	0.4945400	2.0896690	-0.1766100	0.5960600	2.1647090	-0.4228200	0.6096700	2.3371090	-0.2407100	0.5559000	1.5331990	-0.0556500	0.5735700	1.5287590	0.0580500	0.5496600	1.0818090	0.0647500	0.4804100	0.5968090	0.0517400	0.5494000	1.5388190	-0.1674200	0.4985600	1.0951090	-0.1905900	0.4679300	0.5960590	-0.2087900	0.5248500	0.4527390	-0.1514500	0.5237000	0.4521590	-0.2003200	0.3845800	0.5708690	-0.1984000	0.5645800	0.4324990	0.0169000	0.5472600	0.4464290	0.0613400	0.4803600	0.5462890	0.0499200	0.6348869	1.5807578	0.1107430	0.6128701	1.6026057	-0.2207706	0.4149085	1.6490309	0.0253762	0.4057481	1.6578592	-0.1044574	0.5118950	1.0702372	0.1091688	0.5339444	1.0717931	0.0096561	0.4826493	0.5838185	0.0886643	0.5197737	0.5867359	0.0243584	0.5467718	0.4627323	0.0373312	0.5169016	0.4658751	0.0804153	0.4599203	0.6036893	0.0539718	0.4953307	1.0867906	-0.2495654	0.5151370	1.0842512	-0.1128673	0.4299241	0.6005071	-0.2540521	0.4662549	0.5998116	-0.1605092	0.5289959	0.4911871	-0.1721876	0.3841688	0.6084311	-0.2090619	0.5003085	0.4922605	-0.2419622	0.5066335	2.1412540	0.1488592	0.5133750	2.1441036	-0.1807272	0.4056724	2.1551888	-0.0096761	0.5711462	1.3481821	0.1319079	0.5423090	1.2385360	0.1416096	0.4894158	1.3554195	0.1364000	0.5879865	1.3603437	-0.2601318	0.5454833	1.2543343	-0.2814384	0.4690400	1.3749942	-0.2865418	0.5048009	0.9253698	0.1097308	0.5234369	0.7788458	0.1211129	0.4564257	0.7939484	0.1063087	0.4802447	0.9433131	-0.2595050	0.4951483	0.7959602	-0.2787025	0.4147883	0.8135451	-0.2700666	0.5241132	1.5064594	0.0447613	0.5107489	1.5199753	-0.1551839	0.3889162	2.1409999	0.4513774	0.4879407	2.1158625	0.4653790	0.5321827	2.3353752	0.2621390	0.5454102	2.3881727	0.3282532	0.5726158	2.1746981	-0.4660859	0.6456039	2.1349512	-0.4409125	0.5964396	2.3224919	-0.2149133	0.6346103	2.3769098	-0.2512239
146	2.4166667	0.4959900	2.0642890	-0.0100600	0.4891900	2.0643390	0.1492700	0.4238900	2.1132490	0.4240200	0.5227700	2.3081390	0.3084000	0.4953600	2.0705590	-0.1764100	0.5956500	2.1384390	-0.4178200	0.6115600	2.3196490	-0.2407000	0.5585900	1.5073890	-0.0579600	0.5790000	1.5015590	0.0542900	0.5543700	1.0621290	0.0625100	0.4901500	0.5635590	0.0487400	0.5555500	1.5162190	-0.1690000	0.4993900	1.0645390	-0.1929800	0.4669300	0.5811090	-0.2079200	0.5329600	0.4396090	-0.1507600	0.5151500	0.4448290	-0.1937700	0.3831100	0.5545990	-0.1961500	0.5660000	0.4240090	0.0150300	0.5440200	0.4320390	0.0601300	0.4711000	0.5379190	0.0374500	0.6371784	1.5554118	0.1084372	0.6147665	1.5777220	-0.2222406	0.4172138	1.6213298	0.0239134	0.4078772	1.6303605	-0.1056358	0.5175132	1.0452516	0.1115676	0.5420129	1.0470009	0.0077433	0.4808106	0.5611052	0.0864703	0.5204194	0.5638990	0.0188860	0.5497365	0.4408448	0.0354149	0.5169869	0.4450161	0.0806721	0.4565106	0.5813914	0.0484480	0.5003355	1.0607795	-0.2519117	0.5193971	1.0579878	-0.1154232	0.4306668	0.5760551	-0.2543691	0.4664754	0.5750364	-0.1605970	0.5272413	0.4655152	-0.1713936	0.3849681	0.5851735	-0.2094775	0.4992347	0.4671259	-0.2414088	0.5035403	2.1140584	0.1471013	0.5101754	2.1180998	-0.1800533	0.4036320	2.1273243	-0.0099468	0.5777982	1.3233359	0.1345190	0.5480106	1.2135981	0.1448765	0.4906162	1.3291930	0.1381546	0.5919811	1.3347903	-0.2615444	0.5500789	1.2286250	-0.2832102	0.4731781	1.3489923	-0.2888078	0.5085228	0.9003675	0.1113730	0.5259516	0.7538901	0.1221244	0.4560407	0.7707052	0.1067509	0.4841816	0.9171740	-0.2612194	0.4978466	0.7697772	-0.2792843	0.4176090	0.7889501	-0.2718891	0.5271609	1.4800895	0.0420639	0.5135778	1.4938822	-0.1573854	0.3775745	2.1068578	0.4523310	0.4761173	2.0797333	0.4682393	0.5282423	2.3003573	0.2688191	0.5404620	2.3506427	0.3362933	0.5690568	2.1485550	-0.4653008	0.6424533	2.1086513	-0.4413219	0.5953095	2.2964332	-0.2160050	0.6331024	2.3503159	-0.2526015
147	2.4333333	0.4914000	2.0451890	-0.0123400	0.4908400	2.0319790	0.1531700	0.4201000	2.0794790	0.4249000	0.5217100	2.2763290	0.3111100	0.4878900	2.0399490	-0.1713600	0.5821000	2.1173190	-0.4176000	0.6074100	2.2881890	-0.2418500	0.5620300	1.4861690	-0.0609000	0.5835900	1.4831790	0.0507800	0.5590300	1.0428090	0.0659000	0.4917400	0.5428190	0.0522100	0.5519700	1.4902190	-0.1731900	0.5086500	1.0432190	-0.1945600	0.4668400	0.5641090	-0.2057400	0.5396200	0.4110990	-0.1567500	0.5299700	0.4169390	-0.2015200	0.3955400	0.5286490	-0.1997500	0.5539900	0.3996690	0.0238100	0.5409600	0.4051490	0.0649200	0.4556200	0.5303390	0.0467600	0.6417352	1.5353445	0.1051418	0.6165181	1.5568402	-0.2251833	0.4204753	1.5978623	0.0224918	0.4100510	1.6065869	-0.1069228	0.5238928	1.0259352	0.1145957	0.5503189	1.0271623	0.0070654	0.4766753	0.5439529	0.0882817	0.5182681	0.5460258	0.0175474	0.5486894	0.4210842	0.0372001	0.5136603	0.4278746	0.0844950	0.4509813	0.5659125	0.0477662	0.5069257	1.0389899	-0.2545212	0.5258250	1.0361559	-0.1184871	0.4348342	0.5556654	-0.2556784	0.4703723	0.5544658	-0.1617470	0.5302702	0.4428385	-0.1726810	0.3891863	0.5664876	-0.2104531	0.5024890	0.4453927	-0.2427250	0.5016293	2.0905463	0.1463168	0.5054635	2.0960930	-0.1792569	0.4007963	2.1032516	-0.0089512	0.5852264	1.3040073	0.1365193	0.5545932	1.1943557	0.1479152	0.4935727	1.3086170	0.1397132	0.5960809	1.3136092	-0.2639015	0.5552192	1.2071683	-0.2856207	0.4773617	1.3269825	-0.2912261	0.5121698	0.8811334	0.1145924	0.5271684	0.7348046	0.1253686	0.4552148	0.7532283	0.1099985	0.4903734	0.8953578	-0.2635919	0.5032669	0.7480757	-0.2809578	0.4230325	0.7682157	-0.2741116	0.5315328	1.4586555	0.0391865	0.5162625	1.4719499	-0.1600469	0.3699594	2.0764987	0.4530942	0.4674709	2.0477324	0.4698763	0.5249743	2.2691774	0.2744408	0.5371030	2.3178025	0.3414776	0.5602090	2.1272693	-0.4656449	0.6334629	2.0862593	-0.4432109	0.5921557	2.2722452	-0.2169378	0.6297284	2.3257188	-0.2541797
148	2.4500000	0.4892500	2.0077390	-0.0093400	0.4796300	2.0084090	0.1546800	0.4223000	2.0405890	0.4252000	0.5166000	2.2398690	0.3225300	0.4897900	2.0106890	-0.1657600	0.5711900	2.0845790	-0.4211200	0.6186300	2.2455790	-0.2458800	0.5644600	1.4565790	-0.0621100	0.5815500	1.4552690	0.0523800	0.5532200	1.0115890	0.0676300	0.4868900	0.5152890	0.0529500	0.5578600	1.4655790	-0.1718300	0.5102400	1.0152290	-0.1961600	0.4656000	0.5313690	-0.2020400	0.5315300	0.3866490	-0.1532400	0.5346300	0.3972590	-0.2044400	0.4079800	0.4974890	-0.2033600	0.5508000	0.3660390	0.0214700	0.5423600	0.3757990	0.0623800	0.4708200	0.5014990	0.0350300	0.6428845	1.5058139	0.1040588	0.6187426	1.5281582	-0.2249290	0.4223571	1.5662280	0.0209128	0.4123654	1.5752462	-0.1080146	0.5262582	0.9972236	0.1177334	0.5555619	0.9982495	0.0081094	0.4741328	0.5175687	0.0883586	0.5181508	0.5192831	0.0162209	0.5468690	0.3930769	0.0389522	0.5102439	0.4016627	0.0868736	0.4489755	0.5410090	0.0454035	0.5109366	1.0092748	-0.2550856	0.5287689	1.0064781	-0.1199197	0.4384863	0.5273001	-0.2552245	0.4732543	0.5258761	-0.1616349	0.5312511	0.4145121	-0.1723357	0.3933634	0.5384002	-0.2100781	0.5042052	0.4173650	-0.2420194	0.4964651	2.0585246	0.1465706	0.5033052	2.0654941	-0.1755795	0.3982371	2.0704444	-0.0075277	0.5881059	1.2751327	0.1394027	0.5566822	1.1655807	0.1512310	0.4934049	1.2789375	0.1405098	0.5994770	1.2837564	-0.2638109	0.5591027	1.1773728	-0.2856545	0.4817014	1.2973041	-0.2917199	0.5130581	0.8526825	0.1173679	0.5268243	0.7065825	0.1280308	0.4535887	0.7263063	0.1112769	0.4942917	0.8657542	-0.2637966	0.5070149	0.7185086	-0.2804027	0.4272303	0.7396196	-0.2744519	0.5339623	1.4284954	0.0372098	0.5193404	1.4422806	-0.1612206	0.3653370	2.0374088	0.4553041	0.4621637	2.0071559	0.4720320	0.5210074	2.2312566	0.2827919	0.5335666	2.2786115	0.3500098	0.5493407	2.0960816	-0.4660283	0.6219641	2.0528764	-0.4468791	0.5957698	2.2351684	-0.2172575	0.6331808	2.2874684	-0.2564816
149	2.4666667	0.4953400	1.9707290	-0.0079500	0.4879500	1.9721290	0.1568800	0.4241900	1.9891690	0.4243700	0.5053400	2.1975890	0.3351700	0.4852100	1.9811690	-0.1642600	0.5648400	2.0488690	-0.4208100	0.6063800	2.2218390	-0.2387400	0.5693900	1.4267890	-0.0647400	0.5875400	1.4233290	0.0491400	0.5644500	0.9877790	0.0644500	0.4804600	0.4907090	0.0599700	0.5632600	1.4319090	-0.1753600	0.5080300	0.9857790	-0.1990900	0.4607000	0.5078590	-0.1995100	0.5473000	0.3590190	-0.1544800	0.5395700	0.3688790	-0.2028900	0.3959200	0.4663590	-0.2010500	0.5447100	0.3368590	0.0263900	0.5347300	0.3480890	0.0652700	0.4588700	0.4718290	0.0426500	0.6489717	1.4760430	0.1013525	0.6221120	1.4987594	-0.2275353	0.4276163	1.5350461	0.0197545	0.4165804	1.5442121	-0.1091180	0.5317176	0.9690054	0.1198648	0.5623691	0.9693520	0.0075937	0.4705793	0.4908449	0.0905728	0.5158684	0.4917071	0.0159598	0.5439762	0.3636465	0.0407707	0.5064198	0.3743231	0.0902576	0.4448479	0.5157250	0.0459020	0.5148035	0.9794044	-0.2567751	0.5325424	0.9767687	-0.1218701	0.4406526	0.4982662	-0.2554276	0.4754949	0.4967908	-0.1616683	0.5351255	0.3862832	-0.1731626	0.3950026	0.5092496	-0.2097968	0.5073639	0.3894439	-0.2428746	0.4968735	2.0261136	0.1475688	0.5010861	2.0345823	-0.1734234	0.3976927	2.0377831	-0.0049880	0.5956238	1.2466515	0.1401973	0.5630928	1.1372965	0.1530419	0.4976293	1.2498700	0.1414053	0.6035329	1.2534881	-0.2660257	0.5631295	1.1472420	-0.2876432	0.4858479	1.2674545	-0.2937624	0.5161534	0.8244954	0.1198829	0.5277622	0.6783389	0.1307443	0.4531495	0.6996267	0.1142282	0.4977028	0.8359305	-0.2652226	0.5099372	0.6885578	-0.2812309	0.4300718	0.7105377	-0.2755341	0.5397918	1.3984237	0.0346445	0.5235269	1.4124435	-0.1637303	0.3645942	1.9912612	0.4565367	0.4626449	1.9615307	0.4721765	0.5158898	2.1915488	0.2920364	0.5280353	2.2374158	0.3597548	0.5395521	2.0634152	-0.4644597	0.6131167	2.0194902	-0.4471970	0.5944825	2.2015790	-0.2164627	0.6311325	2.2536229	-0.2564367
150	2.4833333	0.4875300	1.9461890	-0.0069100	0.4819300	1.9404590	0.1553400	0.4110500	1.9405490	0.4286100	0.5060000	2.1531390	0.3357800	0.4792700	1.9452790	-0.1626300	0.5604800	2.0098590	-0.4189300	0.6060100	2.1862790	-0.2359400	0.5702700	1.3976390	-0.0634700	0.5877600	1.3953590	0.0486200	0.5660400	0.9486690	0.0645600	0.4914100	0.4627690	0.0610500	0.5598600	1.4044790	-0.1729700	0.5207900	0.9690190	-0.1998400	0.4570200	0.4752390	-0.2042400	0.5484500	0.3331590	-0.1557300	0.5396000	0.3429590	-0.2055700	0.3926200	0.4336690	-0.2000900	0.5473500	0.3096490	0.0330000	0.5367300	0.3193290	0.0737600	0.4668300	0.4418590	0.0403100	0.6501711	1.4469221	0.1024419	0.6219126	1.4699930	-0.2252699	0.4285482	1.5041629	0.0215800	0.4169784	1.5134356	-0.1067954	0.5346388	0.9404124	0.1241656	0.5667019	0.9403178	0.0103679	0.4691141	0.4634079	0.0947372	0.5155908	0.4637245	0.0187808	0.5419402	0.3363323	0.0466662	0.5037579	0.3480992	0.0965404	0.4439899	0.4880424	0.0480779	0.5166957	0.9512567	-0.2562827	0.5342954	0.9485539	-0.1209925	0.4386420	0.4708528	-0.2543908	0.4735029	0.4692138	-0.1600399	0.5350512	0.3605245	-0.1728893	0.3919153	0.4809836	-0.2081599	0.5063751	0.3634211	-0.2428895	0.4928560	1.9940553	0.1504479	0.4962887	2.0038079	-0.1677197	0.3941405	2.0054431	-0.0004254	0.5982393	1.2184166	0.1439510	0.5655575	1.1089785	0.1573075	0.4982675	1.2209089	0.1443238	0.6048729	1.2246654	-0.2651703	0.5647342	1.1186975	-0.2870216	0.4869773	1.2386595	-0.2928755	0.5178268	0.7958546	0.1245098	0.5282804	0.6496106	0.1357825	0.4529897	0.6721708	0.1185905	0.4985216	0.8077557	-0.2645812	0.5096765	0.6603581	-0.2802681	0.4296498	0.6831070	-0.2751327	0.5412511	1.3689846	0.0354190	0.5241494	1.3832123	-0.1622426	0.3578665	1.9433135	0.4592202	0.4553939	1.9127367	0.4733339	0.5085429	2.1495535	0.3000045	0.5213929	2.1927632	0.3680291	0.5301069	2.0275863	-0.4606766	0.6037322	1.9827179	-0.4434770	0.5911545	2.1666748	-0.2124841	0.6276936	2.2177259	-0.2530284
151	2.5000000	0.4808500	1.9116690	-0.0039100	0.4745100	1.9020890	0.1589200	0.4222000	1.8959890	0.4279300	0.5049400	2.0931990	0.3406600	0.4871700	1.9115790	-0.1648800	0.5633200	1.9716790	-0.4193200	0.6007500	2.1423690	-0.2415200	0.5719500	1.3617790	-0.0666500	0.5896000	1.3589390	0.0472000	0.5650700	0.9144890	0.0637100	0.4866600	0.4330190	0.0566200	0.5617400	1.3691490	-0.1752800	0.5352500	0.9327890	-0.2062600	0.4625200	0.4560190	-0.2031700	0.5431100	0.2934390	-0.1556800	0.5335500	0.3013390	-0.2027500	0.4002200	0.4079990	-0.2038600	0.5582900	0.2709890	0.0437700	0.5615900	0.2858790	0.0830900	0.4645200	0.4003790	0.0427100	0.6516904	1.4108833	0.0994429	0.6232952	1.4349271	-0.2271621	0.4297968	1.4666453	0.0186854	0.4182545	1.4762495	-0.1092311	0.5374760	0.9048525	0.1233440	0.5714640	0.9042473	0.0075972	0.4703747	0.4282560	0.0956522	0.5186286	0.4282031	0.0181639	0.5476841	0.3013929	0.0501410	0.5076818	0.3143606	0.1007919	0.4445155	0.4522852	0.0464312	0.5224164	0.9166962	-0.2610393	0.5400220	0.9139580	-0.1258564	0.4394928	0.4384875	-0.2569561	0.4744385	0.4366176	-0.1623482	0.5352785	0.3252521	-0.1753401	0.3926221	0.4503220	-0.2105450	0.5060993	0.3292253	-0.2454019	0.4881742	1.9550169	0.1501690	0.4937698	1.9667481	-0.1660215	0.3909613	1.9662795	-0.0001796	0.6016843	1.1827861	0.1435173	0.5683600	1.0734335	0.1571035	0.4985463	1.1850744	0.1427643	0.6081584	1.1903677	-0.2689888	0.5689792	1.0842801	-0.2911862	0.4900727	1.2031136	-0.2963907	0.5201320	0.7604789	0.1247336	0.5306000	0.6145429	0.1373385	0.4539400	0.6368950	0.1187571	0.5029611	0.7734170	-0.2687118	0.5126418	0.6262685	-0.2835313	0.4326051	0.6501373	-0.2789368	0.5430467	1.3326108	0.0316108	0.5258737	1.3474219	-0.1653915	0.3602133	1.8896549	0.4587072	0.4574194	1.8586390	0.4699439	0.5064233	2.0977636	0.3027706	0.5206092	2.1389009	0.3705909	0.5276916	1.9856132	-0.4621388	0.6015875	1.9401825	-0.4450412	0.5887011	2.1242544	-0.2147332	0.6253505	2.1750166	-0.2546139
152	2.5166667	0.4710300	1.8723890	0.0017300	0.4649900	1.8593690	0.1646100	0.4032500	1.8327590	0.4374900	0.5010600	2.0412190	0.3456600	0.4825900	1.8760890	-0.1555900	0.5569700	1.9314690	-0.4213300	0.5819900	2.0970290	-0.2446500	0.5699800	1.3233390	-0.0661600	0.5870400	1.3184790	0.0484200	0.5686300	0.8705590	0.0664300	0.4906600	0.3904590	0.0589700	0.5630400	1.3312690	-0.1758300	0.5487000	0.9010890	-0.2066700	0.4759200	0.4341090	-0.2084300	0.5397600	0.2439390	-0.1523000	0.5161800	0.2446790	-0.1962200	0.4226100	0.3960790	-0.2244900	0.5668700	0.2352090	0.0504000	0.5666500	0.2477690	0.0891600	0.4622000	0.3606190	0.0467200	0.6480036	1.3721362	0.1000590	0.6219299	1.3980548	-0.2242110	0.4268145	1.4263413	0.0187806	0.4162850	1.4365752	-0.1082165	0.5373351	0.8663168	0.1256198	0.5732400	0.8651039	0.0085946	0.4704004	0.3901548	0.0997000	0.5203719	0.3897526	0.0215164	0.5527932	0.2638608	0.0567181	0.5110198	0.2775686	0.1079245	0.4435974	0.4135000	0.0485576	0.5308560	0.8812648	-0.2637502	0.5475582	0.8777693	-0.1293017	0.4427912	0.4062665	-0.2596454	0.4769266	0.4036371	-0.1652688	0.5316908	0.2830028	-0.1744951	0.3975236	0.4235895	-0.2147947	0.5043153	0.2895471	-0.2449726	0.4785964	1.9130492	0.1525545	0.4886526	1.9283149	-0.1596524	0.3845426	1.9246171	0.0033602	0.6006851	1.1440673	0.1462490	0.5673241	1.0348256	0.1598868	0.4951619	1.1462890	0.1436121	0.6104254	1.1559556	-0.2682427	0.5739136	1.0495575	-0.2916381	0.4930945	1.1658512	-0.2964960	0.5198627	0.7222593	0.1279147	0.5307112	0.5768717	0.1420242	0.4531034	0.5984640	0.1215874	0.5100979	0.7382688	-0.2712704	0.5178988	0.5916401	-0.2856017	0.4389050	0.6170712	-0.2820198	0.5405923	1.2932268	0.0308159	0.5248296	1.3091691	-0.1647785	0.3526901	1.8312606	0.4635114	0.4481128	1.7984850	0.4713184	0.4987145	2.0410953	0.3081717	0.5152274	2.0794603	0.3758354	0.5211559	1.9412525	-0.4618296	0.5950325	1.8955114	-0.4434599	0.5767911	2.0791908	-0.2149747	0.6134821	2.1299744	-0.2528876
153	2.5333333	0.4682400	1.8256190	0.0058800	0.4651800	1.8147590	0.1585500	0.3896100	1.7719690	0.4312900	0.4910400	1.9805390	0.3549100	0.4808700	1.8351690	-0.1527000	0.5510900	1.8828590	-0.4171700	0.5811100	2.0563590	-0.2406900	0.5680900	1.2841990	-0.0627200	0.5855200	1.2796290	0.0495600	0.5718900	0.8361990	0.0576600	0.4981000	0.3705390	0.0627400	0.5652200	1.2931190	-0.1744900	0.5550300	0.8630090	-0.2115600	0.4839600	0.4187890	-0.2120600	0.5461900	0.2117290	-0.1584400	0.5276200	0.2103290	-0.2010500	0.4205100	0.3778290	-0.2256800	0.5817900	0.1935590	0.0553100	0.5730600	0.2035390	0.0901000	0.4626300	0.3352290	0.0499700	0.6445856	1.3329079	0.1035454	0.6204311	1.3607608	-0.2185852	0.4240560	1.3850574	0.0218357	0.4143529	1.3959498	-0.1043504	0.5396394	0.8283335	0.1291259	0.5762235	0.8268929	0.0104478	0.4740752	0.3534618	0.1051295	0.5248365	0.3530978	0.0257992	0.5616894	0.2250283	0.0632244	0.5187730	0.2394484	0.1155132	0.4456043	0.3778640	0.0525987	0.5421103	0.8468722	-0.2661151	0.5584913	0.8419325	-0.1321112	0.4485096	0.3767609	-0.2627037	0.4823242	0.3728987	-0.1683205	0.5321391	0.2412879	-0.1747880	0.4045720	0.4003968	-0.2188729	0.5057546	0.2514066	-0.2460210	0.4711896	1.8708656	0.1555440	0.4845945	1.8895783	-0.1515367	0.3802424	1.8829068	0.0083455	0.6019007	1.1051628	0.1505991	0.5687729	0.9962777	0.1641752	0.4934445	1.1068351	0.1473253	0.6137135	1.1226775	-0.2656378	0.5804661	1.0160248	-0.2908887	0.4965468	1.1286403	-0.2947284	0.5226054	0.6848160	0.1322277	0.5344781	0.5403502	0.1474074	0.4554744	0.5608657	0.1261871	0.5198499	0.7044788	-0.2740203	0.5255787	0.5588683	-0.2882234	0.4476181	0.5860892	-0.2852868	0.5383475	1.2529884	0.0331037	0.5237442	1.2701049	-0.1612063	0.3410672	1.7710949	0.4647083	0.4347107	1.7359285	0.4703388	0.4902500	1.9837359	0.3164736	0.5071456	2.0185864	0.3842126	0.5157931	1.8943980	-0.4576624	0.5897594	1.8491484	-0.4391719	0.5696398	2.0355275	-0.2129509	0.6060977	2.0854194	-0.2497165
154	2.5500000	0.4713300	1.7820490	0.0085000	0.4611600	1.7650990	0.1655200	0.3744600	1.7086690	0.4281900	0.4922400	1.9088990	0.3634300	0.4809500	1.7969390	-0.1592000	0.5600600	1.8256690	-0.4172700	0.5870600	1.9897290	-0.2449200	0.5746800	1.2338790	-0.0623700	0.5884900	1.2294490	0.0522800	0.5688000	0.7839990	0.0632200	0.5009100	0.3272890	0.0627700	0.5673100	1.2416590	-0.1754400	0.5576000	0.8110290	-0.2110000	0.4942500	0.3986190	-0.2020100	0.5323300	0.1645190	-0.1596500	0.5218100	0.1685190	-0.2022200	0.4548200	0.3617990	-0.2004800	0.5875200	0.1521190	0.0626200	0.5715100	0.1559590	0.0930300	0.4582400	0.2819490	0.0563700	0.6497597	1.2821873	0.1035798	0.6260816	1.3133332	-0.2168842	0.4299242	1.3318011	0.0227275	0.4204464	1.3439585	-0.1028996	0.5449918	0.7789471	0.1293524	0.5824461	0.7774786	0.0100548	0.4812038	0.3073742	0.1082918	0.5326234	0.3070058	0.0287595	0.5727502	0.1777265	0.0683624	0.5287807	0.1928644	0.1210587	0.4515168	0.3324742	0.0551562	0.5563240	0.8031314	-0.2697582	0.5762275	0.7972609	-0.1393451	0.4624021	0.3411472	-0.2619998	0.4986864	0.3362560	-0.1706668	0.5370738	0.1912148	-0.1772782	0.4244731	0.3727377	-0.2176998	0.5106988	0.2067422	-0.2457366	0.4703085	1.8181942	0.1566975	0.4863016	1.8403200	-0.1486702	0.3818818	1.8298472	0.0103404	0.6090669	1.0533851	0.1520901	0.5749874	0.9454876	0.1651798	0.4988790	1.0558439	0.1472833	0.6191987	1.0785611	-0.2668717	0.5888052	0.9721814	-0.2922757	0.5041908	1.0807477	-0.2924028	0.5285136	0.6368412	0.1333132	0.5412447	0.4937104	0.1496204	0.4613882	0.5132541	0.1278831	0.5334965	0.6621438	-0.2765274	0.5376109	0.5181744	-0.2898122	0.4623414	0.5477210	-0.2851090	0.5453001	1.2009621	0.0327425	0.5309652	1.2200641	-0.1605610	0.3303605	1.7022089	0.4607066	0.4213213	1.6629967	0.4640449	0.4908392	1.9143021	0.3225443	0.5078796	1.9441176	0.3906942	0.5229572	1.8347767	-0.4596020	0.5950778	1.7890319	-0.4394087	0.5729845	1.9770978	-0.2155634	0.6104008	2.0254608	-0.2503526
155	2.5666667	0.4728500	1.7325990	0.0027300	0.4638400	1.7127790	0.1631900	0.3768900	1.6392590	0.4271500	0.4972200	1.8425690	0.3627700	0.4845800	1.7427490	-0.1579100	0.5565200	1.7624590	-0.4204300	0.5843000	1.9374390	-0.2470300	0.5722600	1.1866990	-0.0656300	0.5831600	1.1817790	0.0506200	0.5688600	0.7335890	0.0609000	0.5074300	0.2819390	0.0691500	0.5694300	1.1935190	-0.1803500	0.5602600	0.7644990	-0.2095400	0.4928900	0.3275990	-0.2106700	0.5559800	0.1135690	-0.1670100	0.5399000	0.1159090	-0.2113200	0.4525900	0.3115590	-0.2051300	0.5905100	0.1135090	0.0603200	0.5803800	0.1243490	0.0977500	0.4544100	0.2316090	0.0644500	0.6469846	1.2352526	0.1002501	0.6240617	1.2665792	-0.2199415	0.4269292	1.2834142	0.0189291	0.4177897	1.2956323	-0.1066806	0.5438407	0.7329471	0.1270950	0.5800643	0.7308495	0.0062281	0.4802937	0.2638056	0.1096316	0.5311037	0.2629448	0.0288780	0.5761976	0.1358773	0.0696440	0.5318549	0.1499783	0.1232866	0.4483499	0.2870928	0.0561964	0.5610403	0.7602508	-0.2758494	0.5829470	0.7539254	-0.1468458	0.4694220	0.3014696	-0.2661237	0.5070552	0.2963655	-0.1762483	0.5427080	0.1423711	-0.1840315	0.4335791	0.3374919	-0.2214054	0.5158396	0.1614009	-0.2512510	0.4662479	1.7693110	0.1547875	0.4828142	1.7944806	-0.1501848	0.3780840	1.7822088	0.0085891	0.6096394	1.0062584	0.1489508	0.5750534	0.8989291	0.1625852	0.4970486	1.0094944	0.1454355	0.6174098	1.0350130	-0.2715614	0.5892770	0.9289423	-0.2971982	0.5031213	1.0346613	-0.2952563	0.5274262	0.5920022	0.1320739	0.5407331	0.4499892	0.1490498	0.4600891	0.4684924	0.1283009	0.5388410	0.6196716	-0.2823902	0.5429598	0.4764658	-0.2956340	0.4684367	0.5068307	-0.2892351	0.5426254	1.1535077	0.0293328	0.5287200	1.1727167	-0.1638310	0.3221822	1.6364767	0.4537963	0.4109328	1.5942247	0.4541268	0.4887529	1.8479705	0.3235599	0.5071024	1.8734446	0.3913582	0.5213130	1.7747842	-0.4631171	0.5918741	1.7286352	-0.4418160	0.5697115	1.9215749	-0.2217398	0.6076906	1.9676303	-0.2546228
156	2.5833333	0.4705600	1.6789490	0.0080000	0.4615900	1.6591890	0.1660600	0.3797700	1.5612490	0.4228800	0.5016000	1.7714790	0.3702100	0.4776700	1.6928690	-0.1585000	0.5592300	1.6954790	-0.4204200	0.5673900	1.8632290	-0.2753400	0.5711800	1.1430890	-0.0655200	0.5858500	1.1375290	0.0532800	0.5747400	0.6823390	0.0606600	0.5114600	0.2404390	0.0667300	0.5714900	1.1494690	-0.1789400	0.5711700	0.7218290	-0.2087800	0.4756000	0.2714990	-0.2046900	0.5834400	0.0849590	-0.1989600	0.5578400	0.0854890	-0.2335500	0.4463300	0.2305690	-0.2140900	0.5961500	0.0674990	0.0567200	0.5827700	0.0797190	0.0948600	0.4542500	0.1803590	0.0707900	0.6466846	1.1925894	0.1007031	0.6226453	1.2232624	-0.2214625	0.4247634	1.2375783	0.0192208	0.4151199	1.2496089	-0.1071792	0.5463233	0.6888647	0.1290460	0.5785468	0.6866429	0.0058892	0.4821652	0.2210902	0.1143956	0.5300837	0.2200746	0.0311112	0.5803743	0.0968721	0.0714921	0.5372154	0.1097914	0.1272755	0.4467011	0.2416289	0.0609581	0.5645795	0.7188488	-0.2778723	0.5889933	0.7122055	-0.1487157	0.4735049	0.2591042	-0.2704356	0.5130055	0.2537871	-0.1808383	0.5545081	0.1028002	-0.1964189	0.4359643	0.2926184	-0.2227976	0.5240247	0.1229558	-0.2621706	0.4635660	1.7231591	0.1579649	0.4798061	1.7497004	-0.1494372	0.3747676	1.7371889	0.0105174	0.6144200	0.9625925	0.1480434	0.5795929	0.8551877	0.1632739	0.4994409	0.9657650	0.1491888	0.6172310	0.9929586	-0.2744416	0.5899475	0.8872144	-0.2997007	0.5012507	0.9913061	-0.2956998	0.5301672	0.5484208	0.1348341	0.5440955	0.4067065	0.1513460	0.4622063	0.4252296	0.1337459	0.5426053	0.5778441	-0.2854974	0.5468059	0.4343594	-0.3003454	0.4715440	0.4648729	-0.2916594	0.5417231	1.1097037	0.0302983	0.5271286	1.1284876	-0.1640574	0.3225810	1.5679435	0.4506663	0.4086657	1.5227347	0.4445533	0.4914501	1.7804202	0.3285045	0.5126271	1.8006409	0.3952107	0.5209029	1.7077870	-0.4676356	0.5897328	1.6604925	-0.4426949	0.5621932	1.8619060	-0.2344464	0.6013708	1.9045339	-0.2643014
157	2.6000000	0.4731900	1.6306890	0.0024400	0.4734200	1.6084890	0.1656100	0.3618800	1.4816390	0.4105900	0.5129000	1.6859290	0.3723300	0.4783300	1.6429690	-0.1646600	0.5519700	1.6160090	-0.4357000	0.5779900	1.7933690	-0.2717300	0.5682400	1.0946590	-0.0664200	0.5796200	1.0883490	0.0515400	0.5767200	0.6318490	0.0607800	0.5138000	0.1768490	0.0599400	0.5667900	1.1021090	-0.1807700	0.5831800	0.6389490	-0.2055500	0.4925700	0.1895290	-0.2224900	0.5825200	0.0462790	-0.1874800	0.5734800	0.0619090	-0.2375800	0.4367200	0.1526290	-0.2198800	0.6062200	0.0471490	0.0553900	0.6059000	0.0564090	0.0982600	0.4426000	0.1316990	0.0689500	0.6442616	1.1461765	0.1003827	0.6206901	1.1734425	-0.2235656	0.4207073	1.1875749	0.0177101	0.4112269	1.1983207	-0.1092805	0.5504912	0.6388112	0.1286450	0.5783681	0.6367117	0.0022836	0.4837923	0.1725864	0.1158019	0.5287164	0.1717423	0.0292603	0.5886304	0.0590796	0.0702191	0.5452503	0.0694050	0.1284624	0.4432182	0.1863092	0.0613929	0.5704344	0.6656239	-0.2777913	0.5919470	0.6596988	-0.1476678	0.4792305	0.2049402	-0.2761402	0.5159758	0.2005201	-0.1855295	0.5671267	0.0626001	-0.2041319	0.4365961	0.2304344	-0.2289047	0.5361929	0.0803179	-0.2699556	0.4650914	1.6708796	0.1596103	0.4787982	1.6981405	-0.1515164	0.3734647	1.6873914	0.0103922	0.6184474	0.9148536	0.1454936	0.5844557	0.8065542	0.1623120	0.5010335	0.9170844	0.1521297	0.6203510	0.9422394	-0.2737775	0.5945254	0.8353430	-0.2994914	0.5029450	0.9395890	-0.2975922	0.5340345	0.4985882	0.1350256	0.5480507	0.3571847	0.1509562	0.4649475	0.3759822	0.1365099	0.5492343	0.5244448	-0.2868950	0.5540071	0.3813672	-0.3030000	0.4774583	0.4102946	-0.2954742	0.5382515	1.0620799	0.0300262	0.5239461	1.0787664	-0.1653969	0.3155273	1.4935897	0.4397822	0.3957195	1.4425979	0.4276090	0.4979119	1.7026926	0.3312734	0.5208756	1.7140874	0.3967685	0.5179591	1.6297692	-0.4735605	0.5821408	1.5803892	-0.4466440	0.5610482	1.7913508	-0.2442215	0.6023555	1.8273969	-0.2716045
158	2.6166667	0.4699900	1.5804590	0.0028000	0.4678400	1.5558390	0.1636300	0.3438800	1.3982390	0.3924800	0.5277300	1.5982590	0.3773900	0.4778100	1.5991390	-0.1584600	0.5538300	1.5412790	-0.4296700	0.6027900	1.7221990	-0.2558500	0.5670800	1.0436390	-0.0644900	0.5734400	1.0410390	0.0525500	0.6047800	0.5940590	0.0506700	0.4725700	0.1145490	0.0652900	0.5684400	1.0542190	-0.1796300	0.5953100	0.6061590	-0.1982100	0.4649400	0.1353190	-0.2213700	0.5788900	0.0445190	-0.1889000	0.5678500	0.0513390	-0.2460700	0.4093100	0.0903890	-0.2210000	0.6202200	0.0456590	0.0457000	0.5971600	0.0513890	0.0934900	0.4215100	0.0873790	0.0645100	0.6434297	1.0977399	0.1027443	0.6199811	1.1216154	-0.2236110	0.4183553	1.1346658	0.0187611	0.4088697	1.1441909	-0.1089771	0.5631396	0.5879886	0.1305978	0.5841005	0.5864706	-0.0003793	0.4783011	0.1252847	0.1178989	0.5179013	0.1246407	0.0263452	0.5920079	0.0297404	0.0662383	0.5479948	0.0366994	0.1288526	0.4282085	0.1291961	0.0626110	0.5793301	0.6111401	-0.2742468	0.5968440	0.6056130	-0.1416654	0.4739652	0.1522485	-0.2781292	0.5066684	0.1480479	-0.1848063	0.5709015	0.0334687	-0.2088048	0.4231220	0.1651031	-0.2304209	0.5387087	0.0469492	-0.2752754	0.4654001	1.6180641	0.1636182	0.4787276	1.6466151	-0.1518657	0.3721901	1.6368226	0.0119385	0.6286115	0.8663689	0.1439503	0.5968144	0.7570755	0.1633206	0.5085893	0.8656322	0.1598306	0.6274560	0.8894743	-0.2703758	0.6027679	0.7818046	-0.2965163	0.5073623	0.8858834	-0.2975665	0.5428359	0.4470915	0.1369301	0.5526423	0.3052117	0.1508495	0.4680120	0.3281329	0.1421386	0.5552812	0.4697639	-0.2845891	0.5563871	0.3269675	-0.3014004	0.4789905	0.3568579	-0.2965463	0.5368219	1.0115929	0.0329535	0.5226171	1.0261786	-0.1638978	0.3056621	1.4171736	0.4236815	0.3791766	1.3600974	0.4040925	0.5101537	1.6177812	0.3381998	0.5326687	1.6168987	0.4018916	0.5220835	1.5495931	-0.4713810	0.5785325	1.4967338	-0.4416979	0.5723939	1.7172885	-0.2422122	0.6170123	1.7454243	-0.2675436
159	2.6333333	0.4709900	1.5312190	0.0011100	0.4618400	1.5144990	0.1625300	0.3622700	1.3252990	0.3814300	0.5518800	1.5053190	0.3751200	0.4857800	1.5407590	-0.1628000	0.5522800	1.4396090	-0.4274400	0.6125100	1.6179390	-0.2719900	0.5600400	0.9995890	-0.0629900	0.5756700	0.9950590	0.0526300	0.6343400	0.5565990	0.0589600	0.4604800	0.0945090	0.0615700	0.5616900	1.0052790	-0.1817100	0.6223100	0.5589590	-0.1915900	0.4477500	0.1150790	-0.2181300	0.5826100	0.0468890	-0.1887800	0.5573500	0.0490390	-0.2457700	0.3851700	0.0678690	-0.2174400	0.6231400	0.0501190	0.0533100	0.5957800	0.0488090	0.1006200	0.3993500	0.0509090	0.0536200	0.6352096	1.0566492	0.1046068	0.6146942	1.0761521	-0.2229083	0.4094363	1.0881374	0.0178751	0.4011353	1.0959975	-0.1100124	0.5829788	0.5475657	0.1318732	0.5991236	0.5467079	-0.0023944	0.4653869	0.0921704	0.1173805	0.5007492	0.0917362	0.0215984	0.5895620	0.0177857	0.0660358	0.5422957	0.0228796	0.1307080	0.4053049	0.0848616	0.0587687	0.5950875	0.5660152	-0.2719410	0.6066575	0.5610111	-0.1372447	0.4605827	0.1170226	-0.2776193	0.4869409	0.1128583	-0.1808354	0.5640022	0.0222025	-0.2107500	0.3994334	0.1178791	-0.2298733	0.5312534	0.0320966	-0.2778680	0.4629406	1.5714488	0.1655065	0.4788005	1.6001938	-0.1537008	0.3695585	1.5927726	0.0110344	0.6347837	0.8296692	0.1425752	0.6091943	0.7187328	0.1639347	0.5131402	0.8216317	0.1652429	0.6340578	0.8478214	-0.2659097	0.6138314	0.7384697	-0.2934280	0.5125318	0.8388888	-0.2983592	0.5550458	0.4057061	0.1378920	0.5553864	0.2640060	0.1495779	0.4708159	0.2932812	0.1455817	0.5646579	0.4252179	-0.2821974	0.5572443	0.2843749	-0.2973854	0.4800911	0.3178538	-0.2981187	0.5286922	0.9683958	0.0347898	0.5163001	0.9802949	-0.1627316	0.3093532	1.3465283	0.4096857	0.3741898	1.2854322	0.3780467	0.5290753	1.5356818	0.3405320	0.5547625	1.5212610	0.4003482	0.5218237	1.4598766	-0.4703360	0.5662170	1.4020695	-0.4349222	0.5838605	1.6341204	-0.2475449	0.6322439	1.6496367	-0.2704792
160	2.6500000	0.4750200	1.4763490	0.0000600	0.4683100	1.4547490	0.1676600	0.3815900	1.2386190	0.3648800	0.5608100	1.4032690	0.3752800	0.4944000	1.4897290	-0.1683000	0.5527600	1.3402390	-0.4153700	0.6373100	1.5583390	-0.2410700	0.5418100	0.9467490	-0.0564400	0.5539000	0.9414890	0.0629800	0.6586900	0.5341090	0.0519200	0.4642300	0.0726090	0.0625500	0.5427100	0.9557090	-0.1813600	0.6512100	0.5301990	-0.1986700	0.4498800	0.0994690	-0.2174100	0.5815100	0.0428090	-0.1866200	0.5616600	0.0442490	-0.2414700	0.3825000	0.0540790	-0.2174800	0.6347800	0.0527990	0.0541000	0.6095500	0.0498190	0.0920800	0.3991900	0.0282890	0.0576900	0.6152404	1.0064442	0.1116922	0.5986178	1.0222761	-0.2176405	0.3882006	1.0332490	0.0213282	0.3815143	1.0396992	-0.1070563	0.6095767	0.5065259	0.1338760	0.6192535	0.5072190	-0.0028628	0.4562611	0.0606213	0.1188290	0.4855595	0.0612229	0.0193846	0.5888847	0.0105384	0.0675027	0.5396681	0.0128244	0.1341873	0.3856127	0.0418767	0.0577573	0.6169504	0.5212954	-0.2681365	0.6230165	0.5162813	-0.1305751	0.4489471	0.0857353	-0.2718365	0.4693519	0.0810523	-0.1710638	0.5553076	0.0127226	-0.2077029	0.3786895	0.0767290	-0.2230994	0.5221456	0.0203363	-0.2756426	0.4557296	1.5158305	0.1697211	0.4784883	1.5439248	-0.1524464	0.3645485	1.5401117	0.0121313	0.6344387	0.7894902	0.1438634	0.6205782	0.6777938	0.1663087	0.5142009	0.7700910	0.1738319	0.6344241	0.8067606	-0.2569860	0.6234971	0.6956010	-0.2871538	0.5125811	0.7855390	-0.2961331	0.5737844	0.3634025	0.1393486	0.5634954	0.2221445	0.1489244	0.4801832	0.2592755	0.1506557	0.5791568	0.3809766	-0.2773606	0.5615266	0.2425660	-0.2897327	0.4852730	0.2817205	-0.2965129	0.5090609	0.9161614	0.0419183	0.4990702	0.9258577	-0.1566891	0.3148739	1.2620896	0.3954678	0.3736596	1.2002602	0.3521440	0.5445163	1.4426723	0.3426016	0.5717143	1.4163267	0.3987829	0.5231899	1.3668867	-0.4547540	0.5559031	1.3061233	-0.4133059	0.5966035	1.5493178	-0.2370662	0.6483418	1.5531284	-0.2560114
161	2.6666667	0.4803000	1.4378290	0.0032100	0.4621000	1.4189090	0.1699200	0.3885000	1.1776190	0.3441400	0.5773500	1.3245190	0.3655700	0.5036300	1.4391090	-0.1684800	0.5572900	1.2590790	-0.3957200	0.6574900	1.4501590	-0.2343800	0.5187800	0.8974890	-0.0594700	0.5255200	0.8908690	0.0618300	0.6661700	0.4999490	0.0461100	0.4547200	0.0605190	0.0603000	0.5241400	0.9089690	-0.1790900	0.6795600	0.5200190	-0.1928900	0.4619500	0.0966490	-0.2169800	0.5821700	0.0432290	-0.1899000	0.5657700	0.0422890	-0.2439200	0.4016000	0.0574990	-0.2180300	0.6358200	0.0516590	0.0514800	0.6072600	0.0462890	0.0904300	0.3966400	0.0211190	0.0587500	0.5899507	0.9575020	0.1103199	0.5792716	0.9728453	-0.2219955	0.3621889	0.9838373	0.0145548	0.3579861	0.9900906	-0.1149073	0.6365990	0.4766127	0.1260864	0.6413613	0.4781801	-0.0113497	0.4474914	0.0434093	0.1127835	0.4713333	0.0445297	0.0111251	0.5858524	0.0125591	0.0628936	0.5349002	0.0130891	0.1303601	0.3681813	0.0161780	0.0503585	0.6480583	0.4916897	-0.2717080	0.6480477	0.4867565	-0.1324970	0.4476577	0.0725168	-0.2724969	0.4618884	0.0670777	-0.1686263	0.5515959	0.0140347	-0.2109565	0.3706638	0.0577464	-0.2228688	0.5193687	0.0211615	-0.2790369	0.4481244	1.4647834	0.1667636	0.4813164	1.4922610	-0.1588473	0.3612021	1.4925697	0.0050329	0.6271729	0.7566453	0.1349031	0.6275917	0.6457615	0.1582222	0.5112867	0.7245656	0.1714598	0.6324813	0.7769423	-0.2556793	0.6355862	0.6654134	-0.2882183	0.5140174	0.7400336	-0.3026153	0.5929571	0.3335510	0.1316301	0.5711372	0.1940865	0.1398138	0.4908116	0.2382909	0.1467328	0.6035182	0.3520914	-0.2797822	0.5754936	0.2162703	-0.2890509	0.5013466	0.2629133	-0.3016987	0.4838093	0.8669746	0.0395309	0.4774310	0.8764275	-0.1608801	0.3242529	1.1923004	0.3753320	0.3749914	1.1311473	0.3212723	0.5619230	1.3621996	0.3346174	0.5903759	1.3255658	0.3868217	0.5301183	1.2811256	-0.4427378	0.5473644	1.2182732	-0.3944562	0.6144001	1.4633101	-0.2308930	0.6681340	1.4542117	-0.2461644
162	2.6833333	0.4877200	1.3754990	0.0061200	0.4759000	1.3627990	0.1763500	0.3988800	1.1064790	0.3219700	0.5741400	1.2498490	0.3668300	0.5187200	1.3910590	-0.1629500	0.5625100	1.1727090	-0.3737700	0.6741400	1.3702990	-0.2274900	0.5041500	0.8604190	-0.0578800	0.5056800	0.8572390	0.0644800	0.6759600	0.4882990	0.0299000	0.4521600	0.0538390	0.0567600	0.5133600	0.8691790	-0.1792900	0.7014000	0.5012490	-0.1927500	0.4719800	0.0976090	-0.2106600	0.5862300	0.0429190	-0.1903200	0.5663900	0.0418790	-0.2389000	0.4112800	0.0604590	-0.2123300	0.6348000	0.0500090	0.0509000	0.6061800	0.0468590	0.0882300	0.3926700	0.0134190	0.0543000	0.5731135	0.9192510	0.1140877	0.5681684	0.9350201	-0.2210601	0.3452503	0.9474279	0.0120152	0.3434417	0.9536525	-0.1185577	0.6697119	0.4637400	0.1185818	0.6703947	0.4661908	-0.0176481	0.4494113	0.0432744	0.1085146	0.4682788	0.0449154	0.0062639	0.5910511	0.0268148	0.0610523	0.5392530	0.0254700	0.1279025	0.3628027	0.0100000	0.0459232	0.6866189	0.4806389	-0.2690962	0.6830733	0.4754690	-0.1299202	0.4584761	0.0779742	-0.2650481	0.4690872	0.0718451	-0.1596320	0.5592938	0.0282543	-0.2075080	0.3777432	0.0599576	-0.2137955	0.5269534	0.0352926	-0.2747824	0.4547104	1.4213792	0.1692334	0.4973907	1.4503620	-0.1584000	0.3732629	1.4546368	0.0044816	0.6240912	0.7376138	0.1277992	0.6393668	0.6288265	0.1508964	0.5159885	0.6930861	0.1705588	0.6357676	0.7616353	-0.2495075	0.6533910	0.6514160	-0.2835388	0.5219443	0.7097755	-0.3027430	0.6196321	0.3211747	0.1244916	0.5871628	0.1839171	0.1315202	0.5102896	0.2341348	0.1431569	0.6362035	0.3421463	-0.2760390	0.5988780	0.2091418	-0.2824171	0.5272008	0.2625562	-0.2989388	0.4670750	0.8301862	0.0413807	0.4641308	0.8399545	-0.1607115	0.3376189	1.1284902	0.3571535	0.3855139	1.0712319	0.2940391	0.5782820	1.2941371	0.3340583	0.6055398	1.2489577	0.3825120	0.5441405	1.2062681	-0.4226208	0.5483900	1.1444081	-0.3666180	0.6377375	1.3891491	-0.2182300	0.6926029	1.3681704	-0.2297374
163	2.7000000	0.4979900	1.3234790	0.0043600	0.5047100	1.3093390	0.1780700	0.4116800	1.0475990	0.2958900	0.6203300	1.1769190	0.3400400	0.5107600	1.3518590	-0.1648700	0.5470100	1.1058790	-0.3468400	0.6954700	1.2848290	-0.2076600	0.4868800	0.8258390	-0.0537000	0.4910000	0.8192190	0.0701500	0.6851600	0.4818490	0.0214700	0.4586000	0.0614990	0.0562300	0.4887700	0.8346090	-0.1769000	0.7176400	0.5035390	-0.1942400	0.4765600	0.1078890	-0.2106500	0.5821100	0.0413190	-0.1892300	0.5660200	0.0438990	-0.2399400	0.4074100	0.0695790	-0.2165600	0.6349700	0.0541190	0.0573500	0.6052900	0.0472790	0.0906300	0.3974300	0.0234690	0.0561500	0.5567674	0.8827589	0.1193238	0.5505394	0.8999229	-0.2189113	0.3272436	0.9135508	0.0153823	0.3249892	0.9200809	-0.1164399	0.6978782	0.4585283	0.1128608	0.6945037	0.4614704	-0.0211080	0.4532526	0.0509376	0.1066903	0.4673519	0.0527951	0.0043757	0.5947870	0.0422813	0.0619513	0.5430459	0.0401577	0.1279719	0.3614875	0.0152336	0.0447919	0.7163143	0.4814184	-0.2656602	0.7122035	0.4746675	-0.1267997	0.4648509	0.0909235	-0.2606346	0.4744870	0.0831599	-0.1537859	0.5622653	0.0430509	-0.2054400	0.3828767	0.0720359	-0.2072508	0.5292308	0.0510248	-0.2727205	0.4702666	1.3771352	0.1729249	0.5077475	1.4090435	-0.1558486	0.3888672	1.4169472	0.0096501	0.6169081	0.7228580	0.1228178	0.6467468	0.6175364	0.1453068	0.5192716	0.6660423	0.1716593	0.6299410	0.7516529	-0.2414231	0.6617377	0.6455660	-0.2773154	0.5219661	0.6868202	-0.3002577	0.6429868	0.3170369	0.1192355	0.6015039	0.1824688	0.1251799	0.5289994	0.2374573	0.1415438	0.6610004	0.3437321	-0.2733929	0.6155427	0.2125731	-0.2787273	0.5462038	0.2718521	-0.2972295	0.4499874	0.7956810	0.0466191	0.4462318	0.8063874	-0.1572832	0.3578954	1.0682593	0.3416710	0.3989245	1.0166799	0.2701212	0.6056786	1.2271786	0.3233801	0.6310111	1.1737202	0.3651362	0.5437401	1.1375489	-0.3992195	0.5367697	1.0783861	-0.3356105	0.6560494	1.3165770	-0.1999712	0.7101235	1.2833936	-0.2107015
164	2.7166667	0.4987500	1.2938290	0.0057800	0.5152700	1.2676590	0.1789900	0.4153500	1.0062290	0.2693000	0.6352800	1.1124490	0.3177800	0.5176100	1.3138490	-0.1629600	0.5790400	1.0451290	-0.3211700	0.7227400	1.2258490	-0.1896300	0.4508900	0.8047890	-0.0614800	0.4524800	0.7952490	0.0620700	0.6884700	0.4840390	0.0184600	0.4532200	0.0616890	0.0519800	0.4565000	0.8139690	-0.1862500	0.7179800	0.5035390	-0.1953300	0.4715700	0.1040890	-0.2134900	0.5937200	0.0439890	-0.1914400	0.5741600	0.0433290	-0.2396100	0.4118600	0.0689390	-0.2127600	0.6319500	0.0483690	0.0565700	0.6024400	0.0450990	0.0927200	0.3975100	0.0256090	0.0532700	0.5217718	0.8583476	0.1125228	0.5150581	0.8777824	-0.2274272	0.2922839	0.8936334	0.0072175	0.2898779	0.9007592	-0.1253764	0.7020553	0.4693699	0.0998352	0.6970848	0.4719516	-0.0323235	0.4463887	0.0657215	0.0981471	0.4580437	0.0673042	-0.0042143	0.5885210	0.0572043	0.0559616	0.5367697	0.0553717	0.1212114	0.3517533	0.0294931	0.0359818	0.7229079	0.4953080	-0.2683619	0.7182574	0.4883983	-0.1306983	0.4609714	0.1074477	-0.2629638	0.4698112	0.0995851	-0.1554376	0.5596904	0.0599728	-0.2086992	0.3770884	0.0874262	-0.2086802	0.5253339	0.0678797	-0.2766928	0.4762410	1.3405283	0.1679393	0.5082216	1.3752119	-0.1612732	0.3957608	1.3886732	0.0064639	0.5884581	0.7230095	0.1086297	0.6314446	0.6217332	0.1312197	0.4997581	0.6541969	0.1618558	0.6025940	0.7537640	-0.2435761	0.6479987	0.6520064	-0.2795542	0.5022673	0.6768147	-0.3069449	0.6459774	0.3276622	0.1078296	0.5994139	0.1942199	0.1138589	0.5298381	0.2507456	0.1323577	0.6666186	0.3565686	-0.2768866	0.6172139	0.2255216	-0.2813702	0.5487219	0.2875089	-0.3014420	0.4138430	0.7750237	0.0392447	0.4097439	0.7871034	-0.1656438	0.3645758	1.0226406	0.3161958	0.3985395	0.9778738	0.2380187	0.6223623	1.1681211	0.3014759	0.6431065	1.1081950	0.3372857	0.5527593	1.0845878	-0.3814919	0.5362161	1.0279380	-0.3094781	0.6724319	1.2603913	-0.1822320	0.7265819	1.2171031	-0.1912915
165	2.7333333	0.5157700	1.2497590	0.0112900	0.5167600	1.2431390	0.1787600	0.4380800	0.9638190	0.2617000	0.6735300	1.0692490	0.3015000	0.5338600	1.2605490	-0.1590000	0.6067000	1.0024390	-0.2999600	0.7570500	1.1669590	-0.1663800	0.4214300	0.7803490	-0.0556300	0.4254600	0.7750690	0.0646700	0.6852300	0.4861590	0.0198200	0.4475500	0.0518890	0.0478200	0.4268600	0.7900490	-0.1738200	0.7143000	0.5065790	-0.1915000	0.4821500	0.1052290	-0.2087000	0.6056000	0.0480090	-0.1928600	0.5882600	0.0469890	-0.2362700	0.4194500	0.0680190	-0.2110800	0.6355500	0.0495390	0.0543000	0.6017700	0.0442690	0.0890700	0.3933500	0.0214690	0.0504300	0.4923719	0.8305098	0.1183657	0.4857438	0.8527648	-0.2210146	0.2649305	0.8706032	0.0125922	0.2625331	0.8785085	-0.1198564	0.7033904	0.4754100	0.1017709	0.6973819	0.4783870	-0.0294414	0.4456041	0.0696829	0.0992544	0.4558489	0.0715815	-0.0035185	0.5902553	0.0616232	0.0571272	0.5385300	0.0586236	0.1228640	0.3481939	0.0325403	0.0366203	0.7264643	0.5062326	-0.2594958	0.7229868	0.4979071	-0.1233956	0.4670989	0.1143416	-0.2566803	0.4769702	0.1058106	-0.1492357	0.5710698	0.0681106	-0.2033843	0.3822277	0.0911796	-0.2015642	0.5342679	0.0748284	-0.2721276	0.4921243	1.3002287	0.1740144	0.5212607	1.3355946	-0.1545213	0.4156034	1.3566987	0.0141449	0.5638759	0.7165422	0.1099577	0.6173861	0.6198829	0.1325269	0.4830990	0.6382530	0.1657921	0.5778064	0.7514843	-0.2335554	0.6344230	0.6549543	-0.2697000	0.4848758	0.6649950	-0.2997273	0.6484887	0.3323978	0.1098081	0.6001198	0.1983925	0.1148356	0.5317718	0.2553395	0.1346814	0.6725569	0.3657419	-0.2697899	0.6234437	0.2337427	-0.2748741	0.5545198	0.2961283	-0.2948667	0.3844162	0.7507220	0.0447303	0.3803128	0.7644989	-0.1597385	0.3908825	0.9755131	0.3108223	0.4162313	0.9373338	0.2279889	0.6549679	1.1164934	0.2878258	0.6739781	1.0524308	0.3186736	0.5825843	1.0318939	-0.3538778	0.5591596	0.9774570	-0.2747325	0.7064246	1.2058794	-0.1522734	0.7609153	1.1556811	-0.1592553
166	2.7500000	0.5332900	1.2068290	0.0161300	0.5223300	1.1981490	0.1837500	0.4830400	0.9140090	0.2699600	0.6878300	1.0281790	0.2887200	0.5542300	1.2119890	-0.1636200	0.6227500	0.9453690	-0.2779800	0.7749500	1.1123890	-0.1651600	0.3833700	0.7612790	-0.0594600	0.3908900	0.7555590	0.0621900	0.6682900	0.4841990	0.0225400	0.4541100	0.0617790	0.0491400	0.3836600	0.7661390	-0.1741600	0.7114200	0.5027190	-0.1975400	0.4856300	0.0982290	-0.2110600	0.6193800	0.0484490	-0.1958700	0.5940500	0.0471990	-0.2373900	0.4234800	0.0625690	-0.2130600	0.6353300	0.0515090	0.0541400	0.6061200	0.0483290	0.0910000	0.3971800	0.0226990	0.0474200	0.4544214	0.8079024	0.1148356	0.4491085	0.8317440	-0.2234214	0.2306603	0.8544514	0.0088357	0.2287415	0.8627321	-0.1232814	0.6901529	0.4850949	0.0992577	0.6846251	0.4884014	-0.0312024	0.4423530	0.0736679	0.0945901	0.4528219	0.0760700	-0.0083530	0.5891472	0.0651985	0.0536374	0.5372063	0.0614653	0.1193769	0.3446636	0.0352079	0.0307031	0.7169094	0.5165462	-0.2595217	0.7150059	0.5074565	-0.1247630	0.4681852	0.1172779	-0.2578720	0.4792613	0.1088608	-0.1506194	0.5789346	0.0715269	-0.2043186	0.3822535	0.0914631	-0.2023565	0.5395712	0.0765893	-0.2739557	0.5074072	1.2588979	0.1738348	0.5366624	1.2933893	-0.1551546	0.4371678	1.3245832	0.0147831	0.5280769	0.7151227	0.1044695	0.5905424	0.6225703	0.1279317	0.4541943	0.6277596	0.1614234	0.5435693	0.7517019	-0.2336753	0.6098919	0.6590687	-0.2695751	0.4571172	0.6560583	-0.3020266	0.6394504	0.3405960	0.1074370	0.5930349	0.2057624	0.1116146	0.5250163	0.2606781	0.1315129	0.6677115	0.3737289	-0.2709519	0.6216218	0.2404808	-0.2763457	0.5512141	0.3014710	-0.2959546	0.3458138	0.7326115	0.0401620	0.3424861	0.7472987	-0.1635790	0.4240147	0.9265416	0.3069490	0.4427652	0.8949391	0.2205333	0.6805884	1.0754906	0.2689556	0.7037550	1.0101851	0.2969192	0.6065796	0.9792378	-0.3352506	0.5798932	0.9282292	-0.2508905	0.7336797	1.1541017	-0.1393844	0.7884775	1.1003595	-0.1443968
167	2.7666667	0.5504200	1.1636690	0.0155600	0.5390700	1.1550590	0.1868200	0.4844200	0.8700390	0.2582200	0.7029600	0.9957090	0.2695000	0.5603700	1.1731890	-0.1625500	0.6487500	0.9039590	-0.2676600	0.8049700	1.0758090	-0.1397100	0.3663200	0.7393390	-0.0602200	0.3755600	0.7360290	0.0613900	0.6589300	0.4873090	0.0289000	0.4488800	0.0656790	0.0515100	0.3635000	0.7436990	-0.1788000	0.6854200	0.4918890	-0.1980700	0.4839800	0.0879690	-0.2114500	0.6279500	0.0460090	-0.1994200	0.6021700	0.0447790	-0.2430700	0.4150500	0.0393090	-0.2138200	0.6275000	0.0519390	0.0531300	0.5980100	0.0498490	0.0909100	0.3969500	0.0284990	0.0455900	0.4382437	0.7838042	0.1136118	0.4322530	0.8085853	-0.2235807	0.2175011	0.8338692	0.0080576	0.2153102	0.8423253	-0.1237883	0.6887743	0.4883252	0.1021358	0.6836338	0.4911203	-0.0268740	0.4485377	0.0744219	0.0952011	0.4590929	0.0766787	-0.0069559	0.5955064	0.0645277	0.0542762	0.5437348	0.0599792	0.1197964	0.3510982	0.0359057	0.0317204	0.7098720	0.5123845	-0.2590964	0.7097536	0.5025627	-0.1262446	0.4770086	0.1065400	-0.2597725	0.4895695	0.0979032	-0.1535651	0.5971922	0.0650251	-0.2070071	0.3902531	0.0761040	-0.2038770	0.5549273	0.0678295	-0.2769534	0.5380137	1.2162098	0.1773519	0.5653269	1.2517112	-0.1535034	0.4723389	1.2904250	0.0187596	0.5115272	0.7070958	0.1033571	0.5799757	0.6188888	0.1280392	0.4435638	0.6141002	0.1605598	0.5248944	0.7398753	-0.2339532	0.5957093	0.6503418	-0.2691765	0.4430770	0.6408706	-0.3008269	0.6410092	0.3435537	0.1100387	0.5958574	0.2085758	0.1132191	0.5287036	0.2620778	0.1332032	0.6662307	0.3683514	-0.2717288	0.6248714	0.2340609	-0.2780848	0.5530585	0.2929332	-0.2965501	0.3289408	0.7112560	0.0390514	0.3251615	0.7264687	-0.1640300	0.4542248	0.8771986	0.3028201	0.4683278	0.8509519	0.2131149	0.7052297	1.0391458	0.2503361	0.7341068	0.9723926	0.2769134	0.6456856	0.9282143	-0.3184117	0.6149086	0.8805610	-0.2297638	0.7706447	1.1077781	-0.1217516	0.8271795	1.0533310	-0.1234169
168	2.7833333	0.5651500	1.1260490	0.0096200	0.5660200	1.1173890	0.1861800	0.5125600	0.8280490	0.2558000	0.7240200	0.9682890	0.2537700	0.5767500	1.1347090	-0.1623700	0.6675000	0.8683090	-0.2557500	0.8102900	1.0392390	-0.1340000	0.3365600	0.7136290	-0.0565900	0.3485700	0.7063890	0.0615000	0.6439300	0.4963890	0.0277000	0.4484700	0.0711690	0.0517500	0.3323000	0.7188190	-0.1725600	0.6703000	0.4863890	-0.1985500	0.4793400	0.0821990	-0.2114400	0.6252000	0.0466590	-0.2024500	0.5950500	0.0421090	-0.2431800	0.4033100	0.0254390	-0.2129600	0.6300000	0.0540590	0.0559300	0.6016300	0.0486990	0.0928800	0.3966900	0.0319490	0.0406900	0.4110785	0.7550033	0.1159683	0.4029037	0.7809296	-0.2187405	0.1934916	0.8120389	0.0133019	0.1903936	0.8207896	-0.1176067	0.6727593	0.4907206	0.1077943	0.6687506	0.4932971	-0.0209041	0.4432456	0.0727414	0.0976178	0.4546229	0.0753437	-0.0041699	0.5913500	0.0623214	0.0592663	0.5391692	0.0568734	0.1243482	0.3465726	0.0337848	0.0329519	0.6875777	0.5061917	-0.2573303	0.6909656	0.4950601	-0.1247733	0.4667939	0.0944025	-0.2592238	0.4820498	0.0851063	-0.1532737	0.5954425	0.0584415	-0.2075120	0.3797634	0.0589850	-0.2019326	0.5496009	0.0582474	-0.2779761	0.5620706	1.1683596	0.1811780	0.5843949	1.2044056	-0.1491523	0.5001832	1.2509850	0.0253358	0.4814322	0.6963481	0.1075919	0.5553745	0.6132182	0.1326952	0.4190544	0.5977604	0.1639694	0.4920047	0.7260250	-0.2312473	0.5665635	0.6396556	-0.2667241	0.4135899	0.6232898	-0.2970362	0.6287590	0.3452441	0.1148086	0.5859741	0.2100118	0.1172350	0.5193002	0.2612142	0.1369353	0.6480764	0.3610497	-0.2709815	0.6101708	0.2259683	-0.2784007	0.5370261	0.2828972	-0.2948269	0.2994275	0.6865810	0.0420487	0.2943377	0.7024477	-0.1594813	0.4788390	0.8289237	0.3010879	0.4882041	0.8079798	0.2107609	0.7157170	1.0079648	0.2359152	0.7521441	0.9433230	0.2601432	0.6653667	0.8779062	-0.3042376	0.6347860	0.8333391	-0.2148242	0.7841664	1.0667570	-0.1109616	0.8434532	1.0149570	-0.1121457
169	2.8000000	0.5665400	1.0972790	0.0090900	0.5310700	1.0862290	0.1724700	0.5252300	0.7953490	0.2567400	0.7370900	0.9346490	0.2464300	0.5996300	1.1091490	-0.1560400	0.6854000	0.8375190	-0.2437300	0.8337000	1.0188290	-0.1195000	0.3154800	0.6914490	-0.0592700	0.3201900	0.6838690	0.0612200	0.6399100	0.5032690	0.0313000	0.4385600	0.0620890	0.0459500	0.3213300	0.6971290	-0.1695000	0.6653800	0.4835390	-0.1976700	0.4706300	0.0766290	-0.2118500	0.6167800	0.0438590	-0.2038700	0.5888200	0.0418890	-0.2449000	0.3981200	0.0249690	-0.2135500	0.6305900	0.0557790	0.0570200	0.5977700	0.0481790	0.0934900	0.3927000	0.0247490	0.0404400	0.3886994	0.7318089	0.1126014	0.3853931	0.7560635	-0.2189576	0.1764227	0.7925964	0.0081553	0.1751899	0.8006391	-0.1215561	0.6614674	0.4962894	0.1092934	0.6599106	0.4976490	-0.0199432	0.4419061	0.0730653	0.0953418	0.4550542	0.0754045	-0.0064965	0.5930615	0.0633621	0.0585352	0.5393748	0.0562311	0.1235001	0.3462820	0.0320404	0.0292891	0.6751854	0.4994854	-0.2599218	0.6798573	0.4873895	-0.1283518	0.4596177	0.0869896	-0.2639357	0.4756758	0.0769744	-0.1589158	0.5922708	0.0533856	-0.2141409	0.3727972	0.0490877	-0.2062573	0.5449760	0.0517898	-0.2844852	0.5748127	1.1299618	0.1789084	0.6066086	1.1644642	-0.1498125	0.5230652	1.2179835	0.0222692	0.4573863	0.6893982	0.1066659	0.5359785	0.6113238	0.1327593	0.3994021	0.5860243	0.1618165	0.4701327	0.7123480	-0.2345083	0.5483577	0.6288048	-0.2694381	0.3964406	0.6069457	-0.2984573	0.6211388	0.3498112	0.1156313	0.5807736	0.2140457	0.1175077	0.5135873	0.2630852	0.1360381	0.6375920	0.3542519	-0.2742990	0.6005470	0.2193061	-0.2826950	0.5281916	0.2757570	-0.2978509	0.2766207	0.6659067	0.0379153	0.2744882	0.6807174	-0.1616853	0.4975143	0.7898126	0.2974160	0.5047000	0.7713250	0.2056783	0.7248857	0.9803021	0.2222946	0.7684277	0.9182588	0.2480435	0.6908166	0.8398072	-0.2940192	0.6595749	0.7975310	-0.2054333	0.8020682	1.0377645	-0.1027722	0.8638236	0.9903967	-0.1033854
170	2.8166667	0.5713800	1.0757390	0.0082200	0.5732200	1.0657690	0.1839900	0.5638400	0.7649190	0.2758000	0.7462700	0.9203790	0.2323600	0.5938500	1.0859590	-0.1599000	0.7095500	0.8091490	-0.2260900	0.8452100	0.9907190	-0.1077700	0.3125800	0.6815090	-0.0578600	0.3138400	0.6750890	0.0620100	0.6264000	0.5080890	0.0321300	0.4343200	0.0643690	0.0487300	0.3143700	0.6865090	-0.1687900	0.6587500	0.4893090	-0.1911500	0.4646600	0.0727990	-0.2160000	0.6173800	0.0440490	-0.2030800	0.5836100	0.0424590	-0.2441600	0.3935900	0.0238090	-0.2114700	0.6254000	0.0575890	0.0531400	0.5975600	0.0489790	0.0942600	0.3873900	0.0290090	0.0451700	0.3870306	0.7198887	0.1133813	0.3843696	0.7439479	-0.2162212	0.1790113	0.7862347	0.0092244	0.1780243	0.7941616	-0.1196970	0.6594408	0.5036107	0.1114394	0.6591188	0.5043601	-0.0178061	0.4434200	0.0784190	0.0961440	0.4573939	0.0805345	-0.0056029	0.5969729	0.0679577	0.0599613	0.5422425	0.0601967	0.1249050	0.3479076	0.0374647	0.0300336	0.6725480	0.5028255	-0.2595355	0.6781631	0.4899683	-0.1286454	0.4592764	0.0892337	-0.2644553	0.4760265	0.0783941	-0.1600518	0.5946959	0.0565740	-0.2159978	0.3727489	0.0499258	-0.2063660	0.5466080	0.0546927	-0.2860670	0.6046590	1.1043637	0.1810829	0.6342535	1.1399767	-0.1473748	0.5562195	1.1978570	0.0255411	0.4517142	0.6877663	0.1086777	0.5315864	0.6132348	0.1348105	0.3961766	0.5829148	0.1627207	0.4642771	0.7092305	-0.2342807	0.5437505	0.6283356	-0.2689877	0.3934436	0.6026785	-0.2964139	0.6205028	0.3569438	0.1172231	0.5808705	0.2208812	0.1188136	0.5136843	0.2691404	0.1372658	0.6356762	0.3574397	-0.2745013	0.5987873	0.2221148	-0.2835947	0.5272340	0.2788732	-0.2973085	0.2731194	0.6571731	0.0385860	0.2713761	0.6718536	-0.1598187	0.5309878	0.7630209	0.3020720	0.5354125	0.7456772	0.2106793	0.7396253	0.9680228	0.2121769	0.7923096	0.9101410	0.2390170	0.7161184	0.8124665	-0.2818938	0.6859441	0.7738326	-0.1932397	0.8196455	1.0192808	-0.0936098	0.8845071	0.9763767	-0.0953948
171	2.8333333	0.5773100	1.0526190	0.0152000	0.5816500	1.0357890	0.1840800	0.5844000	0.7498790	0.2700200	0.7544700	0.9013990	0.2284100	0.5948100	1.0627890	-0.1566800	0.7281100	0.7821190	-0.2225500	0.8493600	0.9718690	-0.1016600	0.2953600	0.6760590	-0.0521400	0.2980700	0.6684490	0.0686800	0.6136800	0.5093490	0.0488600	0.4346100	0.0661690	0.0494200	0.2964800	0.6798490	-0.1666500	0.6527900	0.4951390	-0.1918900	0.4548700	0.0709090	-0.2124500	0.6205100	0.0450990	-0.2016200	0.5894800	0.0434990	-0.2416300	0.3931500	0.0217190	-0.2104200	0.6267600	0.0580190	0.0544400	0.5979100	0.0498990	0.0933100	0.3730300	0.0243090	0.0441000	0.3710970	0.7120297	0.1188580	0.3689737	0.7363511	-0.2092383	0.1668831	0.7838558	0.0154885	0.1661399	0.7918032	-0.1128189	0.6421143	0.5079544	0.1197685	0.6429699	0.5092002	-0.0101424	0.4323482	0.0783869	0.1003752	0.4473516	0.0811260	-0.0017531	0.5896662	0.0678245	0.0639006	0.5341301	0.0583863	0.1292803	0.3366340	0.0370956	0.0333062	0.6574130	0.5072341	-0.2559318	0.6644165	0.4941569	-0.1250726	0.4468275	0.0907386	-0.2601790	0.4647456	0.0799542	-0.1560141	0.5860143	0.0580532	-0.2122601	0.3602642	0.0507971	-0.2019918	0.5367298	0.0559026	-0.2826507	0.6160801	1.0824484	0.1846701	0.6413716	1.1171015	-0.1431458	0.5695680	1.1797617	0.0307883	0.4326912	0.6876382	0.1169670	0.5131359	0.6146498	0.1431602	0.3779460	0.5809159	0.1688749	0.4451039	0.7101415	-0.2303892	0.5261128	0.6306178	-0.2651925	0.3762455	0.6011348	-0.2909682	0.6053302	0.3603118	0.1245546	0.5676737	0.2233059	0.1254045	0.4994985	0.2702362	0.1429991	0.6213509	0.3610557	-0.2709296	0.5848862	0.2252067	-0.2802604	0.5135546	0.2814511	-0.2928246	0.2552980	0.6528611	0.0436677	0.2538894	0.6676811	-0.1538313	0.5487268	0.7414893	0.3072489	0.5506012	0.7258058	0.2165600	0.7424247	0.9554312	0.2073395	0.8013794	0.9017225	0.2349445	0.7249837	0.7904904	-0.2705817	0.6962594	0.7548952	-0.1816617	0.8203361	1.0043444	-0.0847805	0.8885032	0.9656046	-0.0872165
172	2.8500000	0.5694500	1.0234290	0.0067300	0.5507800	1.0164090	0.1652200	0.5944900	0.7342890	0.2787500	0.7696100	0.8890490	0.2202700	0.5974100	1.0308290	-0.1550000	0.7380600	0.7574390	-0.2198600	0.8467900	0.9501690	-0.0978000	0.2744300	0.6678190	-0.0517600	0.2813900	0.6636390	0.0657200	0.6078500	0.5142790	0.0557800	0.4439500	0.0731790	0.0532800	0.2843100	0.6730890	-0.1699600	0.6468200	0.4994490	-0.1902100	0.4514400	0.0779890	-0.2087300	0.6192600	0.0496390	-0.2049200	0.5856900	0.0439790	-0.2429900	0.3877400	0.0217990	-0.2088900	0.6182800	0.0547390	0.0592100	0.5906100	0.0462490	0.0973000	0.3851700	0.0313490	0.0470000	0.3491320	0.7031291	0.1188444	0.3508063	0.7257205	-0.2074227	0.1496887	0.7776640	0.0142848	0.1504570	0.7849101	-0.1133236	0.6240755	0.5126163	0.1264128	0.6267609	0.5138761	-0.0044073	0.4245781	0.0782625	0.1017932	0.4410075	0.0814781	-0.0007045	0.5815557	0.0651975	0.0654928	0.5262811	0.0554334	0.1311817	0.3312897	0.0376858	0.0334683	0.6421712	0.5083416	-0.2560440	0.6499475	0.4951122	-0.1252553	0.4361944	0.0887906	-0.2602264	0.4547885	0.0779733	-0.1563842	0.5785873	0.0565160	-0.2128621	0.3496854	0.0481154	-0.2016562	0.5281840	0.0540607	-0.2834064	0.6133044	1.0607896	0.1793516	0.6422423	1.0915884	-0.1449984	0.5723838	1.1594724	0.0261572	0.4094570	0.6871793	0.1211409	0.4916845	0.6161386	0.1484279	0.3561910	0.5774429	0.1711028	0.4239685	0.7073383	-0.2312018	0.5072755	0.6293349	-0.2656814	0.3580207	0.5959593	-0.2902686	0.5904948	0.3639997	0.1301393	0.5558260	0.2262207	0.1300829	0.4868333	0.2713669	0.1464519	0.6077101	0.3615327	-0.2710174	0.5723796	0.2251448	-0.2806796	0.5010240	0.2805595	-0.2923545	0.2330587	0.6459436	0.0432024	0.2339712	0.6596856	-0.1532006	0.5616256	0.7226648	0.3102659	0.5612731	0.7060821	0.2200764	0.7441265	0.9403694	0.1982013	0.8080878	0.8897413	0.2284123	0.7288528	0.7655253	-0.2667693	0.7007416	0.7320804	-0.1775146	0.8156888	0.9854365	-0.0815684	0.8864284	0.9502484	-0.0845909
173	2.8666667	0.5711900	1.0082690	0.0151200	0.5472100	0.9932290	0.1699500	0.6173000	0.7201990	0.2810800	0.7693100	0.8808290	0.2180600	0.6079900	1.0180790	-0.1508700	0.7481600	0.7438090	-0.2108600	0.8470800	0.9437990	-0.0863500	0.2689000	0.6658190	-0.0561100	0.2673500	0.6622190	0.0609300	0.6078200	0.5196990	0.0565900	0.4404900	0.0736090	0.0545200	0.2748700	0.6685390	-0.1738500	0.6318100	0.5047590	-0.1877600	0.4488800	0.0805390	-0.2119300	0.6213500	0.0520890	-0.2033100	0.5877400	0.0468490	-0.2415400	0.3925100	0.0255390	-0.2119700	0.6193400	0.0550090	0.0623600	0.5903300	0.0474590	0.0997800	0.3766300	0.0308590	0.0439200	0.3413541	0.6996734	0.1149124	0.3486187	0.7214071	-0.2100049	0.1471518	0.7773547	0.0079804	0.1501846	0.7841874	-0.1190807	0.6207075	0.5187862	0.1282436	0.6260467	0.5198883	-0.0033058	0.4262983	0.0820882	0.0999950	0.4446238	0.0855427	-0.0027867	0.5843286	0.0664230	0.0646816	0.5285459	0.0569738	0.1302930	0.3345609	0.0425873	0.0303000	0.6381718	0.5130610	-0.2585038	0.6454943	0.5002199	-0.1284269	0.4387030	0.0911322	-0.2626390	0.4572164	0.0805399	-0.1595310	0.5837859	0.0585450	-0.2158956	0.3523474	0.0502152	-0.2045124	0.5327237	0.0562456	-0.2861533	0.6191838	1.0427993	0.1752776	0.6545031	1.0731256	-0.1470857	0.5848011	1.1441358	0.0216390	0.4017029	0.6901509	0.1202913	0.4851825	0.6203077	0.1487835	0.3485550	0.5788294	0.1684559	0.4182284	0.7085105	-0.2357549	0.5024225	0.6318226	-0.2692661	0.3549464	0.5963334	-0.2932693	0.5888461	0.3697673	0.1312878	0.5556884	0.2317118	0.1307570	0.4857086	0.2758140	0.1458112	0.6055786	0.3658354	-0.2733198	0.5721095	0.2287871	-0.2830958	0.5008397	0.2838068	-0.2943983	0.2258134	0.6451452	0.0378758	0.2301017	0.6583517	-0.1577278	0.5842483	0.7078790	0.3119810	0.5836708	0.6900401	0.2218844	0.7518013	0.9321509	0.1894711	0.8221524	0.8853302	0.2223107	0.7431864	0.7484941	-0.2629444	0.7153327	0.7167250	-0.1741688	0.8189661	0.9733950	-0.0783498	0.8925982	0.9425381	-0.0804883
174	2.8833333	0.5720700	0.9874190	0.0173500	0.5402400	0.9760190	0.1752400	0.6188100	0.7071490	0.2835100	0.7728900	0.8685990	0.2169000	0.6114100	0.9934190	-0.1459000	0.7578900	0.7289590	-0.2028300	0.8480100	0.9288290	-0.0827100	0.2557100	0.6585390	-0.0600400	0.2549000	0.6482190	0.0540500	0.5976000	0.5210990	0.0618500	0.4409000	0.0754190	0.0553600	0.2706100	0.6616290	-0.1808400	0.6138800	0.5017090	-0.1921400	0.4413100	0.0784090	-0.2126900	0.6180000	0.0541890	-0.2037900	0.5886700	0.0505090	-0.2409700	0.3874700	0.0234090	-0.2132300	0.6190600	0.0550090	0.0628400	0.5862400	0.0466390	0.0989900	0.3712600	0.0300790	0.0438100	0.3249221	0.6904525	0.1119269	0.3396251	0.7123175	-0.2120733	0.1362537	0.7717465	0.0024812	0.1422443	0.7785718	-0.1242347	0.6088613	0.5200310	0.1316818	0.6174774	0.5210243	-0.0006893	0.4210363	0.0798960	0.1001633	0.4418024	0.0836978	-0.0026809	0.5801218	0.0618756	0.0664614	0.5236244	0.0525396	0.1317693	0.3312255	0.0414005	0.0290157	0.6250448	0.5112771	-0.2602698	0.6320339	0.4988892	-0.1309488	0.4331229	0.0867086	-0.2636705	0.4516492	0.0765023	-0.1614790	0.5809897	0.0558349	-0.2165356	0.3469495	0.0447509	-0.2063379	0.5291661	0.0531624	-0.2866385	0.6132658	1.0208383	0.1743259	0.6576254	1.0501872	-0.1466103	0.5864471	1.1242150	0.0200748	0.3853377	0.6880184	0.1203070	0.4700061	0.6194575	0.1502648	0.3321195	0.5747413	0.1666388	0.4047698	0.7038495	-0.2397721	0.4892639	0.6282187	-0.2722146	0.3439717	0.5912260	-0.2959427	0.5791097	0.3704023	0.1341727	0.5478847	0.2319304	0.1334175	0.4767586	0.2745346	0.1468346	0.5945979	0.3637243	-0.2745032	0.5633417	0.2261413	-0.2840742	0.4920578	0.2801907	-0.2953127	0.2103658	0.6387747	0.0329634	0.2191417	0.6520385	-0.1620920	0.5947730	0.6902423	0.3158663	0.5942411	0.6710457	0.2260580	0.7507694	0.9176787	0.1849354	0.8254790	0.8738672	0.2205809	0.7502915	0.7283468	-0.2572410	0.7225813	0.6975165	-0.1690324	0.8156103	0.9568905	-0.0739125	0.8921331	0.9302166	-0.0745769
175	2.9000000	0.5715400	0.9716490	0.0168000	0.5544300	0.9697390	0.1770600	0.6286500	0.6898590	0.2923200	0.7808300	0.8559190	0.2100300	0.6045900	0.9794190	-0.1466000	0.7621400	0.7180190	-0.2017000	0.8449500	0.9159790	-0.0758000	0.2488500	0.6522590	-0.0608700	0.2462800	0.6435890	0.0524000	0.5889200	0.5193090	0.0648800	0.4399300	0.0750090	0.0558500	0.2600700	0.6613990	-0.1800500	0.6100200	0.5058890	-0.1917100	0.4394800	0.0795890	-0.2123100	0.6141100	0.0545990	-0.2032100	0.5845600	0.0490290	-0.2431900	0.3866900	0.0244090	-0.2118800	0.6191600	0.0549990	0.0623900	0.5867100	0.0476890	0.1016800	0.3756100	0.0295690	0.0444500	0.3165309	0.6819960	0.1119348	0.3354558	0.7047926	-0.2115153	0.1316928	0.7669818	0.0015290	0.1393852	0.7741108	-0.1249572	0.6029472	0.5206605	0.1372269	0.6139712	0.5218044	0.0042840	0.4220874	0.0786518	0.1027063	0.4445260	0.0829133	-0.0001451	0.5820381	0.0598193	0.0698695	0.5251459	0.0504044	0.1350432	0.3338278	0.0409689	0.0307212	0.6178533	0.5111687	-0.2600526	0.6245739	0.4990903	-0.1311810	0.4322070	0.0848743	-0.2622656	0.4509253	0.0749727	-0.1608332	0.5813742	0.0547286	-0.2156415	0.3468051	0.0427579	-0.2051824	0.5292317	0.0522904	-0.2852730	0.6149792	1.0020305	0.1767859	0.6616693	1.0304952	-0.1431823	0.5918771	1.1072147	0.0231024	0.3759790	0.6856051	0.1229857	0.4615813	0.6181202	0.1541691	0.3231565	0.5707980	0.1676598	0.3973298	0.7005011	-0.2411691	0.4820750	0.6261082	-0.2728502	0.3382707	0.5875911	-0.2960191	0.5753423	0.3708963	0.1389575	0.5461873	0.2323109	0.1378436	0.4742642	0.2736200	0.1501490	0.5890052	0.3635803	-0.2736742	0.5595813	0.2256574	-0.2830776	0.4884476	0.2789381	-0.2940067	0.2021369	0.6330654	0.0314624	0.2134546	0.6468963	-0.1632660	0.6091257	0.6747879	0.3231427	0.6073004	0.6539157	0.2343199	0.7545218	0.9035325	0.1825656	0.8326976	0.8618294	0.2204255	0.7579649	0.7118272	-0.2515213	0.7305200	0.6810006	-0.1643922	0.8140296	0.9425803	-0.0671425	0.8931415	0.9191453	-0.0671847
176	2.9166667	0.5684300	0.9649190	0.0183900	0.5420300	0.9566990	0.1840300	0.6307900	0.6817390	0.2924200	0.7879600	0.8523390	0.2056600	0.6086000	0.9762590	-0.1419700	0.7628600	0.7096390	-0.2000400	0.8374100	0.9087090	-0.0749000	0.2500400	0.6509590	-0.0544000	0.2428100	0.6431990	0.0579800	0.5839700	0.5239290	0.0677900	0.4399700	0.0789490	0.0549700	0.2580400	0.6576290	-0.1739400	0.6067800	0.5068690	-0.1919300	0.4360900	0.0787790	-0.2111000	0.6137100	0.0548090	-0.2026900	0.5883300	0.0506290	-0.2409600	0.3848700	0.0283390	-0.2095300	0.6124400	0.0540290	0.0680300	0.5868800	0.0468690	0.1046200	0.3709000	0.0315790	0.0457600	0.3160271	0.6793588	0.1188953	0.3388355	0.7025607	-0.2044896	0.1344908	0.7663229	0.0074478	0.1437416	0.7735761	-0.1189928	0.6014337	0.5229834	0.1459618	0.6137816	0.5240848	0.0132487	0.4243366	0.0804770	0.1085773	0.4475810	0.0848062	0.0061736	0.5842986	0.0601929	0.0769943	0.5273240	0.0511804	0.1414378	0.3371094	0.0437980	0.0359121	0.6157213	0.5125525	-0.2554879	0.6225467	0.5007267	-0.1275689	0.4334504	0.0858546	-0.2568309	0.4525254	0.0760966	-0.1564203	0.5839010	0.0547334	-0.2110457	0.3487620	0.0442921	-0.2002150	0.5312947	0.0532271	-0.2800817	0.6197305	0.9915549	0.1851369	0.6699231	1.0199914	-0.1347781	0.6000626	1.0978965	0.0312543	0.3743132	0.6857913	0.1312267	0.4597381	0.6191042	0.1625565	0.3218732	0.5710491	0.1742929	0.3972948	0.7002843	-0.2366522	0.4812394	0.6264982	-0.2680917	0.3391528	0.5875396	-0.2893014	0.5750057	0.3733244	0.1469990	0.5469220	0.2346799	0.1453751	0.4746165	0.2756183	0.1566779	0.5874571	0.3650191	-0.2686503	0.5588373	0.2269607	-0.2779024	0.4882801	0.2800295	-0.2884780	0.2021795	0.6322009	0.0376472	0.2158195	0.6462707	-0.1570475	0.6238093	0.6662525	0.3332672	0.6199372	0.6437818	0.2447556	0.7602660	0.8953903	0.1834726	0.8410982	0.8545457	0.2229581	0.7654766	0.7025292	-0.2444669	0.7382398	0.6709134	-0.1585628	0.8130080	0.9351330	-0.0586189	0.8944616	0.9141090	-0.0580610
177	2.9333333	0.5728100	0.9612490	0.0191400	0.5478600	0.9520590	0.1858500	0.6413000	0.6802290	0.2903800	0.7916800	0.8493890	0.2024900	0.6082100	0.9687790	-0.1461300	0.7601100	0.7033490	-0.1975300	0.8345800	0.9059690	-0.0690000	0.2440100	0.6415190	-0.0587100	0.2385700	0.6397490	0.0560000	0.5776700	0.5243290	0.0650400	0.4365800	0.0792690	0.0538800	0.2645900	0.6496990	-0.1797300	0.6071100	0.5068490	-0.1930200	0.4397300	0.0797390	-0.2124000	0.6138500	0.0548190	-0.2029700	0.5881500	0.0524390	-0.2417800	0.3858400	0.0292790	-0.2142200	0.6077500	0.0540890	0.0659800	0.5830100	0.0464490	0.1021800	0.3740300	0.0343190	0.0459700	0.3082684	0.6689517	0.1156678	0.3354868	0.6919160	-0.2083996	0.1296523	0.7581539	0.0024433	0.1406055	0.7653921	-0.1242712	0.5927380	0.5207173	0.1440947	0.6064629	0.5218416	0.0112289	0.4198284	0.0768283	0.1044932	0.4439404	0.0813710	0.0024659	0.5787150	0.0552621	0.0737454	0.5219066	0.0464164	0.1377843	0.3343575	0.0410127	0.0314203	0.6099322	0.5100724	-0.2603893	0.6164485	0.4983540	-0.1327498	0.4304411	0.0826479	-0.2608112	0.4493836	0.0729918	-0.1609416	0.5806020	0.0521476	-0.2149184	0.3463905	0.0410824	-0.2045789	0.5281796	0.0508421	-0.2835728	0.6167293	0.9771106	0.1838257	0.6691672	1.0046608	-0.1365623	0.5993913	1.0838271	0.0295202	0.3648442	0.6794919	0.1287535	0.4503460	0.6144020	0.1603010	0.3131987	0.5644168	0.1705311	0.3906075	0.6936227	-0.2420729	0.4749863	0.6214600	-0.2732238	0.3346338	0.5807469	-0.2938283	0.5675177	0.3710165	0.1444391	0.5404885	0.2321737	0.1425822	0.4682246	0.2723401	0.1530599	0.5823759	0.3627407	-0.2729505	0.5543193	0.2246306	-0.2818908	0.4844077	0.2770209	-0.2925119	0.1947085	0.6233900	0.0331602	0.2110199	0.6373169	-0.1619474	0.6320125	0.6549028	0.3332883	0.6266181	0.6308744	0.2452204	0.7591281	0.8848957	0.1759685	0.8423521	0.8459381	0.2160562	0.7648629	0.6908387	-0.2451473	0.7374314	0.6580909	-0.1613242	0.8038877	0.9245306	-0.0587002	0.8869424	0.9059157	-0.0569616
178	2.9500000	0.5786400	0.9548990	0.0172000	0.5646900	0.9474490	0.1848800	0.6479000	0.6789190	0.2857100	0.7952700	0.8513090	0.1975800	0.6052800	0.9627590	-0.1468900	0.7600100	0.7014690	-0.1979500	0.8346100	0.9068190	-0.0707000	0.2413400	0.6384390	-0.0544700	0.2393400	0.6360190	0.0593000	0.5733100	0.5282490	0.0674000	0.4357000	0.0776890	0.0531700	0.2624600	0.6476590	-0.1718200	0.6064000	0.5099490	-0.1913200	0.4401500	0.0803690	-0.2128400	0.6140300	0.0549690	-0.2028800	0.5852900	0.0513790	-0.2431500	0.3887800	0.0297890	-0.2109400	0.6085300	0.0545490	0.0658800	0.5833400	0.0487790	0.1023100	0.3738300	0.0344290	0.0437600	0.3056277	0.6648708	0.1203122	0.3345301	0.6875369	-0.2041457	0.1287644	0.7568258	0.0066999	0.1403782	0.7639408	-0.1201278	0.5890532	0.5229232	0.1477750	0.6027965	0.5243241	0.0149885	0.4196797	0.0789935	0.1064693	0.4435783	0.0838448	0.0047325	0.5778600	0.0572842	0.0756125	0.5217627	0.0484727	0.1394585	0.3348725	0.0438667	0.0334831	0.6072065	0.5125833	-0.2582151	0.6137839	0.5008551	-0.1308280	0.4304368	0.0851355	-0.2578053	0.4496382	0.0755916	-0.1584779	0.5805463	0.0540498	-0.2134157	0.3471946	0.0442659	-0.2014353	0.5281497	0.0534693	-0.2813291	0.6211292	0.9691396	0.1873218	0.6702234	0.9959943	-0.1333657	0.6031040	1.0767769	0.0335921	0.3606115	0.6788592	0.1333991	0.4463623	0.6147804	0.1645613	0.3098481	0.5633581	0.1743952	0.3875469	0.6933893	-0.2392349	0.4720920	0.6223145	-0.2705773	0.3321317	0.5798378	-0.2900710	0.5649510	0.3734100	0.1473108	0.5389434	0.2346087	0.1450240	0.4666962	0.2743429	0.1554380	0.5801911	0.3655065	-0.2704935	0.5528207	0.2275706	-0.2793809	0.4832159	0.2794002	-0.2895172	0.1912456	0.6209985	0.0374174	0.2085688	0.6347600	-0.1579284	0.6423021	0.6511147	0.3364542	0.6349829	0.6260960	0.2492994	0.7612347	0.8830086	0.1736297	0.8460280	0.8460718	0.2133669	0.7649883	0.6874942	-0.2421086	0.7380859	0.6537209	-0.1599500	0.7979114	0.9222334	-0.0559668	0.8827507	0.9058340	-0.0536147
179	2.9666667	0.5735700	0.9548990	0.0130100	0.5514400	0.9430990	0.1777200	0.6527700	0.6777190	0.2865100	0.8018100	0.8507090	0.1921700	0.6010100	0.9590390	-0.1509800	0.7612500	0.7034490	-0.2005500	0.8283700	0.9100990	-0.0686600	0.2357100	0.6380790	-0.0523500	0.2343100	0.6349190	0.0604500	0.5642000	0.5274590	0.0668000	0.4350800	0.0811190	0.0525400	0.2507800	0.6444990	-0.1707500	0.6027700	0.5129790	-0.1884600	0.4391600	0.0832690	-0.2118800	0.6183000	0.0578790	-0.2039000	0.5851300	0.0527490	-0.2431100	0.3883700	0.0330490	-0.2118600	0.6128700	0.0560190	0.0672000	0.5873500	0.0496990	0.1031300	0.3740200	0.0345790	0.0438500	0.3004176	0.6642266	0.1224033	0.3297025	0.6861624	-0.2023627	0.1245114	0.7578287	0.0087339	0.1362635	0.7647167	-0.1182070	0.5818834	0.5256769	0.1484130	0.5949252	0.5275905	0.0155337	0.4179022	0.0808235	0.1058690	0.4411825	0.0861487	0.0042496	0.5761885	0.0594929	0.0751480	0.5207349	0.0504588	0.1389215	0.3333659	0.0457844	0.0326932	0.6020353	0.5170841	-0.2580339	0.6089264	0.5056390	-0.1305498	0.4287399	0.0887896	-0.2571138	0.4483258	0.0796240	-0.1579301	0.5791279	0.0568501	-0.2137853	0.3461964	0.0486847	-0.2005192	0.5266450	0.0568923	-0.2813038	0.6201907	0.9671881	0.1864453	0.6665452	0.9926566	-0.1344047	0.6013058	1.0747812	0.0329173	0.3541788	0.6797099	0.1358049	0.4398212	0.6162871	0.1662654	0.3041066	0.5641372	0.1760109	0.3811566	0.6953398	-0.2385820	0.4661436	0.6252128	-0.2701288	0.3265397	0.5808734	-0.2885382	0.5594002	0.3762549	0.1474601	0.5350942	0.2372964	0.1449949	0.4627095	0.2761952	0.1551282	0.5758942	0.3700027	-0.2701154	0.5494258	0.2321017	-0.2790120	0.4799569	0.2831299	-0.2887598	0.1852977	0.6212199	0.0397067	0.2028586	0.6345411	-0.1558347	0.6488855	0.6521506	0.3365711	0.6400565	0.6256825	0.2498228	0.7614957	0.8841020	0.1684601	0.8471521	0.8489013	0.2080306	0.7632609	0.6898581	-0.2424914	0.7366631	0.6546243	-0.1620267	0.7892514	0.9251265	-0.0558468	0.8755477	0.9106281	-0.0526830
180	2.9833333	0.5703300	0.9534990	0.0173600	0.5511700	0.9439990	0.1799400	0.6567300	0.6790990	0.2853500	0.7968800	0.8534390	0.1869500	0.5970100	0.9611690	-0.1462300	0.7644700	0.7045290	-0.2050300	0.8280100	0.9128990	-0.0704300	0.2310300	0.6383090	-0.0505300	0.2298800	0.6342990	0.0629300	0.5608300	0.5268090	0.0657000	0.4348500	0.0811490	0.0525900	0.2450300	0.6435890	-0.1648600	0.6007500	0.5167690	-0.1870400	0.4389600	0.0873090	-0.2128400	0.6156600	0.0589990	-0.2059700	0.5779900	0.0540790	-0.2470900	0.3884700	0.0351990	-0.2085300	0.6093900	0.0547290	0.0691800	0.5802700	0.0492890	0.1032900	0.3782100	0.0339090	0.0448900	0.2963238	0.6642348	0.1239030	0.3250555	0.6857881	-0.2006217	0.1210066	0.7589643	0.0105113	0.1325435	0.7657561	-0.1163473	0.5763480	0.5268089	0.1480452	0.5885592	0.5291653	0.0151733	0.4180081	0.0814875	0.1051218	0.4405588	0.0872435	0.0036985	0.5753839	0.0605552	0.0746880	0.5207689	0.0517726	0.1382678	0.3340663	0.0466257	0.0320424	0.5978588	0.5216349	-0.2578444	0.6051863	0.5102467	-0.1303697	0.4278199	0.0922262	-0.2570301	0.4478322	0.0832079	-0.1580832	0.5779528	0.0592472	-0.2156581	0.3461713	0.0528877	-0.1998140	0.5253539	0.0601587	-0.2824814	0.6187101	0.9665891	0.1857301	0.6619878	0.9917181	-0.1349253	0.5986289	1.0741609	0.0324613	0.3492860	0.6801061	0.1373499	0.4348598	0.6169131	0.1670360	0.2998772	0.5646730	0.1769498	0.3756500	0.6976230	-0.2376856	0.4610937	0.6283771	-0.2695097	0.3216935	0.5825007	-0.2870468	0.5554865	0.3775689	0.1467269	0.5329593	0.2385831	0.1442334	0.4605334	0.2767638	0.1543574	0.5725231	0.3745160	-0.2699573	0.5468699	0.2365506	-0.2791053	0.4775906	0.2868636	-0.2883186	0.1806990	0.6217917	0.0415469	0.1979342	0.6348856	-0.1538588	0.6551843	0.6534307	0.3359229	0.6450468	0.6256115	0.2499273	0.7611694	0.8863574	0.1631632	0.8478345	0.8532261	0.2021018	0.7636984	0.6933683	-0.2443785	0.7380410	0.6565434	-0.1653834	0.7835301	0.9282604	-0.0568201	0.8716004	0.9155997	-0.0534312
181	3.0000000	0.5695900	0.9559790	0.0178400	0.5458800	0.9459090	0.1783400	0.6612300	0.6813990	0.2845200	0.7965700	0.8577690	0.1855300	0.5966100	0.9633090	-0.1461500	0.7656100	0.7100190	-0.2049500	0.8279500	0.9191690	-0.0739600	0.2304600	0.6343690	-0.0503800	0.2163800	0.6299890	0.0638600	0.5601600	0.5261690	0.0651200	0.4348100	0.0811690	0.0524800	0.2411700	0.6398590	-0.1660900	0.5972900	0.5180390	-0.1904300	0.4352400	0.0837990	-0.2106900	0.6147400	0.0602990	-0.2062300	0.5775300	0.0559590	-0.2479000	0.3887000	0.0347490	-0.2071400	0.6053400	0.0532890	0.0673300	0.5801100	0.0488390	0.1028200	0.3734400	0.0359390	0.0437600	0.2955562	0.6604285	0.1238299	0.3251348	0.6812821	-0.2005292	0.1209093	0.7560421	0.0100340	0.1327766	0.7626289	-0.1167679	0.5745025	0.5244785	0.1460581	0.5861532	0.5267920	0.0134084	0.4191623	0.0791335	0.1032523	0.4410793	0.0849340	0.0021395	0.5756871	0.0577035	0.0728440	0.5217241	0.0493666	0.1362061	0.3356917	0.0446213	0.0305258	0.5964861	0.5210731	-0.2595898	0.6040532	0.5100844	-0.1323359	0.4289346	0.0907355	-0.2575523	0.4492278	0.0820520	-0.1589635	0.5788111	0.0576555	-0.2179285	0.3480777	0.0517413	-0.1998122	0.5260628	0.0591316	-0.2839850	0.6181215	0.9645188	0.1839096	0.6604759	0.9895144	-0.1362456	0.5974488	1.0719201	0.0305778	0.3480776	0.6769384	0.1369126	0.4335047	0.6141046	0.1659572	0.2991426	0.5615992	0.1761431	0.3739159	0.6946711	-0.2388391	0.4594539	0.6262984	-0.2708402	0.3209914	0.5793935	-0.2871315	0.5545407	0.3754287	0.1445240	0.5329469	0.2364788	0.1420958	0.4606029	0.2743809	0.1522472	0.5717440	0.3739716	-0.2713001	0.5466637	0.2358702	-0.2802020	0.4776495	0.2855855	-0.2890779	0.1798077	0.6182019	0.0416854	0.1975573	0.6308815	-0.1536322	0.6623493	0.6535972	0.3347345	0.6518214	0.6241244	0.2489097	0.7619884	0.8873008	0.1581076	0.8496311	0.8565966	0.1964248	0.7676656	0.6964344	-0.2474063	0.7432809	0.6577680	-0.1694449	0.7817646	0.9309027	-0.0595475	0.8714349	0.9201367	-0.0559073
182	3.0166667	0.5622500	0.9543590	0.0154900	0.5433600	0.9464190	0.1807500	0.6619600	0.6843590	0.2843400	0.7987300	0.8653990	0.1829500	0.5828300	0.9630990	-0.1527000	0.7618900	0.7097590	-0.2184500	0.8248800	0.9198290	-0.0750600	0.2301600	0.6357590	-0.0509800	0.2152900	0.6326790	0.0647800	0.5566500	0.5305790	0.0641600	0.4348300	0.0811990	0.0525900	0.2403200	0.6384090	-0.1655700	0.5962700	0.5216890	-0.1922300	0.4348800	0.0858390	-0.2110900	0.6191400	0.0603690	-0.2042100	0.5817300	0.0575590	-0.2457200	0.3846600	0.0351990	-0.2071400	0.6052600	0.0534190	0.0701300	0.5804700	0.0511690	0.1040000	0.3778100	0.0372590	0.0456000	0.2949600	0.6625974	0.1230453	0.3250385	0.6821992	-0.2012425	0.1202453	0.7572345	0.0089028	0.1323045	0.7633854	-0.1178781	0.5727859	0.5277614	0.1439249	0.5839497	0.5298397	0.0115885	0.4205421	0.0813269	0.1021243	0.4419227	0.0869729	0.0012972	0.5759321	0.0592426	0.0720625	0.5226783	0.0515881	0.1351414	0.3376574	0.0469024	0.0296506	0.5950576	0.5246145	-0.2621976	0.6029490	0.5142293	-0.1352090	0.4296111	0.0930066	-0.2575694	0.4502871	0.0849311	-0.1592564	0.5802888	0.0602438	-0.2189167	0.3490588	0.0543275	-0.1993287	0.5270693	0.0619773	-0.2844925	0.6157413	0.9684216	0.1821980	0.6559839	0.9930853	-0.1384723	0.5934580	1.0750030	0.0285295	0.3471584	0.6793495	0.1358540	0.4323833	0.6169246	0.1643948	0.2986956	0.5640190	0.1746927	0.3724321	0.6962890	-0.2406695	0.4579633	0.6285563	-0.2729174	0.3203329	0.5807460	-0.2880205	0.5538084	0.3785944	0.1425173	0.5332024	0.2393821	0.1404542	0.4608240	0.2770373	0.1504800	0.5708735	0.3773614	-0.2731515	0.5463586	0.2390804	-0.2813271	0.4772966	0.2881151	-0.2900674	0.1793644	0.6198656	0.0411049	0.1974161	0.6318016	-0.1541750	0.6677918	0.6590192	0.3334852	0.6567389	0.6280305	0.2480958	0.7622015	0.8931112	0.1536604	0.8507805	0.8644494	0.1917701	0.7679526	0.7031151	-0.2543472	0.7444837	0.6626479	-0.1774800	0.7790561	0.9361285	-0.0633902	0.8701845	0.9257581	-0.0604039
183	3.0333333	0.5568500	0.9618290	0.0151100	0.5421100	0.9496090	0.1779100	0.6619600	0.6891290	0.2846600	0.8010700	0.8705590	0.1812400	0.5765000	0.9735590	-0.1487800	0.7560700	0.7191490	-0.2283100	0.8208900	0.9318590	-0.0776000	0.2234300	0.6389690	-0.0477600	0.2137000	0.6353790	0.0647200	0.5609000	0.5301790	0.0652900	0.4347500	0.0811190	0.0524500	0.2370500	0.6450890	-0.1651900	0.5907900	0.5239390	-0.1920300	0.4343200	0.0853890	-0.2107200	0.6187600	0.0602190	-0.2045900	0.5807700	0.0572390	-0.2430000	0.3851600	0.0349490	-0.2069100	0.6056300	0.0553590	0.0667900	0.5803800	0.0505690	0.1034200	0.3780600	0.0355090	0.0427700	0.2883444	0.6659599	0.1258296	0.3181461	0.6855590	-0.1979021	0.1133552	0.7607592	0.0122187	0.1253280	0.7669145	-0.1143228	0.5680123	0.5304864	0.1451094	0.5784485	0.5328019	0.0126639	0.4183943	0.0831040	0.1038959	0.4391266	0.0889426	0.0029772	0.5729992	0.0608211	0.0735036	0.5205482	0.0534768	0.1367507	0.3356476	0.0489021	0.0315484	0.5876783	0.5280736	-0.2609744	0.5959993	0.5181849	-0.1338776	0.4255514	0.0946457	-0.2543117	0.4467664	0.0872317	-0.1560839	0.5777571	0.0623863	-0.2161028	0.3451417	0.0561563	-0.1957719	0.5238668	0.0639990	-0.2815147	0.6080292	0.9737055	0.1830128	0.6446539	0.9987713	-0.1370808	0.5834276	1.0802048	0.0299122	0.3416076	0.6828280	0.1386362	0.4273264	0.6200307	0.1665780	0.2932412	0.5667559	0.1771610	0.3651992	0.6995466	-0.2384650	0.4506507	0.6318151	-0.2711183	0.3130052	0.5835786	-0.2852656	0.5499383	0.3810761	0.1435847	0.5303093	0.2415865	0.1417503	0.4576533	0.2790374	0.1519247	0.5643307	0.3804732	-0.2713879	0.5408873	0.2419761	-0.2791610	0.4713954	0.2901825	-0.2875064	0.1727171	0.6230096	0.0442413	0.1906035	0.6349589	-0.1507096	0.6676136	0.6658108	0.3351130	0.6560506	0.6334231	0.2502630	0.7591323	0.8997696	0.1528225	0.8480320	0.8726521	0.1902027	0.7615789	0.7141219	-0.2599578	0.7396094	0.6713079	-0.1840467	0.7715836	0.9445929	-0.0646162	0.8640242	0.9344332	-0.0627399
184	3.0500000	0.5442600	0.9644690	0.0134300	0.5336000	0.9549090	0.1730000	0.6617100	0.6938990	0.2840400	0.8027200	0.8813190	0.1751500	0.5684800	0.9775990	-0.1594700	0.7496400	0.7324390	-0.2306900	0.8126100	0.9401690	-0.0845300	0.2232600	0.6405690	-0.0487100	0.2139900	0.6386090	0.0651400	0.5620900	0.5323990	0.0656100	0.4302900	0.0778390	0.0513300	0.2370700	0.6475790	-0.1671000	0.5871300	0.5249990	-0.1933000	0.4350300	0.0859990	-0.2147000	0.6187200	0.0602790	-0.2067500	0.5817800	0.0575890	-0.2482000	0.3848100	0.0353990	-0.2083300	0.6054500	0.0551690	0.0670900	0.5801500	0.0494590	0.1033000	0.3778300	0.0352690	0.0427700	0.2878654	0.6683745	0.1245529	0.3174532	0.6876018	-0.1993205	0.1120586	0.7615464	0.0110856	0.1239474	0.7675863	-0.1154868	0.5689202	0.5315257	0.1429485	0.5789491	0.5339118	0.0106934	0.4201739	0.0831184	0.1016797	0.4404726	0.0889896	0.0007937	0.5741933	0.0605810	0.0713927	0.5221165	0.0536353	0.1346086	0.3374560	0.0489442	0.0293069	0.5860269	0.5292797	-0.2640055	0.5945826	0.5196793	-0.1371295	0.4266419	0.0939743	-0.2564572	0.4481705	0.0868833	-0.1583960	0.5798167	0.0615778	-0.2187346	0.3464553	0.0556066	-0.1977341	0.5255250	0.0634041	-0.2838928	0.6039410	0.9791576	0.1797748	0.6375677	1.0048823	-0.1406832	0.5769072	1.0851972	0.0265806	0.3421965	0.6839882	0.1376580	0.4281407	0.6211257	0.1651133	0.2938801	0.5680001	0.1757143	0.3643087	0.7003543	-0.2405508	0.4494182	0.6327411	-0.2735264	0.3121949	0.5845898	-0.2865268	0.5512009	0.3818837	0.1413126	0.5319017	0.2419853	0.1395284	0.4591379	0.2795211	0.1496012	0.5633245	0.3813637	-0.2741834	0.5407092	0.2425062	-0.2817352	0.4710929	0.2901257	-0.2899265	0.1727434	0.6243831	0.0435047	0.1904960	0.6361161	-0.1515338	0.6711190	0.6730833	0.3332322	0.6595342	0.6385800	0.2486954	0.7598797	0.9064036	0.1477160	0.8494256	0.8807357	0.1846993	0.7583764	0.7244123	-0.2695738	0.7379411	0.6792509	-0.1943847	0.7676679	0.9528884	-0.0705418	0.8610165	0.9428695	-0.0699386
185	3.0666667	0.5363600	0.9763790	0.0142500	0.5247400	0.9642790	0.1714500	0.6652800	0.7029290	0.2846300	0.7990500	0.8957690	0.1747600	0.5646600	0.9878390	-0.1564900	0.7502900	0.7457890	-0.2303600	0.8091600	0.9497090	-0.0923700	0.2319900	0.6467590	-0.0507900	0.2186400	0.6448290	0.0666100	0.5606000	0.5330390	0.0651800	0.4302500	0.0777590	0.0512900	0.2381200	0.6507090	-0.1692700	0.5869700	0.5281490	-0.1946600	0.4336300	0.0870990	-0.2143900	0.6149000	0.0588290	-0.2089800	0.5810100	0.0573090	-0.2487600	0.3848700	0.0349290	-0.2086400	0.6016300	0.0535690	0.0651200	0.5764100	0.0489590	0.1019200	0.3777000	0.0333590	0.0435600	0.2959997	0.6756978	0.1224986	0.3252160	0.6945164	-0.2019853	0.1190815	0.7662344	0.0086862	0.1308418	0.7721705	-0.1181393	0.5747668	0.5331666	0.1403965	0.5845191	0.5352794	0.0084530	0.4250384	0.0842610	0.0998194	0.4450389	0.0897375	-0.0010367	0.5783344	0.0607495	0.0692701	0.5264393	0.0545198	0.1324083	0.3423572	0.0502342	0.0276870	0.5903893	0.5323485	-0.2676011	0.5987081	0.5231850	-0.1412637	0.4317671	0.0955400	-0.2588052	0.4533108	0.0887810	-0.1610688	0.5849160	0.0621942	-0.2215506	0.3518807	0.0577660	-0.2000115	0.5307422	0.0647231	-0.2862752	0.6038560	0.9907153	0.1771057	0.6357455	1.0176014	-0.1437709	0.5744675	1.0957296	0.0233821	0.3508559	0.6878071	0.1355385	0.4357484	0.6241608	0.1627534	0.3019670	0.5727583	0.1733785	0.3716974	0.7039550	-0.2436505	0.4556570	0.6360836	-0.2767114	0.3196301	0.5891485	-0.2886245	0.5567564	0.3833247	0.1389696	0.5373064	0.2429646	0.1373889	0.4644058	0.2812106	0.1473901	0.5677094	0.3840616	-0.2774134	0.5453283	0.2447148	-0.2845953	0.4758273	0.2923453	-0.2926925	0.1818562	0.6301845	0.0417122	0.1993709	0.6416831	-0.1537071	0.6780809	0.6852023	0.3324710	0.6672636	0.6486291	0.2475092	0.7630227	0.9185310	0.1439916	0.8536405	0.8946213	0.1808536	0.7610086	0.7386702	-0.2767278	0.7418783	0.6917825	-0.2021522	0.7686978	0.9659604	-0.0764087	0.8628170	0.9564387	-0.0763213
186	3.0833333	0.5272900	0.9843990	0.0055700	0.5288300	0.9755090	0.1735200	0.6656900	0.7203690	0.2833600	0.7948100	0.9086590	0.1780300	0.5566600	0.9965790	-0.1596100	0.7474700	0.7573490	-0.2338800	0.8043600	0.9596790	-0.0996500	0.2235500	0.6516390	-0.0451300	0.2211500	0.6500590	0.0702600	0.5619900	0.5324390	0.0656900	0.4343000	0.0791690	0.0530200	0.2267200	0.6504490	-0.1650800	0.5831400	0.5274590	-0.1980400	0.4340900	0.0875990	-0.2147800	0.6141900	0.0604390	-0.2113300	0.5808700	0.0613190	-0.2515900	0.3849700	0.0354690	-0.2059300	0.6014200	0.0535990	0.0654100	0.5763700	0.0494990	0.1023900	0.3740800	0.0318990	0.0455300	0.2884973	0.6817888	0.1275488	0.3148013	0.7000385	-0.1973316	0.1094803	0.7702131	0.0153467	0.1201101	0.7759516	-0.1116362	0.5681038	0.5335017	0.1442655	0.5768543	0.5357947	0.0121317	0.4181967	0.0834245	0.1046173	0.4375494	0.0889331	0.0033740	0.5701693	0.0599090	0.0734260	0.5190741	0.0538594	0.1369609	0.3354103	0.0492982	0.0325012	0.5796461	0.5344604	-0.2653062	0.5892625	0.5254823	-0.1387115	0.4235245	0.0953465	-0.2551897	0.4462766	0.0890371	-0.1572993	0.5776731	0.0627067	-0.2192250	0.3442763	0.0573413	-0.1954504	0.5226514	0.0650206	-0.2837183	0.5908620	1.0005884	0.1786837	0.6183590	1.0271148	-0.1420831	0.5580252	1.1044413	0.0255983	0.3448980	0.6909405	0.1410566	0.4297516	0.6261539	0.1676314	0.2953946	0.5757442	0.1788293	0.3619404	0.7075195	-0.2393915	0.4453066	0.6390553	-0.2732656	0.3087864	0.5924539	-0.2840308	0.5501238	0.3831662	0.1429300	0.5309388	0.2423218	0.1416051	0.4576822	0.2808236	0.1519446	0.5574918	0.3856568	-0.2749799	0.5359449	0.2459882	-0.2820355	0.4658509	0.2928287	-0.2895137	0.1744359	0.6347441	0.0479025	0.1901918	0.6459228	-0.1477611	0.6722413	0.6978719	0.3362377	0.6621047	0.6599223	0.2520300	0.7538521	0.9308663	0.1467931	0.8443543	0.9088360	0.1831122	0.7503376	0.7509615	-0.2780329	0.7326407	0.7030168	-0.2035704	0.7565790	0.9774452	-0.0777776	0.8516150	0.9684681	-0.0785393
187	3.1000000	0.5252900	0.9941590	0.0009500	0.5317700	0.9885490	0.1720500	0.6631900	0.7310890	0.2804700	0.7954200	0.9212190	0.1706600	0.5472600	1.0066190	-0.1611600	0.7457000	0.7689190	-0.2341300	0.7999000	0.9799290	-0.1027300	0.2145700	0.6540390	-0.0402000	0.2175300	0.6586390	0.0724600	0.5641300	0.5318690	0.0675200	0.4302100	0.0777390	0.0512800	0.2172000	0.6548690	-0.1559100	0.5829700	0.5332690	-0.2017500	0.4335000	0.0871790	-0.2144800	0.6145800	0.0574290	-0.2146800	0.5774700	0.0569390	-0.2546000	0.3851900	0.0350990	-0.2061600	0.6013000	0.0519390	0.0656300	0.5761500	0.0489390	0.0992700	0.3782500	0.0354690	0.0430700	0.2816612	0.6856401	0.1311915	0.3031813	0.7024405	-0.1934594	0.0999372	0.7728520	0.0214571	0.1087083	0.7780396	-0.1054207	0.5640591	0.5326422	0.1468404	0.5714075	0.5355082	0.0143413	0.4153231	0.0823448	0.1064897	0.4337452	0.0883198	0.0046756	0.5657718	0.0591319	0.0741545	0.5156609	0.0531610	0.1384165	0.3325668	0.0483725	0.0343979	0.5707876	0.5359455	-0.2650448	0.5821340	0.5270573	-0.1379396	0.4179342	0.0944392	-0.2542497	0.4421385	0.0883956	-0.1560602	0.5728404	0.0615528	-0.2202138	0.3396434	0.0565887	-0.1931211	0.5169040	0.0637186	-0.2843666	0.5813777	1.0077397	0.1777829	0.6026451	1.0336717	-0.1422693	0.5442684	1.1109481	0.0259009	0.3396588	0.6924987	0.1458893	0.4252841	0.6266276	0.1716836	0.2900327	0.5765869	0.1835636	0.3518263	0.7098607	-0.2364047	0.4353613	0.6410429	-0.2714415	0.2975204	0.5937866	-0.2804774	0.5464342	0.3820729	0.1450286	0.5278803	0.2410996	0.1434005	0.4544222	0.2795803	0.1544520	0.5494083	0.3866242	-0.2749302	0.5288881	0.2465936	-0.2822572	0.4581489	0.2926638	-0.2886033	0.1669268	0.6372354	0.0533698	0.1798105	0.6475552	-0.1421679	0.6689651	0.7096543	0.3361696	0.6591052	0.6703143	0.2528786	0.7488554	0.9417936	0.1454716	0.8388367	0.9212919	0.1809528	0.7430928	0.7627269	-0.2799628	0.7275714	0.7141106	-0.2047937	0.7471219	0.9901787	-0.0810516	0.8429310	0.9823453	-0.0822524
188	3.1166667	0.5153800	1.0024490	0.0031500	0.5230800	0.9912490	0.1719600	0.6582100	0.7445090	0.2792000	0.8030100	0.9399390	0.1653900	0.5357600	1.0113790	-0.1656700	0.7413200	0.7891390	-0.2362300	0.7994800	0.9930290	-0.1052300	0.2158400	0.6619690	-0.0381300	0.2218300	0.6662590	0.0750400	0.5659500	0.5357990	0.0675800	0.4301600	0.0777390	0.0513300	0.2149900	0.6629490	-0.1566800	0.5830600	0.5332490	-0.2029200	0.4341200	0.0875890	-0.2148500	0.6152800	0.0577690	-0.2201700	0.5748600	0.0573990	-0.2579900	0.3844900	0.0353490	-0.2083200	0.6014900	0.0537190	0.0654200	0.5761900	0.0494290	0.0997800	0.3777600	0.0351590	0.0448900	0.2853390	0.6952935	0.1320219	0.3009665	0.7103408	-0.1928500	0.1005822	0.7800944	0.0247958	0.1070588	0.7846414	-0.1021708	0.5694416	0.5354948	0.1457357	0.5752598	0.5388872	0.0132412	0.4203471	0.0849283	0.1053216	0.4376783	0.0912463	0.0030707	0.5697013	0.0617049	0.0719061	0.5202155	0.0559448	0.1367059	0.3371747	0.0509808	0.0333817	0.5713676	0.5403716	-0.2682668	0.5844337	0.5317064	-0.1412058	0.4209089	0.0971888	-0.2565252	0.4465140	0.0914148	-0.1582726	0.5760562	0.0631963	-0.2251305	0.3437176	0.0597703	-0.1939264	0.5194393	0.0656932	-0.2885248	0.5813851	1.0194990	0.1746201	0.5961912	1.0455200	-0.1460703	0.5397316	1.1221539	0.0233564	0.3448233	0.6983375	0.1473780	0.4308232	0.6311877	0.1721824	0.2950240	0.5825101	0.1850605	0.3517839	0.7164262	-0.2365217	0.4351927	0.6467193	-0.2727745	0.2960166	0.5995534	-0.2796074	0.5517672	0.3846581	0.1438021	0.5333173	0.2434000	0.1419526	0.4598137	0.2822201	0.1536610	0.5505147	0.3905905	-0.2784121	0.5307144	0.2502949	-0.2858542	0.4594678	0.2958430	-0.2910050	0.1701266	0.6452544	0.0561966	0.1794591	0.6545230	-0.1394950	0.6731845	0.7274250	0.3335367	0.6638396	0.6862728	0.2508393	0.7540265	0.9575425	0.1411476	0.8435294	0.9376512	0.1768081	0.7443680	0.7800010	-0.2847437	0.7306727	0.7306796	-0.2088837	0.7479529	1.0079924	-0.0859990	0.8441268	1.0005839	-0.0879855
189	3.1333333	0.5139700	1.0234390	0.0003200	0.5165900	1.0101390	0.1688900	0.6629500	0.7618090	0.2791000	0.7940200	0.9554090	0.1649300	0.5200800	1.0375990	-0.1709000	0.7276200	0.8040990	-0.2439500	0.7961900	1.0115090	-0.1037200	0.2153000	0.6715190	-0.0334100	0.2248200	0.6768790	0.0799500	0.5652300	0.5357690	0.0669400	0.4301000	0.0777490	0.0512200	0.2159300	0.6733190	-0.1535800	0.5793000	0.5328190	-0.2063300	0.4344300	0.0856390	-0.2144300	0.6110900	0.0562390	-0.2189200	0.5733000	0.0586490	-0.2559600	0.3847600	0.0350990	-0.2081400	0.6016100	0.0537390	0.0649300	0.5761300	0.0488790	0.0991800	0.3734800	0.0358690	0.0416600	0.2872649	0.7067192	0.1353688	0.2966638	0.7204881	-0.1898104	0.0991440	0.7889112	0.0309304	0.1032081	0.7930139	-0.0961924	0.5715516	0.5374078	0.1465324	0.5757169	0.5415815	0.0138891	0.4217076	0.0866219	0.1055495	0.4379612	0.0933937	0.0028689	0.5704795	0.0632736	0.0715263	0.5213682	0.0575795	0.1367789	0.3377761	0.0529190	0.0336032	0.5683729	0.5435832	-0.2696126	0.5833468	0.5352360	-0.1426192	0.4208824	0.0986492	-0.2564622	0.4480282	0.0932418	-0.1582247	0.5762377	0.0642961	-0.2267354	0.3449488	0.0613261	-0.1925502	0.5189902	0.0667756	-0.2895206	0.5777243	1.0349584	0.1728325	0.5853990	1.0616631	-0.1482268	0.5307606	1.1368771	0.0224934	0.3482579	0.7045658	0.1517186	0.4340499	0.6355665	0.1751683	0.2977975	0.5887655	0.1890365	0.3494954	0.7233616	-0.2343057	0.4322240	0.6521503	-0.2719383	0.2918447	0.6059283	-0.2763049	0.5536384	0.3861783	0.1442817	0.5352956	0.2444849	0.1421317	0.4615783	0.2839800	0.1544721	0.5481958	0.3933451	-0.2798534	0.5292943	0.2528887	-0.2873165	0.4574946	0.2976262	-0.2911315	0.1716567	0.6545829	0.0617873	0.1772293	0.6630788	-0.1341163	0.6749758	0.7456753	0.3331556	0.6657813	0.7030501	0.2507043	0.7529338	0.9754887	0.1390153	0.8431478	0.9566948	0.1739359	0.7387054	0.7989875	-0.2877055	0.7263197	0.7490089	-0.2117002	0.7443148	1.0265721	-0.0876371	0.8408628	1.0188798	-0.0907471
190	3.1500000	0.5052800	1.0388390	-0.0008000	0.5070800	1.0239690	0.1654500	0.6636100	0.7786390	0.2817800	0.8013800	0.9783890	0.1596400	0.5163100	1.0520690	-0.1664700	0.7213700	0.8193990	-0.2492300	0.7909500	1.0291590	-0.1049400	0.2218700	0.6855490	-0.0307900	0.2224900	0.6843790	0.0808100	0.5615300	0.5381390	0.0654200	0.4300200	0.0777890	0.0513500	0.2158100	0.6867090	-0.1492100	0.5711800	0.5344890	-0.2097400	0.4351300	0.0861390	-0.2147600	0.6150400	0.0606790	-0.2173100	0.5739400	0.0588890	-0.2555600	0.3890200	0.0369190	-0.2038100	0.6046000	0.0548090	0.0612300	0.5755800	0.0491190	0.0967700	0.3739700	0.0338490	0.0484100	0.2954316	0.7225409	0.1366573	0.2997229	0.7353688	-0.1887515	0.1047265	0.8016031	0.0347905	0.1068044	0.8054478	-0.0924827	0.5764930	0.5402347	0.1448600	0.5789824	0.5447861	0.0123585	0.4257446	0.0887941	0.1054365	0.4408626	0.0956462	0.0024655	0.5744368	0.0649421	0.0697497	0.5256806	0.0593257	0.1357030	0.3408057	0.0550940	0.0342533	0.5682922	0.5472769	-0.2731930	0.5848735	0.5395948	-0.1468417	0.4251931	0.1008441	-0.2572288	0.4537412	0.0960869	-0.1594469	0.5807765	0.0661626	-0.2289186	0.3506153	0.0637297	-0.1924594	0.5231090	0.0685342	-0.2909047	0.5770349	1.0555445	0.1700304	0.5796489	1.0828796	-0.1515486	0.5257336	1.1561570	0.0200779	0.3581396	0.7131088	0.1533369	0.4422623	0.6418120	0.1754665	0.3058792	0.5987297	0.1905662	0.3536466	0.7320676	-0.2348567	0.4343407	0.6588115	-0.2735454	0.2937718	0.6154020	-0.2745278	0.5581441	0.3886813	0.1429662	0.5399410	0.2464366	0.1410494	0.4659861	0.2865378	0.1539807	0.5489716	0.3967207	-0.2829834	0.5314161	0.2561327	-0.2899348	0.4591872	0.2999477	-0.2925954	0.1801108	0.6682241	0.0652139	0.1825979	0.6761540	-0.1308730	0.6808512	0.7676965	0.3317794	0.6720062	0.7234458	0.2494310	0.7575996	0.9961374	0.1347040	0.8485805	0.9776963	0.1697690	0.7356101	0.8191211	-0.2926582	0.7236828	0.7686461	-0.2164794	0.7445866	1.0466625	-0.0904255	0.8409134	1.0379253	-0.0946449
191	3.1666667	0.5044200	1.0516990	-0.0021500	0.5191100	1.0457990	0.1712700	0.6590900	0.8032490	0.2731000	0.7961600	0.9973490	0.1641000	0.5106500	1.0580690	-0.1752100	0.7230100	0.8380990	-0.2472200	0.7906900	1.0453690	-0.1049400	0.2257900	0.6926190	-0.0304300	0.2285000	0.6920390	0.0820000	0.5609500	0.5375590	0.0650200	0.4304100	0.0780690	0.0545200	0.2210800	0.6940590	-0.1455900	0.5750400	0.5350990	-0.2085200	0.4389700	0.0890090	-0.2154400	0.6074300	0.0579490	-0.2179400	0.5665300	0.0583490	-0.2603900	0.3893900	0.0382490	-0.2029500	0.5974800	0.0522090	0.0608800	0.5719400	0.0473090	0.0976600	0.3780300	0.0355090	0.0446500	0.3006380	0.7312139	0.1360121	0.3004119	0.7433548	-0.1895664	0.1075910	0.8072315	0.0362990	0.1078828	0.8109264	-0.0910940	0.5771693	0.5366627	0.1426198	0.5786515	0.5417503	0.0106488	0.4256571	0.0851643	0.1039832	0.4401113	0.0922178	0.0011122	0.5729965	0.0605135	0.0678581	0.5245694	0.0551101	0.1339293	0.3405956	0.0518083	0.0333198	0.5665147	0.5457013	-0.2769572	0.5847392	0.5383167	-0.1509287	0.4254800	0.0981301	-0.2587274	0.4553905	0.0936673	-0.1611238	0.5795365	0.0632577	-0.2316992	0.3525262	0.0610554	-0.1928370	0.5217378	0.0656939	-0.2929011	0.5749415	1.0698619	0.1664942	0.5717859	1.0968894	-0.1569426	0.5189620	1.1686012	0.0162923	0.3641492	0.7148613	0.1531201	0.4463405	0.6414213	0.1743226	0.3101685	0.6017442	0.1899551	0.3553889	0.7344835	-0.2365279	0.4343049	0.6596438	-0.2759722	0.2935231	0.6188841	-0.2748055	0.5582853	0.3848991	0.1409076	0.5400282	0.2422559	0.1390572	0.4662162	0.2830025	0.1523473	0.5474498	0.3950105	-0.2863561	0.5304971	0.2543718	-0.2928618	0.4579959	0.2973835	-0.2946903	0.1857414	0.6748562	0.0661853	0.1855038	0.6823677	-0.1300288	0.6785359	0.7842363	0.3287098	0.6707237	0.7391610	0.2461835	0.7557120	1.0125906	0.1318853	0.8467396	0.9950634	0.1664169	0.7316234	0.8338704	-0.2952120	0.7196346	0.7833267	-0.2193739	0.7416150	1.0606860	-0.0925138	0.8377270	1.0515951	-0.0964673
192	3.1833333	0.5038800	1.0793190	-0.0017100	0.5006300	1.0637190	0.1651600	0.6552800	0.8232490	0.2693500	0.7998000	1.0205390	0.1549100	0.5142800	1.0952490	-0.1772000	0.7158500	0.8621290	-0.2501900	0.7893800	1.0701090	-0.1063000	0.2224900	0.7027890	-0.0260000	0.2300700	0.7080290	0.0827200	0.5579000	0.5373590	0.0605500	0.4248900	0.0762490	0.0498400	0.2213900	0.7045190	-0.1437100	0.5708200	0.5338890	-0.2056600	0.4395300	0.0894690	-0.2157500	0.6083900	0.0582290	-0.2210900	0.5660700	0.0599590	-0.2599100	0.3890900	0.0386190	-0.2026300	0.5963200	0.0533690	0.0610600	0.5680900	0.0479990	0.0961000	0.3739000	0.0318190	0.0457200	0.2981350	0.7430666	0.1393264	0.2953433	0.7538131	-0.1858271	0.1034243	0.8175316	0.0406839	0.1027036	0.8207768	-0.0865878	0.5712151	0.5356086	0.1429520	0.5710375	0.5408619	0.0110524	0.4201023	0.0842550	0.1060486	0.4334281	0.0912859	0.0029526	0.5661417	0.0597158	0.0686434	0.5185201	0.0540774	0.1352184	0.3347422	0.0505433	0.0359953	0.5588868	0.5458365	-0.2754068	0.5783948	0.5388573	-0.1493135	0.4211504	0.0978392	-0.2567600	0.4522339	0.0938959	-0.1591690	0.5741035	0.0629961	-0.2312346	0.3496446	0.0609368	-0.1901020	0.5162460	0.0654288	-0.2919337	0.5648398	1.0884097	0.1663710	0.5598981	1.1151258	-0.1581968	0.5060855	1.1857618	0.0154213	0.3633195	0.7204138	0.1560699	0.4437907	0.6443618	0.1762370	0.3073302	0.6081246	0.1931519	0.3514407	0.7398003	-0.2337180	0.4286090	0.6628940	-0.2736663	0.2869095	0.6248115	-0.2708433	0.5521445	0.3836957	0.1415833	0.5343659	0.2408961	0.1400443	0.4604801	0.2819780	0.1539562	0.5403147	0.3951276	-0.2848461	0.5244363	0.2547803	-0.2915059	0.4515363	0.2967462	-0.2925443	0.1833722	0.6849981	0.0709096	0.1815901	0.6916707	-0.1250827	0.6725680	0.8061232	0.3265042	0.6648695	0.7606781	0.2439577	0.7519579	1.0344687	0.1298877	0.8419739	1.0166892	0.1644645	0.7241592	0.8557444	-0.2952364	0.7120373	0.8045568	-0.2192871	0.7361324	1.0823461	-0.0913897	0.8318109	1.0726930	-0.0959992
193	3.2000000	0.5025300	1.0963390	0.0012300	0.5036200	1.0909290	0.1674700	0.6526900	0.8450690	0.2684500	0.7897100	1.0472390	0.1548400	0.5081300	1.1063090	-0.1736500	0.7155400	0.8878390	-0.2569400	0.7806900	1.0914990	-0.1088400	0.2364600	0.7224690	-0.0226600	0.2379400	0.7219490	0.0837600	0.5510600	0.5376190	0.0586300	0.4251700	0.0781790	0.0504600	0.2272200	0.7253790	-0.1389800	0.5672200	0.5332890	-0.2112100	0.4383200	0.0924490	-0.2159500	0.6002800	0.0554590	-0.2241100	0.5652500	0.0597990	-0.2605400	0.3854200	0.0370790	-0.2040400	0.5963500	0.0537090	0.0606000	0.5680100	0.0478090	0.0954500	0.3740000	0.0319290	0.0458800	0.3129706	0.7643419	0.1416278	0.3070938	0.7739935	-0.1834544	0.1164547	0.8367187	0.0442905	0.1145319	0.8396436	-0.0830084	0.5767340	0.5385408	0.1410282	0.5749034	0.5440105	0.0097866	0.4255220	0.0884782	0.1064572	0.4377700	0.0953533	0.0035270	0.5706921	0.0637407	0.0685405	0.5236032	0.0583367	0.1351037	0.3396129	0.0546746	0.0372416	0.5629680	0.5505763	-0.2760380	0.5834944	0.5439093	-0.1508902	0.4270494	0.1029905	-0.2565908	0.4591310	0.0992696	-0.1598053	0.5783791	0.0665072	-0.2324852	0.3570056	0.0668905	-0.1896271	0.5207404	0.0696573	-0.2921322	0.5695395	1.1166791	0.1669716	0.5625349	1.1434954	-0.1598080	0.5077098	1.2122045	0.0148600	0.3788886	0.7314141	0.1572304	0.4556384	0.6522099	0.1760689	0.3197177	0.6224180	0.1945717	0.3637847	0.7514699	-0.2328234	0.4374087	0.6718694	-0.2731935	0.2955404	0.6389870	-0.2674420	0.5569838	0.3869106	0.1402662	0.5395819	0.2440462	0.1391019	0.4657624	0.2859416	0.1534748	0.5441646	0.4001082	-0.2853699	0.5289085	0.2600179	-0.2920807	0.4560205	0.3014794	-0.2921024	0.1985182	0.7045005	0.0747107	0.1948583	0.7105161	-0.1212824	0.6753129	0.8330472	0.3245422	0.6676658	0.7875425	0.2414460	0.7537833	1.0627615	0.1280669	0.8445505	1.0453794	0.1617332	0.7264742	0.8820935	-0.2980853	0.7146945	0.8307816	-0.2228362	0.7384426	1.1083764	-0.0920287	0.8338687	1.0983531	-0.0970043
194	3.2166667	0.4969900	1.1207190	-0.0019600	0.4874200	1.1103490	0.1621100	0.6472700	0.8671090	0.2669000	0.7871500	1.0664990	0.1508100	0.5062900	1.1274090	-0.1703600	0.7102500	0.9127090	-0.2567300	0.7808500	1.1132490	-0.1115900	0.2307700	0.7315290	-0.0212600	0.2407500	0.7327090	0.0865700	0.5524000	0.5398490	0.0588600	0.4242200	0.0798390	0.0504300	0.2289600	0.7352590	-0.1363200	0.5674000	0.5350390	-0.2096700	0.4347500	0.0914890	-0.2146200	0.6040700	0.0605490	-0.2218100	0.5660600	0.0601290	-0.2599800	0.3850000	0.0394990	-0.2044300	0.5965600	0.0554190	0.0604000	0.5683700	0.0502890	0.0965300	0.3742300	0.0319390	0.0435400	0.3072777	0.7749779	0.1417578	0.3003936	0.7834067	-0.1818711	0.1098374	0.8458867	0.0453757	0.1074780	0.8484623	-0.0813978	0.5664528	0.5355038	0.1391394	0.5634550	0.5412506	0.0077458	0.4171736	0.0850175	0.1054235	0.4287863	0.0920653	0.0022763	0.5614178	0.0607332	0.0676443	0.5149478	0.0547561	0.1344244	0.3312403	0.0505857	0.0360722	0.5525450	0.5481555	-0.2771839	0.5744572	0.5417801	-0.1514417	0.4182411	0.0998242	-0.2575511	0.4515300	0.0964893	-0.1604746	0.5692691	0.0641023	-0.2335368	0.3488458	0.0633817	-0.1900187	0.5111426	0.0666597	-0.2933158	0.5545397	1.1358328	0.1643750	0.5490242	1.1604703	-0.1619438	0.4919894	1.2285572	0.0116638	0.3751553	0.7351198	0.1575362	0.4495233	0.6532755	0.1755215	0.3129685	0.6273359	0.1947779	0.3577760	0.7545850	-0.2329173	0.4293144	0.6728010	-0.2738125	0.2866535	0.6435925	-0.2667126	0.5467880	0.3836500	0.1386007	0.5303707	0.2406732	0.1377059	0.4563134	0.2823928	0.1522623	0.5337953	0.3977150	-0.2865427	0.5192134	0.2578505	-0.2934362	0.4456901	0.2981194	-0.2928160	0.1933048	0.7134968	0.0759286	0.1890565	0.7187700	-0.1192135	0.6627290	0.8523325	0.3210375	0.6553475	0.8067605	0.2374782	0.7419555	1.0822981	0.1247045	0.8319941	1.0648669	0.1578638	0.7168715	0.9034739	-0.3009072	0.7057574	0.8513490	-0.2260762	0.7288685	1.1283672	-0.0935471	0.8242031	1.1184655	-0.0988493
195	3.2333333	0.4922000	1.1404690	-0.0041100	0.4919100	1.1363490	0.1624800	0.6508300	0.8932590	0.2691100	0.7881900	1.0968490	0.1492800	0.4928000	1.1543990	-0.1678800	0.7058100	0.9383490	-0.2579300	0.7714200	1.1397490	-0.1133600	0.2288600	0.7451290	-0.0199200	0.2405500	0.7455990	0.0926300	0.5482900	0.5415390	0.0559600	0.4242100	0.0817090	0.0498000	0.2280800	0.7449690	-0.1311300	0.5623300	0.5354190	-0.2066200	0.4340100	0.0910990	-0.2144000	0.6072700	0.0638390	-0.2184200	0.5737800	0.0631190	-0.2548700	0.3804300	0.0393890	-0.2070000	0.5966000	0.0557190	0.0599200	0.5677400	0.0532090	0.0954300	0.3741200	0.0319890	0.0434800	0.3059011	0.7898105	0.1420201	0.2978453	0.7969185	-0.1804032	0.1072926	0.8603836	0.0463306	0.1044685	0.8625140	-0.0799719	0.5614238	0.5376340	0.1368998	0.5570746	0.5435767	0.0055004	0.4156337	0.0877023	0.1046764	0.4264377	0.0949006	0.0013252	0.5590741	0.0645275	0.0664685	0.5133773	0.0580884	0.1336353	0.3298308	0.0526696	0.0357038	0.5467103	0.5496220	-0.2763744	0.5687843	0.5436571	-0.1504288	0.4163622	0.1014133	-0.2576112	0.4498946	0.0986082	-0.1605140	0.5685331	0.0672606	-0.2327782	0.3467914	0.0645710	-0.1903173	0.5103065	0.0688608	-0.2927505	0.5453374	1.1582568	0.1626771	0.5389923	1.1814339	-0.1628483	0.4808326	1.2490376	0.0101780	0.3754606	0.7439430	0.1572987	0.4479628	0.6594322	0.1745593	0.3106819	0.6371799	0.1948884	0.3569226	0.7620087	-0.2320187	0.4264222	0.6778797	-0.2730031	0.2823789	0.6526005	-0.2651398	0.5422219	0.3859280	0.1365492	0.5272714	0.2432004	0.1359498	0.4530574	0.2845519	0.1510454	0.5287295	0.3995142	-0.2859718	0.5157131	0.2601457	-0.2933228	0.4414090	0.2991264	-0.2922267	0.1917320	0.7272579	0.0771283	0.1867857	0.7317496	-0.1173172	0.6607725	0.8781244	0.3192400	0.6539800	0.8321242	0.2363603	0.7389026	1.1086320	0.1224335	0.8286037	1.0919763	0.1550234	0.7108206	0.9283835	-0.3039253	0.7010170	0.8755459	-0.2293059	0.7225667	1.1531816	-0.0948752	0.8174327	1.1436119	-0.1015183
196	3.2500000	0.4947900	1.1724490	-0.0007000	0.4951500	1.1630490	0.1682400	0.6514100	0.9262890	0.2676600	0.7712700	1.1271090	0.1507700	0.4931200	1.1864090	-0.1730800	0.7009000	0.9676790	-0.2622200	0.7595000	1.1647390	-0.1226100	0.2356000	0.7655190	-0.0180900	0.2459300	0.7665690	0.0895400	0.5456300	0.5428090	0.0587800	0.4241900	0.0798090	0.0492100	0.2283200	0.7673590	-0.1355300	0.5540400	0.5335690	-0.2034600	0.4349600	0.0932490	-0.2139300	0.6116800	0.0617590	-0.2155000	0.5745900	0.0633190	-0.2541900	0.3848600	0.0389590	-0.2105600	0.5966700	0.0556090	0.0603900	0.5689800	0.0521590	0.0960900	0.3734900	0.0317090	0.0455600	0.3138419	0.8107624	0.1431062	0.3037411	0.8172535	-0.1790696	0.1141664	0.8825180	0.0484128	0.1105365	0.8844965	-0.0778046	0.5614824	0.5419983	0.1355353	0.5560865	0.5483570	0.0045257	0.4191159	0.0923570	0.1047742	0.4294526	0.0997499	0.0015886	0.5624182	0.0695626	0.0667310	0.5169238	0.0628324	0.1337725	0.3333412	0.0571613	0.0362213	0.5457757	0.5541323	-0.2741053	0.5677881	0.5485536	-0.1483863	0.4208426	0.1056372	-0.2575820	0.4543609	0.1032557	-0.1607809	0.5743821	0.0719705	-0.2311416	0.3510499	0.0686477	-0.1913482	0.5164396	0.0729711	-0.2912806	0.5458775	1.1873378	0.1633373	0.5372030	1.2107463	-0.1633256	0.4783973	1.2770111	0.0105681	0.3838552	0.7565362	0.1576757	0.4532434	0.6687405	0.1742304	0.3155723	0.6523871	0.1955923	0.3640401	0.7744023	-0.2307369	0.4302779	0.6872092	-0.2713178	0.2852148	0.6675507	-0.2625100	0.5424769	0.3905450	0.1355455	0.5289181	0.2478435	0.1352536	0.4545779	0.2888496	0.1505260	0.5288324	0.4043175	-0.2841379	0.5178289	0.2654020	-0.2922825	0.4428916	0.3028943	-0.2908034	0.1990111	0.7478201	0.0791969	0.1928251	0.7519324	-0.1151340	0.6632704	0.9093780	0.3196716	0.6566901	0.8630470	0.2366312	0.7354975	1.1413480	0.1222354	0.8259864	1.1264954	0.1530079	0.7087287	0.9585500	-0.3075795	0.7004229	0.9056698	-0.2334704	0.7182010	1.1831808	-0.0985876	0.8129804	1.1748703	-0.1056232
197	3.2666667	0.4724700	1.1930490	-0.0070600	0.4813500	1.1809190	0.1633100	0.6506300	0.9508190	0.2690800	0.7708600	1.1540490	0.1484800	0.4826300	1.2024790	-0.1745200	0.7007600	0.9857590	-0.2607500	0.7546700	1.1807190	-0.1260800	0.2384500	0.7788090	-0.0173200	0.2497800	0.7787390	0.0920800	0.5441400	0.5405490	0.0585100	0.4252100	0.0802390	0.0498700	0.2326600	0.7800690	-0.1381300	0.5461000	0.5336190	-0.1988800	0.4341400	0.0909190	-0.2130800	0.6148600	0.0659090	-0.2106900	0.5744500	0.0645790	-0.2536900	0.3808100	0.0355090	-0.2085500	0.5969100	0.0575890	0.0607700	0.5693800	0.0535390	0.0962700	0.3786200	0.0334790	0.0463300	0.3172232	0.8253378	0.1430709	0.3056651	0.8310343	-0.1789646	0.1161198	0.8958637	0.0492337	0.1118831	0.8976186	-0.0769405	0.5579888	0.5407033	0.1344698	0.5517608	0.5471469	0.0037350	0.4200367	0.0905923	0.1047352	0.4300286	0.0980205	0.0017414	0.5628812	0.0678959	0.0669600	0.5177187	0.0608490	0.1338302	0.3345656	0.0550993	0.0365521	0.5405286	0.5515436	-0.2719926	0.5624161	0.5463749	-0.1460772	0.4208271	0.1021664	-0.2579883	0.4543021	0.1002598	-0.1611630	0.5763485	0.0704350	-0.2291093	0.3505090	0.0642740	-0.1927573	0.5184481	0.0701912	-0.2899721	0.5382041	1.2108963	0.1620485	0.5283836	1.2337416	-0.1653151	0.4683913	1.2980359	0.0089565	0.3881580	0.7625009	0.1577334	0.4545845	0.6718998	0.1738226	0.3164690	0.6609896	0.1957626	0.3668360	0.7789140	-0.2302331	0.4298230	0.6889522	-0.2702150	0.2843803	0.6752261	-0.2609474	0.5395714	0.3893163	0.1347579	0.5277338	0.2465443	0.1347388	0.4530522	0.2871096	0.1499608	0.5246547	0.4020640	-0.2824504	0.5156607	0.2635064	-0.2913664	0.4400081	0.2991384	-0.2899112	0.2023405	0.7609482	0.0802680	0.1952722	0.7645762	-0.1139939	0.6630581	0.9356283	0.3194203	0.6571367	0.8884179	0.2363933	0.7300552	1.1672261	0.1206811	0.8208408	1.1536762	0.1510649	0.7047694	0.9795704	-0.3107701	0.6962451	0.9267705	-0.2364538	0.7108013	1.2041959	-0.1029952	0.8052744	1.1963659	-0.1097086
198	3.2833333	0.4651100	1.2179490	-0.0077500	0.4786800	1.2113990	0.1636200	0.6501100	0.9774590	0.2683300	0.7637400	1.1803890	0.1469800	0.4676100	1.2245690	-0.1793800	0.6879100	1.0158690	-0.2695100	0.7525600	1.2138690	-0.1295200	0.2366700	0.7939990	-0.0149900	0.2565400	0.7901890	0.0924700	0.5386700	0.5432590	0.0558300	0.4245500	0.0818590	0.0499500	0.2341800	0.7951190	-0.1327500	0.5457800	0.5339390	-0.1980200	0.4358200	0.0915990	-0.2138400	0.6199400	0.0697090	-0.2094900	0.5855600	0.0687090	-0.2477800	0.3808000	0.0357990	-0.2084200	0.5968800	0.0576090	0.0612000	0.5699500	0.0558890	0.0974300	0.3784700	0.0354790	0.0474700	0.3166346	0.8414797	0.1443435	0.3025960	0.8467514	-0.1772011	0.1138211	0.9114846	0.0522404	0.1085868	0.9131511	-0.0737336	0.5507506	0.5418936	0.1344116	0.5435341	0.5484373	0.0039029	0.4179789	0.0917469	0.1060106	0.4275198	0.0992221	0.0030743	0.5604785	0.0692839	0.0683271	0.5156927	0.0622528	0.1352111	0.3328323	0.0561164	0.0382925	0.5320669	0.5518319	-0.2682149	0.5537766	0.5469841	-0.1418042	0.4185911	0.1015942	-0.2568167	0.4520141	0.1001772	-0.1596614	0.5769831	0.0723628	-0.2251843	0.3475060	0.0626293	-0.1924186	0.5189895	0.0706553	-0.2870406	0.5275263	1.2364357	0.1618782	0.5142558	1.2577169	-0.1663801	0.4540249	1.3208535	0.0089449	0.3883069	0.7710029	0.1589252	0.4519982	0.6775490	0.1745199	0.3133930	0.6715472	0.1973646	0.3655796	0.7863586	-0.2279113	0.4256811	0.6936186	-0.2674138	0.2791447	0.6852498	-0.2579791	0.5332136	0.3907104	0.1349512	0.5233619	0.2481041	0.1352138	0.4482858	0.2879598	0.1507468	0.5176665	0.4026801	-0.2791974	0.5110921	0.2646275	-0.2889505	0.4343384	0.2981922	-0.2874522	0.2012900	0.7759549	0.0828642	0.1927211	0.7793264	-0.1111101	0.6598869	0.9640403	0.3198487	0.6545659	0.9156801	0.2373891	0.7214638	1.1953339	0.1198430	0.8122302	1.1833803	0.1495303	0.6957222	1.0058420	-0.3149567	0.6879862	0.9526305	-0.2402659	0.7012167	1.2297179	-0.1068079	0.7957204	1.2222480	-0.1140048
199	3.3000000	0.4603500	1.2392190	-0.0100100	0.4774700	1.2339690	0.1592900	0.6485600	1.0117490	0.2700300	0.7511600	1.2082290	0.1499300	0.4665200	1.2487690	-0.1773300	0.6828000	1.0415790	-0.2727400	0.7280800	1.2356890	-0.1411900	0.2452500	0.8116590	-0.0181300	0.2662200	0.8144090	0.0879600	0.5360100	0.5476890	0.0556600	0.4280600	0.0868090	0.0510900	0.2354700	0.8110490	-0.1365100	0.5376700	0.5337890	-0.1969400	0.4306700	0.0989890	-0.2101800	0.6192800	0.0731690	-0.2089500	0.5854100	0.0749390	-0.2461200	0.3825300	0.0390790	-0.2051400	0.5969800	0.0579790	0.0608300	0.5693000	0.0588290	0.0975200	0.3791400	0.0356590	0.0478200	0.3268244	0.8602714	0.1401508	0.3093002	0.8646640	-0.1812697	0.1217683	0.9289893	0.0500596	0.1151487	0.9304022	-0.0758479	0.5514008	0.5449309	0.1301099	0.5435566	0.5511786	0.0003046	0.4226836	0.0949221	0.1040303	0.4320431	0.1021028	0.0013922	0.5647500	0.0718586	0.0666472	0.5200469	0.0652493	0.1331819	0.3381546	0.0592176	0.0370267	0.5315370	0.5531511	-0.2687666	0.5526486	0.5487858	-0.1428754	0.4225786	0.1035944	-0.2586758	0.4554588	0.1026397	-0.1618825	0.5830223	0.0758822	-0.2252417	0.3507778	0.0641323	-0.1952888	0.5253993	0.0731091	-0.2872865	0.5256217	1.2638076	0.1578084	0.5088842	1.2846545	-0.1719422	0.4481872	1.3457841	0.0048167	0.3979640	0.7807859	0.1547594	0.4581643	0.6848244	0.1702119	0.3197494	0.6850546	0.1937898	0.3736420	0.7944045	-0.2308541	0.4303500	0.6990312	-0.2693279	0.2835506	0.6972707	-0.2591714	0.5342592	0.3942025	0.1313892	0.5259469	0.2517700	0.1321570	0.4507192	0.2910298	0.1476882	0.5180082	0.4047145	-0.2797830	0.5131557	0.2672791	-0.2898855	0.4359983	0.2994202	-0.2885050	0.2109233	0.7935486	0.0801924	0.2002426	0.7963939	-0.1137197	0.6622582	0.9947201	0.3190541	0.6582725	0.9451531	0.2367602	0.7170799	1.2244983	0.1173358	0.8087618	1.2148771	0.1463780	0.6918913	1.0313985	-0.3227204	0.6851248	0.9787972	-0.2482804	0.6929415	1.2556126	-0.1166738	0.7869709	1.2496463	-0.1232262
200	3.3166667	0.4575400	1.2773290	-0.0121000	0.4707600	1.2703590	0.1486700	0.6508100	1.0366990	0.2749700	0.7464500	1.2355190	0.1522700	0.4552100	1.2863690	-0.1759800	0.6714700	1.0658090	-0.2755800	0.7448200	1.2699690	-0.1315200	0.2504600	0.8271190	-0.0191100	0.2697200	0.8241890	0.0911400	0.5372500	0.5465590	0.0559700	0.4282900	0.0868390	0.0523500	0.2391600	0.8254690	-0.1368200	0.5375600	0.5358090	-0.1956000	0.4269000	0.0978890	-0.2087400	0.6192000	0.0772390	-0.2063700	0.5887000	0.0796290	-0.2431900	0.3769900	0.0394490	-0.2031700	0.5971800	0.0596290	0.0620600	0.5697000	0.0610190	0.0987600	0.3786100	0.0348190	0.0459800	0.3335615	0.8768971	0.1378506	0.3125127	0.8809017	-0.1830343	0.1262235	0.9446060	0.0502686	0.1182094	0.9459552	-0.0754269	0.5483672	0.5455687	0.1289997	0.5400448	0.5513827	-0.0004600	0.4230873	0.0956208	0.1043559	0.4324561	0.1023692	0.0019466	0.5650195	0.0722859	0.0676343	0.5201685	0.0658920	0.1337818	0.3391388	0.0596667	0.0377681	0.5276859	0.5533847	-0.2673112	0.5485409	0.5495181	-0.1412604	0.4207470	0.1039691	-0.2579312	0.4533519	0.1034902	-0.1611135	0.5835594	0.0783960	-0.2223815	0.3480190	0.0638004	-0.1951962	0.5260200	0.0743911	-0.2850334	0.5185792	1.2918364	0.1540020	0.4978168	1.3123259	-0.1746070	0.4370821	1.3709665	0.0024568	0.4042037	0.7884681	0.1534966	0.4607930	0.6899035	0.1689588	0.3225181	0.6961522	0.1928370	0.3780660	0.8009018	-0.2316885	0.4314691	0.7030645	-0.2692795	0.2844233	0.7074384	-0.2586889	0.5314441	0.3951206	0.1307279	0.5245758	0.2527736	0.1318856	0.4490414	0.2917322	0.1473017	0.5143389	0.4053928	-0.2781754	0.5103997	0.2683498	-0.2885523	0.4329371	0.2993439	-0.2872274	0.2172361	0.8086888	0.0795983	0.2044248	0.8113065	-0.1139995	0.6602122	1.0227125	0.3226612	0.6575031	0.9718080	0.2401581	0.7099368	1.2522319	0.1189767	0.8020789	1.2446303	0.1479973	0.6869131	1.0596284	-0.3246822	0.6794742	1.0069491	-0.2504546	0.6893191	1.2825492	-0.1187365	0.7832288	1.2762717	-0.1248067
201	3.3333333	0.4479800	1.2870290	-0.0113100	0.4701900	1.2819490	0.1515000	0.6416200	1.0676390	0.2747600	0.7439800	1.2671590	0.1499400	0.4459100	1.2966590	-0.1814500	0.6679400	1.0984390	-0.2776200	0.7352500	1.2945390	-0.1345600	0.2609100	0.8389790	-0.0246500	0.2763100	0.8364490	0.0865100	0.5308900	0.5482390	0.0535900	0.4283200	0.0887590	0.0518400	0.2472800	0.8388990	-0.1411100	0.5309500	0.5390490	-0.1925700	0.4259900	0.1012290	-0.2078000	0.6154000	0.0778690	-0.2054500	0.5881100	0.0796090	-0.2435800	0.3772400	0.0429990	-0.2012000	0.6013800	0.0612590	0.0626500	0.5745200	0.0606690	0.0967400	0.3836000	0.0365090	0.0482100	0.3451704	0.8897816	0.1318653	0.3211022	0.8937585	-0.1894648	0.1354306	0.9551911	0.0461224	0.1262223	0.9565818	-0.0797118	0.5486329	0.5441267	0.1246489	0.5402849	0.5494647	-0.0040342	0.4268118	0.0942456	0.1021522	0.4364457	0.1005764	0.0002664	0.5692316	0.0703872	0.0662890	0.5240363	0.0646256	0.1318425	0.3433395	0.0581112	0.0360624	0.5278237	0.5512820	-0.2683266	0.5476441	0.5478765	-0.1425656	0.4210370	0.1027378	-0.2589862	0.4526693	0.1025381	-0.1623324	0.5848302	0.0777223	-0.2216953	0.3472792	0.0625425	-0.1970342	0.5278715	0.0731881	-0.2845354	0.5155078	1.3144537	0.1492035	0.4911619	1.3351767	-0.1800087	0.4301065	1.3906942	-0.0016888	0.4144130	0.7922490	0.1479011	0.4670194	0.6918289	0.1637206	0.3294856	0.7042193	0.1875933	0.3874831	0.8036868	-0.2361592	0.4373076	0.7039288	-0.2723415	0.2908367	0.7146050	-0.2620655	0.5319388	0.3941597	0.1271910	0.5263953	0.2520115	0.1289134	0.4506372	0.2903900	0.1438766	0.5141533	0.4038537	-0.2787746	0.5105464	0.2670315	-0.2889879	0.4330696	0.2976825	-0.2882490	0.2286690	0.8200299	0.0745603	0.2140206	0.8226319	-0.1193051	0.6601450	1.0498358	0.3225937	0.6599630	0.9975995	0.2414284	0.7068241	1.2775084	0.1178001	0.7987436	1.2721171	0.1474170	0.6846606	1.0848779	-0.3297980	0.6768230	1.0319128	-0.2558011	0.6881736	1.3063550	-0.1229738	0.7813084	1.2997611	-0.1289877
202	3.3500000	0.4455000	1.3154790	-0.0117100	0.4684500	1.3154690	0.1501000	0.6393200	1.0940690	0.2775700	0.7367100	1.2837790	0.1505700	0.4356900	1.3176290	-0.1811300	0.6551200	1.1209990	-0.2735100	0.7288000	1.3192390	-0.1332300	0.2614800	0.8539090	-0.0248000	0.2765900	0.8541690	0.0870300	0.5312800	0.5484490	0.0518000	0.4283200	0.0868990	0.0524000	0.2510700	0.8538790	-0.1421900	0.5292400	0.5436690	-0.1917200	0.4216500	0.1033890	-0.2035000	0.6174300	0.0817690	-0.2046900	0.5867500	0.0827790	-0.2407700	0.3697500	0.0421390	-0.2004400	0.6052000	0.0642990	0.0619700	0.5772300	0.0640890	0.0979300	0.3840800	0.0351390	0.0463400	0.3471271	0.9053208	0.1312818	0.3200542	0.9094742	-0.1902952	0.1351806	0.9697359	0.0476914	0.1247858	0.9712398	-0.0782091	0.5409927	0.5462705	0.1252024	0.5325063	0.5512490	-0.0032267	0.4235990	0.0956344	0.1043660	0.4334549	0.1016794	0.0026370	0.5670973	0.0727457	0.0687763	0.5215798	0.0669298	0.1341477	0.3404534	0.0585943	0.0385095	0.5199054	0.5540330	-0.2642606	0.5390996	0.5510565	-0.1379973	0.4127827	0.1055720	-0.2547979	0.4439463	0.1057970	-0.1577502	0.5784008	0.0819355	-0.2163203	0.3378902	0.0649970	-0.1930853	0.5215615	0.0766722	-0.2797046	0.5055077	1.3402933	0.1486028	0.4761815	1.3597078	-0.1806512	0.4156359	1.4137241	-0.0010637	0.4155212	0.8002615	0.1477498	0.4646901	0.6976738	0.1637878	0.3272805	0.7153136	0.1878224	0.3874511	0.8112945	-0.2352700	0.4342290	0.7096174	-0.2702976	0.2876534	0.7254231	-0.2608457	0.5249715	0.3964685	0.1283168	0.5211742	0.2544218	0.1305394	0.4448844	0.2918941	0.1452436	0.5058354	0.4068354	-0.2743872	0.5025075	0.2701556	-0.2845157	0.4245581	0.3003213	-0.2841863	0.2301295	0.8345697	0.0748180	0.2136555	0.8372881	-0.1191932	0.6515050	1.0774154	0.3278248	0.6524317	1.0240355	0.2474435	0.6963581	1.3022630	0.1212860	0.7876131	1.2977843	0.1503787	0.6731738	1.1123674	-0.3271000	0.6648475	1.0596297	-0.2531914	0.6790822	1.3331347	-0.1204108	0.7714594	1.3255269	-0.1261232
203	3.3666667	0.4334500	1.3297790	-0.0045500	0.4643400	1.3280190	0.1549900	0.6357800	1.1182590	0.2798400	0.7351100	1.3158090	0.1511100	0.4277700	1.3397490	-0.1767700	0.6461800	1.1442190	-0.2726500	0.7131200	1.3417790	-0.1405600	0.2644600	0.8653190	-0.0262900	0.2753700	0.8643890	0.0871600	0.5262100	0.5468390	0.0529400	0.4238900	0.0873690	0.0487200	0.2555600	0.8654390	-0.1440400	0.5213500	0.5437390	-0.1931200	0.4203400	0.1065590	-0.2037100	0.6134900	0.0781590	-0.2007600	0.5822900	0.0811590	-0.2397800	0.3637400	0.0467190	-0.1982700	0.6055600	0.0697590	0.0651900	0.5725000	0.0641490	0.0966100	0.3794500	0.0357290	0.0453300	0.3505829	0.9170866	0.1303042	0.3223578	0.9220152	-0.1922439	0.1366530	0.9801640	0.0474134	0.1258171	0.9819658	-0.0788212	0.5354821	0.5457049	0.1250824	0.5276039	0.5507758	-0.0031088	0.4216502	0.0949537	0.1042017	0.4323025	0.1010850	0.0028386	0.5666335	0.0732977	0.0697335	0.5203395	0.0675147	0.1345373	0.3388636	0.0572268	0.0380337	0.5145717	0.5543627	-0.2618371	0.5327594	0.5515364	-0.1353903	0.4074837	0.1062605	-0.2528214	0.4377641	0.1066218	-0.1556618	0.5743849	0.0821045	-0.2128686	0.3313946	0.0659886	-0.1918384	0.5178847	0.0765553	-0.2766804	0.4978233	1.3604247	0.1500799	0.4647059	1.3806684	-0.1800547	0.4041713	1.4319817	0.0010098	0.4179767	0.8042591	0.1470746	0.4638460	0.6999311	0.1632782	0.3264781	0.7227716	0.1868094	0.3903047	0.8157541	-0.2357049	0.4339740	0.7124977	-0.2696596	0.2875783	0.7334373	-0.2612065	0.5198013	0.3962940	0.1283595	0.5173723	0.2545021	0.1307272	0.4405814	0.2910469	0.1446311	0.5001751	0.4074999	-0.2717588	0.4971832	0.2708962	-0.2818697	0.4190329	0.3008502	-0.2821537	0.2334185	0.8453653	0.0736545	0.2162291	0.8485493	-0.1209387	0.6488127	1.1026496	0.3310473	0.6509600	1.0485316	0.2518884	0.6919130	1.3257409	0.1239115	0.7823626	1.3222945	0.1523467	0.6631082	1.1347956	-0.3268555	0.6548357	1.0823488	-0.2525975	0.6707407	1.3566730	-0.1214253	0.7618282	1.3487824	-0.1274395
204	3.3833333	0.4313900	1.3598990	-0.0047100	0.4544900	1.3551490	0.1503200	0.6281000	1.1442090	0.2757800	0.7302500	1.3405490	0.1484600	0.4240800	1.3612090	-0.1796800	0.6326000	1.1685890	-0.2746000	0.7097000	1.3642290	-0.1411900	0.2638500	0.8811190	-0.0274100	0.2775800	0.8803790	0.0859100	0.5195400	0.5487290	0.0541100	0.4234800	0.0909090	0.0493300	0.2584400	0.8830590	-0.1487300	0.5201500	0.5431590	-0.1914400	0.4173300	0.1075090	-0.2051200	0.6042200	0.0758290	-0.1941700	0.5743700	0.0817490	-0.2388400	0.3578000	0.0543490	-0.1943300	0.6027400	0.0719890	0.0686200	0.5730100	0.0681990	0.0973100	0.3736900	0.0354290	0.0406800	0.3503263	0.9332153	0.1300842	0.3219717	0.9386292	-0.1937946	0.1350221	0.9960525	0.0472105	0.1241273	0.9980775	-0.0795129	0.5259325	0.5491664	0.1255308	0.5192190	0.5546862	-0.0025465	0.4164786	0.0979906	0.1035251	0.4284199	0.1045130	0.0025381	0.5636091	0.0778237	0.0707920	0.5160945	0.0716663	0.1348683	0.3343676	0.0595295	0.0365202	0.5078813	0.5594150	-0.2590889	0.5251061	0.5566667	-0.1321314	0.3996123	0.1119393	-0.2503975	0.4290894	0.1123891	-0.1528646	0.5666684	0.0858651	-0.2091184	0.3226131	0.0727291	-0.1899333	0.5108487	0.0804739	-0.2733449	0.4884496	1.3848282	0.1505792	0.4527269	1.4045779	-0.1799157	0.3917109	1.4545738	0.0019850	0.4161610	0.8129807	0.1473333	0.4587372	0.7065730	0.1635523	0.3212196	0.7342937	0.1861992	0.3904968	0.8256282	-0.2356701	0.4315525	0.7205115	-0.2686858	0.2847800	0.7458344	-0.2617474	0.5107736	0.4000745	0.1287329	0.5099110	0.2585418	0.1311332	0.4325738	0.2937618	0.1439160	0.4928563	0.4127994	-0.2688583	0.4898441	0.2763964	-0.2789440	0.4114475	0.3062519	-0.2797391	0.2326629	0.8607786	0.0728574	0.2153889	0.8642513	-0.1225376	0.6420794	1.1302929	0.3318134	0.6446359	1.0755026	0.2532059	0.6855568	1.3518540	0.1244731	0.7749736	1.3481964	0.1521710	0.6508657	1.1597043	-0.3267891	0.6421710	1.1076433	-0.2522191	0.6623331	1.3822931	-0.1223254	0.7521640	1.3731268	-0.1283963
205	3.4000000	0.4228100	1.3734790	-0.0105700	0.4514600	1.3712590	0.1428000	0.6142900	1.1613390	0.2763900	0.7204900	1.3628390	0.1409800	0.4225400	1.3819290	-0.1790500	0.6167800	1.1868690	-0.2818800	0.7052000	1.3896890	-0.1390900	0.2669100	0.8892890	-0.0308500	0.2767100	0.8854690	0.0856000	0.5102700	0.5467790	0.0546900	0.4233300	0.0908890	0.0516100	0.2632300	0.8895990	-0.1506300	0.5115400	0.5448290	-0.1862600	0.4128900	0.1117290	-0.2012700	0.5892300	0.0698490	-0.1841400	0.5625300	0.0752190	-0.2275800	0.3493300	0.0571290	-0.1939500	0.6072200	0.0754090	0.0706500	0.5760100	0.0689390	0.1013800	0.3738600	0.0340790	0.0448800	0.3530176	0.9417607	0.1279391	0.3260091	0.9478667	-0.1975669	0.1369685	1.0042632	0.0440999	0.1265865	1.0066019	-0.0832421	0.5194670	0.5461062	0.1248382	0.5140701	0.5518693	-0.0033090	0.4159299	0.0947223	0.1027515	0.4292556	0.1015678	0.0021999	0.5655335	0.0764770	0.0714246	0.5167997	0.0695495	0.1349128	0.3345434	0.0551980	0.0351830	0.5046627	0.5574253	-0.2575710	0.5200980	0.5547578	-0.1301075	0.3946473	0.1112320	-0.2492598	0.4226642	0.1116811	-0.1513908	0.5600192	0.0815293	-0.2049536	0.3168421	0.0740101	-0.1901027	0.5057457	0.0764997	-0.2698225	0.4824109	1.4015059	0.1486920	0.4459175	1.4213758	-0.1813879	0.3838066	1.4694616	0.0005335	0.4173298	0.8141810	0.1457515	0.4565866	0.7061341	0.1623036	0.3190161	0.7387173	0.1837866	0.3946011	0.8275149	-0.2372162	0.4330126	0.7209230	-0.2691661	0.2865583	0.7509186	-0.2644488	0.5051777	0.3976061	0.1282787	0.5063422	0.2565403	0.1311181	0.4284598	0.2900515	0.1424635	0.4888513	0.4112607	-0.2670823	0.4856408	0.2750197	-0.2769792	0.4072953	0.3051832	-0.2787544	0.2351344	0.8684241	0.0696862	0.2186706	0.8723124	-0.1266989	0.6350283	1.1495747	0.3301338	0.6379288	1.0939117	0.2521522	0.6802616	1.3703491	0.1213079	0.7691300	1.3662617	0.1485879	0.6407804	1.1778090	-0.3301191	0.6319678	1.1258800	-0.2555717	0.6579202	1.4011006	-0.1251462	0.7464843	1.3906454	-0.1314415
206	3.4166667	0.4090700	1.3918090	-0.0176400	0.4328200	1.3883190	0.1390300	0.6086100	1.1831990	0.2707300	0.7083200	1.3835290	0.1440600	0.4132400	1.3986290	-0.1799200	0.6069100	1.2061490	-0.2794500	0.6921200	1.4039890	-0.1348200	0.2717400	0.8948990	-0.0329600	0.2849200	0.8935290	0.0817800	0.4941300	0.5463690	0.0547000	0.4226400	0.0924790	0.0495600	0.2676100	0.8970290	-0.1521500	0.4994700	0.5474290	-0.1867400	0.3994300	0.1110690	-0.1943300	0.5781900	0.0642290	-0.1728400	0.5460900	0.0666390	-0.2146400	0.3381000	0.0562290	-0.1913700	0.6145700	0.0779490	0.0710300	0.5765300	0.0709890	0.1015300	0.3733100	0.0353890	0.0430800	0.3572736	0.9483751	0.1267463	0.3316119	0.9546303	-0.2002403	0.1403733	1.0095087	0.0420488	0.1305095	1.0119372	-0.0858841	0.5110532	0.5412704	0.1254095	0.5070924	0.5471663	-0.0026548	0.4161463	0.0903077	0.1025017	0.4310230	0.0973953	0.0026604	0.5688313	0.0743420	0.0727539	0.5187859	0.0661717	0.1354058	0.3356391	0.0495550	0.0346532	0.4994118	0.5534453	-0.2552214	0.5132813	0.5512370	-0.1272799	0.3875319	0.1085961	-0.2457924	0.4143925	0.1092293	-0.1476992	0.5510727	0.0741132	-0.1969799	0.3093145	0.0740407	-0.1881545	0.4983777	0.0692577	-0.2628242	0.4738743	1.4173975	0.1463962	0.4382821	1.4369503	-0.1825768	0.3740243	1.4825464	-0.0013435	0.4188459	0.8126774	0.1456923	0.4538354	0.7033978	0.1624321	0.3172624	0.7409970	0.1825667	0.3985889	0.8260373	-0.2380789	0.4335535	0.7184555	-0.2688737	0.2887951	0.7532798	-0.2657499	0.4982868	0.3936731	0.1288618	0.5023679	0.2532999	0.1319279	0.4237163	0.2849665	0.1417324	0.4826688	0.4077870	-0.2640197	0.4792074	0.2715614	-0.2733418	0.4010644	0.3022048	-0.2760187	0.2394564	0.8734860	0.0679236	0.2237944	0.8774559	-0.1293618	0.6270582	1.1681465	0.3283560	0.6311502	1.1120591	0.2504077	0.6718557	1.3896698	0.1200429	0.7603709	1.3860391	0.1467684	0.6312808	1.1940527	-0.3301618	0.6215240	1.1423507	-0.2560588	0.6510547	1.4173480	-0.1245310	0.7381817	1.4061709	-0.1302924
207	3.4333333	0.4071300	1.4206490	-0.0234700	0.4268600	1.4145690	0.1374100	0.5981300	1.2001190	0.2728800	0.7001800	1.4002590	0.1358600	0.4083800	1.4222690	-0.1860800	0.6007800	1.2292790	-0.2816800	0.6843800	1.4185290	-0.1298500	0.2752100	0.9084190	-0.0368000	0.2851900	0.9101690	0.0817200	0.4849900	0.5462990	0.0540900	0.4220000	0.0904290	0.0523600	0.2672800	0.9096590	-0.1520200	0.4878500	0.5507190	-0.1857300	0.3767800	0.1109190	-0.1745400	0.5595400	0.0672890	-0.1669800	0.5263300	0.0678690	-0.2113600	0.3130000	0.0618090	-0.1747500	0.6012200	0.0775290	0.0678800	0.5662300	0.0726990	0.0997800	0.3730800	0.0353290	0.0474500	0.3610792	0.9629794	0.1235471	0.3353969	0.9685007	-0.2050065	0.1433837	1.0235490	0.0385833	0.1334849	1.0258075	-0.0899990	0.4997191	0.5438947	0.1243378	0.4969785	0.5494744	-0.0034226	0.4127148	0.0929666	0.1017231	0.4288836	0.0998577	0.0025786	0.5666729	0.0783443	0.0722188	0.5157996	0.0693179	0.1342033	0.3337718	0.0513099	0.0344569	0.4899153	0.5559226	-0.2538185	0.5033961	0.5549194	-0.1260017	0.3724607	0.1131147	-0.2386815	0.3990560	0.1145139	-0.1409238	0.5346921	0.0747790	-0.1887926	0.2939994	0.0816365	-0.1812017	0.4826242	0.0700158	-0.2542945	0.4647299	1.4419268	0.1430665	0.4292774	1.4607258	-0.1867445	0.3627683	1.5043336	-0.0053393	0.4188169	0.8190553	0.1435307	0.4490275	0.7085204	0.1605530	0.3139712	0.7518463	0.1796494	0.3990828	0.8309078	-0.2412394	0.4300677	0.7222486	-0.2702260	0.2875200	0.7625767	-0.2677251	0.4882626	0.3972018	0.1280016	0.4949753	0.2573437	0.1313439	0.4158615	0.2873116	0.1402064	0.4710715	0.4107338	-0.2605136	0.4660046	0.2744598	-0.2680533	0.3883528	0.3061416	-0.2712813	0.2427618	0.8869177	0.0646118	0.2270796	0.8904522	-0.1336327	0.6160840	1.1907986	0.3253557	0.6197833	1.1342464	0.2474864	0.6616959	1.4117678	0.1157803	0.7498172	1.4074006	0.1420741	0.6225615	1.2164470	-0.3312142	0.6108275	1.1646315	-0.2579400	0.6440125	1.4380679	-0.1231268	0.7298816	1.4252279	-0.1279831
208	3.4500000	0.3905800	1.4262390	-0.0239700	0.4211900	1.4256990	0.1375500	0.5843500	1.2186590	0.2735800	0.6934900	1.4124490	0.1367800	0.4045600	1.4372390	-0.1866100	0.5903400	1.2415090	-0.2857300	0.6801300	1.4285990	-0.1303600	0.2833700	0.9262390	-0.0441200	0.2916100	0.9247390	0.0758400	0.4728900	0.5423490	0.0546200	0.4181300	0.0965190	0.0501500	0.2742300	0.9238390	-0.1577400	0.4838100	0.5518290	-0.1866500	0.3561500	0.1149790	-0.1714400	0.5345900	0.0659790	-0.1603500	0.4995000	0.0641990	-0.2028800	0.3057400	0.0687290	-0.1679100	0.6047100	0.0837990	0.0703500	0.5670900	0.0763090	0.1005700	0.3683000	0.0394190	0.0435200	0.3686834	0.9823759	0.1170519	0.3436221	0.9870051	-0.2125173	0.1503329	1.0399068	0.0314499	0.1406983	1.0418448	-0.0975721	0.4898610	0.5488098	0.1206910	0.4892557	0.5542972	-0.0066836	0.4110544	0.0976852	0.0981430	0.4293546	0.1045634	0.0000765	0.5675999	0.0841540	0.0700452	0.5153220	0.0741392	0.1309660	0.3334322	0.0550224	0.0308846	0.4831777	0.5604787	-0.2549500	0.4965690	0.5608602	-0.1274225	0.3578105	0.1205120	-0.2331270	0.3843074	0.1227171	-0.1358472	0.5166922	0.0766554	-0.1824382	0.2796754	0.0928155	-0.1756520	0.4653821	0.0725632	-0.2473372	0.4572883	1.4675010	0.1383925	0.4235607	1.4869457	-0.1922597	0.3543744	1.5272040	-0.0109186	0.4220900	0.8275624	0.1387157	0.4466171	0.7158181	0.1559753	0.3135270	0.7661936	0.1730639	0.4041556	0.8381988	-0.2474827	0.4303852	0.7283001	-0.2744042	0.2902364	0.7751819	-0.2727349	0.4796312	0.4031068	0.1248185	0.4890295	0.2637653	0.1286940	0.4092608	0.2917859	0.1355308	0.4614443	0.4159212	-0.2592401	0.4540114	0.2796467	-0.2647374	0.3770887	0.3127029	-0.2684820	0.2507947	0.9044210	0.0574329	0.2354654	0.9073916	-0.1414312	0.6046383	1.2118370	0.3227232	0.6077549	1.1545344	0.2449031	0.6551581	1.4307072	0.1113356	0.7429044	1.4241831	0.1381852	0.6157094	1.2361076	-0.3345417	0.6007021	1.1842805	-0.2624137	0.6406952	1.4550877	-0.1236430	0.7249760	1.4388058	-0.1273362
209	3.4666667	0.3839500	1.4530390	-0.0294300	0.4124900	1.4459090	0.1368400	0.5692600	1.2286590	0.2801600	0.6880500	1.4237690	0.1330700	0.3892500	1.4531990	-0.1938500	0.5787300	1.2544790	-0.2927300	0.6761200	1.4417790	-0.1322900	0.2872100	0.9334590	-0.0480400	0.2993100	0.9318590	0.0712100	0.4718500	0.5460390	0.0553000	0.4176800	0.0967290	0.0479900	0.2794400	0.9353890	-0.1602200	0.4717500	0.5475590	-0.1879000	0.3247600	0.1076990	-0.1683300	0.5117700	0.0644690	-0.1538500	0.4862200	0.0652490	-0.1986700	0.2930800	0.0647390	-0.1645100	0.6012400	0.0831290	0.0741200	0.5636300	0.0801790	0.1056500	0.3680500	0.0409890	0.0413800	0.3718467	0.9912275	0.1136119	0.3471850	0.9949839	-0.2168850	0.1527543	1.0457584	0.0279377	0.1432779	1.0474024	-0.1014803	0.4787765	0.5459689	0.1208036	0.4802553	0.5510821	-0.0063795	0.4059065	0.0951503	0.0980020	0.4261721	0.1018151	0.0007543	0.5637221	0.0825463	0.0724699	0.5101880	0.0720621	0.1322157	0.3298208	0.0519910	0.0301961	0.4704221	0.5551416	-0.2534426	0.4840729	0.5566630	-0.1258157	0.3366468	0.1175634	-0.2255780	0.3633702	0.1202803	-0.1284442	0.4933872	0.0712981	-0.1740755	0.2586020	0.0920349	-0.1676486	0.4422393	0.0669715	-0.2387536	0.4457655	1.4841865	0.1361982	0.4128823	1.5027416	-0.1956272	0.3411887	1.5404611	-0.0139789	0.4219266	0.8277607	0.1378123	0.4416716	0.7150321	0.1553264	0.3101316	0.7707707	0.1701744	0.4041176	0.8351674	-0.2505029	0.4251888	0.7242460	-0.2756445	0.2878514	0.7776899	-0.2748487	0.4692981	0.4010193	0.1251241	0.4806342	0.2622092	0.1294565	0.4004216	0.2889935	0.1346521	0.4456412	0.4112036	-0.2556652	0.4357408	0.2748287	-0.2593570	0.3593155	0.3092179	-0.2634294	0.2546678	0.9112927	0.0537883	0.2395637	0.9137254	-0.1456390	0.5878320	1.2227633	0.3251822	0.5895373	1.1642155	0.2478474	0.6446924	1.4387535	0.1103747	0.7317518	1.4290923	0.1376375	0.6035450	1.2478547	-0.3375144	0.5860664	1.1951238	-0.2660693	0.6334039	1.4635799	-0.1223273	0.7168237	1.4440683	-0.1253028
210	3.4833333	0.3799400	1.4661090	-0.0296200	0.4022800	1.4574690	0.1339700	0.5652800	1.2446490	0.2818500	0.6842500	1.4310890	0.1380500	0.3757400	1.4697090	-0.1963500	0.5628700	1.2685790	-0.2956100	0.6747200	1.4514290	-0.1338900	0.2962200	0.9400990	-0.0551500	0.3029500	0.9362590	0.0695500	0.4622300	0.5444290	0.0536500	0.4175200	0.1000590	0.0498900	0.2931900	0.9404190	-0.1661500	0.4608200	0.5516090	-0.1873700	0.3164600	0.1200490	-0.1646700	0.4868500	0.0597990	-0.1439500	0.4561400	0.0605090	-0.1830900	0.2627800	0.0760790	-0.1486700	0.5928800	0.0815690	0.0743900	0.5595700	0.0791590	0.1076800	0.3727000	0.0458490	0.0427500	0.3802775	0.9994093	0.1077071	0.3561900	1.0028935	-0.2246741	0.1598148	1.0504695	0.0215480	0.1505768	1.0520603	-0.1086370	0.4716598	0.5436453	0.1186320	0.4757168	0.5481824	-0.0080886	0.4045517	0.0940147	0.0967219	0.4269972	0.1002943	0.0006253	0.5625136	0.0804872	0.0735367	0.5079899	0.0701017	0.1319696	0.3306907	0.0512277	0.0287939	0.4624436	0.5506282	-0.2548931	0.4762477	0.5536924	-0.1273299	0.3175810	0.1181847	-0.2186744	0.3444885	0.1215701	-0.1219073	0.4707392	0.0672542	-0.1658969	0.2399090	0.0965649	-0.1605152	0.4199299	0.0629212	-0.2301755	0.4377522	1.4991294	0.1329094	0.4053776	1.5180976	-0.2009071	0.3311010	1.5518950	-0.0185019	0.4258518	0.8272388	0.1343269	0.4406514	0.7140595	0.1521612	0.3110832	0.7752228	0.1643197	0.4086292	0.8315761	-0.2568883	0.4246443	0.7201041	-0.2800832	0.2906331	0.7799110	-0.2801463	0.4627119	0.3999321	0.1234567	0.4757187	0.2619651	0.1287053	0.3955762	0.2872997	0.1318113	0.4336770	0.4079023	-0.2542798	0.4203112	0.2717599	-0.2554273	0.3450246	0.3084311	-0.2600377	0.2635422	0.9172710	0.0471381	0.2487748	0.9195366	-0.1534387	0.5777818	1.2346229	0.3270323	0.5790271	1.1746027	0.2510206	0.6413161	1.4471617	0.1093351	0.7274441	1.4348588	0.1376648	0.5933379	1.2598632	-0.3428342	0.5731685	1.2061820	-0.2722993	0.6314351	1.4711864	-0.1239095	0.7133740	1.4478608	-0.1272854
211	3.5000000	0.3793200	1.4708190	-0.0293900	0.3930100	1.4642890	0.1365800	0.5578000	1.2553590	0.2827900	0.6738300	1.4301290	0.1420000	0.3741100	1.4860390	-0.1991900	0.5539500	1.2737890	-0.2969200	0.6677000	1.4552190	-0.1353300	0.2954200	0.9439790	-0.0568900	0.3024900	0.9435890	0.0662600	0.4614000	0.5499390	0.0532500	0.4132900	0.0988290	0.0517100	0.2934700	0.9471590	-0.1693500	0.4548200	0.5562190	-0.1824200	0.3057300	0.1191190	-0.1620700	0.4700500	0.0565790	-0.1432700	0.4344000	0.0554990	-0.1839300	0.2533100	0.0771890	-0.1467500	0.5877900	0.0888690	0.0682300	0.5548300	0.0810290	0.1054900	0.3770500	0.0500090	0.0468600	0.3783545	1.0048576	0.1068594	0.3557549	1.0074365	-0.2267107	0.1575693	1.0531246	0.0197360	0.1489156	1.0543458	-0.1109307	0.4602048	0.5424887	0.1204592	0.4655074	0.5466536	-0.0062446	0.3982360	0.0941868	0.0991921	0.4218162	0.1002621	0.0037861	0.5548419	0.0811591	0.0758612	0.5005959	0.0701400	0.1339211	0.3261539	0.0516209	0.0316111	0.4494439	0.5472151	-0.2516163	0.4635916	0.5510798	-0.1231105	0.2957225	0.1180672	-0.2103802	0.3229934	0.1217700	-0.1131977	0.4445725	0.0637126	-0.1570117	0.2188325	0.0995154	-0.1516189	0.3943389	0.0597727	-0.2213366	0.4240625	1.5095181	0.1339298	0.3934799	1.5293240	-0.2009855	0.3167801	1.5603592	-0.0186644	0.4214034	0.8268528	0.1349390	0.4332024	0.7135194	0.1531421	0.3051943	0.7779999	0.1635979	0.4051805	0.8286735	-0.2577524	0.4173444	0.7169189	-0.2794790	0.2853621	0.7808280	-0.2811424	0.4520510	0.3997485	0.1255248	0.4665479	0.2625657	0.1314348	0.3864979	0.2867258	0.1332627	0.4175708	0.4052260	-0.2492209	0.4015674	0.2692442	-0.2488877	0.3267049	0.3075262	-0.2540078	0.2624065	0.9208527	0.0455897	0.2485239	0.9225641	-0.1556980	0.5625990	1.2425026	0.3330360	0.5630174	1.1814295	0.2580531	0.6313805	1.4512902	0.1131334	0.7166660	1.4365671	0.1416425	0.5775397	1.2683061	-0.3433284	0.5552492	1.2137807	-0.2733748	0.6233262	1.4753479	-0.1221072	0.7040733	1.4486616	-0.1256891
212	3.5166667	0.3748200	1.4791090	-0.0311900	0.3788000	1.4764990	0.1358600	0.5343600	1.2597890	0.2781800	0.6665700	1.4348490	0.1432700	0.3661900	1.4950390	-0.2018200	0.5344700	1.2799990	-0.2963600	0.6668500	1.4510590	-0.1377900	0.2956900	0.9534190	-0.0571100	0.3060900	0.9498290	0.0648000	0.4616400	0.5501490	0.0511900	0.4127700	0.1004090	0.0517900	0.2973700	0.9547490	-0.1707700	0.4330800	0.5509190	-0.1718700	0.2828300	0.1143090	-0.1472400	0.4445100	0.0507590	-0.1402500	0.4164900	0.0533990	-0.1835700	0.2315800	0.0728090	-0.1428200	0.5924300	0.0969290	0.0697200	0.5558000	0.0852490	0.1061500	0.3717400	0.0560890	0.0462500	0.3778448	1.0154675	0.1077202	0.3567812	1.0174372	-0.2273894	0.1560162	1.0611605	0.0190388	0.1479765	1.0621095	-0.1122331	0.4537440	0.5482594	0.1222631	0.4600934	0.5521365	-0.0048748	0.3961165	0.1006107	0.1016103	0.4205515	0.1066671	0.0064285	0.5523690	0.0883251	0.0783728	0.4981828	0.0768758	0.1362092	0.3250664	0.0580535	0.0339854	0.4346745	0.5477772	-0.2456662	0.4481691	0.5524360	-0.1164790	0.2750721	0.1211708	-0.2025001	0.3021050	0.1250731	-0.1051163	0.4212344	0.0643190	-0.1496175	0.1984642	0.1045168	-0.1433868	0.3715426	0.0607622	-0.2138074	0.4114261	1.5241645	0.1365669	0.3841351	1.5444559	-0.2006488	0.3040007	1.5735015	-0.0183409	0.4192846	0.8333969	0.1364840	0.4291476	0.7198554	0.1548280	0.3018071	0.7864889	0.1643761	0.4026417	0.8298563	-0.2563411	0.4100715	0.7178158	-0.2764067	0.2807124	0.7871575	-0.2801815	0.4463896	0.4061946	0.1275443	0.4621639	0.2696867	0.1339835	0.3820026	0.2926266	0.1349116	0.4004192	0.4065876	-0.2424997	0.3829009	0.2705955	-0.2416370	0.3082128	0.3101542	-0.2469878	0.2621515	0.9300157	0.0456460	0.2491672	0.9313486	-0.1565689	0.5454762	1.2510761	0.3362169	0.5442707	1.1893477	0.2613320	0.6246504	1.4568940	0.1165146	0.7083988	1.4380122	0.1454293	0.5615440	1.2764557	-0.3437894	0.5362493	1.2219738	-0.2735469	0.6206588	1.4790927	-0.1216464	0.6992619	1.4469864	-0.1260700
213	3.5333333	0.3601200	1.4956090	-0.0365600	0.3647700	1.4857590	0.1341700	0.5112100	1.2651990	0.2822300	0.6545000	1.4362090	0.1417200	0.3691700	1.5008790	-0.2034200	0.5152900	1.2845090	-0.2996800	0.6603200	1.4497590	-0.1425000	0.2998100	0.9646490	-0.0587300	0.3068600	0.9642390	0.0619200	0.4570700	0.5519090	0.0518800	0.4118400	0.1036090	0.0511200	0.2977900	0.9678890	-0.1740300	0.4210000	0.5494990	-0.1691600	0.2711700	0.1173490	-0.1383600	0.4268700	0.0509190	-0.1374200	0.3920600	0.0494690	-0.1772700	0.1883600	0.0671790	-0.1271800	0.5957100	0.0983090	0.0675800	0.5521100	0.0858490	0.1048700	0.3666700	0.0556190	0.0442900	0.3810439	1.0282533	0.1067032	0.3612502	1.0287382	-0.2290403	0.1586834	1.0707701	0.0166470	0.1511269	1.0711624	-0.1148811	0.4501992	0.5547465	0.1215447	0.4579036	0.5586071	-0.0060274	0.3960415	0.1063851	0.1008139	0.4216584	0.1125981	0.0057341	0.5535582	0.0943682	0.0772166	0.4987780	0.0821373	0.1350756	0.3254745	0.0635705	0.0330429	0.4213876	0.5483815	-0.2412387	0.4351527	0.5538817	-0.1114913	0.2547853	0.1244464	-0.1954945	0.2823448	0.1285626	-0.0979155	0.4001641	0.0656093	-0.1448350	0.1780962	0.1091395	-0.1353003	0.3500054	0.0623642	-0.2085810	0.4008835	1.5392706	0.1364070	0.3793016	1.5593992	-0.2025575	0.2947201	1.5869903	-0.0212808	0.4209080	0.8409966	0.1363154	0.4284411	0.7271141	0.1544604	0.3017568	0.7965279	0.1631512	0.4028987	0.8313210	-0.2567667	0.4048512	0.7189036	-0.2750131	0.2784337	0.7946241	-0.2802397	0.4434784	0.4129660	0.1269512	0.4603949	0.2766672	0.1337303	0.3797072	0.2984248	0.1337091	0.3843509	0.4080655	-0.2372515	0.3649897	0.2720802	-0.2357846	0.2902644	0.3128916	-0.2409708	0.2659593	0.9412415	0.0440326	0.2537309	0.9416618	-0.1585636	0.5264972	1.2589792	0.3377608	0.5230172	1.1966440	0.2622575	0.6173065	1.4606082	0.1172288	0.6999969	1.4364260	0.1468898	0.5458489	1.2819385	-0.3472954	0.5174894	1.2279313	-0.2762704	0.6202185	1.4806193	-0.1247137	0.6963518	1.4423045	-0.1293594
214	3.5500000	0.3468100	1.5069790	-0.0384400	0.3602400	1.4906890	0.1323500	0.4990800	1.2685490	0.2839400	0.6428200	1.4322090	0.1415000	0.3474200	1.5096790	-0.2005000	0.5023600	1.2878990	-0.3055800	0.6525300	1.4429390	-0.1494300	0.3001100	0.9701490	-0.0594400	0.3064600	0.9679390	0.0623400	0.4461200	0.5539590	0.0460700	0.4084700	0.1043890	0.0536500	0.3011200	0.9758990	-0.1828600	0.4040600	0.5485190	-0.1757200	0.2650300	0.1068190	-0.1388500	0.4196700	0.0503490	-0.1314500	0.3905900	0.0493290	-0.1725900	0.1722400	0.0527290	-0.1223400	0.5915000	0.0980390	0.0712800	0.5476300	0.0880790	0.1092300	0.3729300	0.0594090	0.0417300	0.3804503	1.0351951	0.1064198	0.3612296	1.0343960	-0.2301565	0.1573443	1.0743749	0.0156401	0.1499838	1.0742789	-0.1162634	0.4423936	0.5556855	0.1207598	0.4512879	0.5597145	-0.0074372	0.3938832	0.1067776	0.1003924	0.4207700	0.1132171	0.0055333	0.5516721	0.0954877	0.0772802	0.4964562	0.0826596	0.1350068	0.3244970	0.0637625	0.0323153	0.4034295	0.5443229	-0.2384095	0.4179667	0.5505495	-0.1075245	0.2369996	0.1192271	-0.1902948	0.2655913	0.1238439	-0.0921820	0.3837766	0.0621703	-0.1408267	0.1602206	0.1031908	-0.1287788	0.3328210	0.0580264	-0.2046647	0.3875016	1.5477401	0.1354467	0.3684111	1.5675479	-0.2032027	0.2815756	1.5936875	-0.0227769	0.4188432	0.8425055	0.1372686	0.4238855	0.7284716	0.1547299	0.2980865	0.8008106	0.1625552	0.3989210	0.8277298	-0.2573295	0.3952123	0.7151094	-0.2744413	0.2715788	0.7968009	-0.2806544	0.4367394	0.4143639	0.1261984	0.4555296	0.2782638	0.1336657	0.3743277	0.2987508	0.1324603	0.3657776	0.4043753	-0.2337026	0.3470619	0.2679918	-0.2318145	0.2712477	0.3082159	-0.2367219	0.2662799	0.9466547	0.0435354	0.2543956	0.9462947	-0.1595615	0.5076449	1.2611707	0.3388204	0.5013041	1.1986108	0.2634080	0.6067147	1.4582811	0.1171668	0.6883359	1.4293423	0.1464852	0.5256316	1.2828878	-0.3528855	0.4953649	1.2287166	-0.2807533	0.6150724	1.4757866	-0.1293138	0.6890002	1.4318934	-0.1349791
215	3.5666667	0.3404100	1.5081090	-0.0410200	0.3563200	1.4939190	0.1326000	0.4914600	1.2687090	0.2844200	0.6347400	1.4317290	0.1364500	0.3333400	1.5111290	-0.2094000	0.4940100	1.2860290	-0.3055200	0.6545900	1.4332290	-0.1478500	0.2996700	0.9722690	-0.0610300	0.3108700	0.9708990	0.0575200	0.4357400	0.5497990	0.0398600	0.4086600	0.1078290	0.0526700	0.3018600	0.9765390	-0.1853300	0.3919200	0.5406890	-0.1742300	0.2580600	0.1050790	-0.1385700	0.4187800	0.0523190	-0.1315000	0.3901700	0.0510690	-0.1733500	0.1566300	0.0364090	-0.1123500	0.5957800	0.0998990	0.0725800	0.5507200	0.0893790	0.1073900	0.3735500	0.0631190	0.0423800	0.3802850	1.0387388	0.1049435	0.3599214	1.0363859	-0.2324821	0.1554694	1.0747447	0.0144222	0.1476693	1.0740531	-0.1178326	0.4345982	0.5541392	0.1181730	0.4441610	0.5582038	-0.0105933	0.3935153	0.1052660	0.0993552	0.4212285	0.1119080	0.0045397	0.5523547	0.0952839	0.0766308	0.4968262	0.0818640	0.1344539	0.3251933	0.0615858	0.0310730	0.3866218	0.5378947	-0.2364383	0.4018825	0.5449223	-0.1045563	0.2240306	0.1114039	-0.1862287	0.2536191	0.1166535	-0.0877105	0.3743926	0.0593831	-0.1389737	0.1468799	0.0927797	-0.1232417	0.3221601	0.0534975	-0.2025516	0.3764037	1.5519492	0.1329736	0.3571072	1.5707598	-0.2058662	0.2691485	1.5963908	-0.0254190	0.4167303	0.8414312	0.1367212	0.4194124	0.7272809	0.1534394	0.2946232	0.8021529	0.1610266	0.3943232	0.8215673	-0.2586807	0.3856548	0.7088053	-0.2746698	0.2642796	0.7957939	-0.2816670	0.4304524	0.4135493	0.1239374	0.4516611	0.2779312	0.1323091	0.3701267	0.2968396	0.1303183	0.3494402	0.3984266	-0.2310761	0.3324827	0.2618411	-0.2289232	0.2553804	0.3007858	-0.2333311	0.2662300	0.9488446	0.0423573	0.2536626	0.9475413	-0.1612609	0.4944138	1.2614489	0.3377721	0.4851673	1.1988540	0.2633730	0.5974979	1.4546296	0.1143311	0.6783278	1.4224816	0.1428668	0.5101532	1.2816956	-0.3572776	0.4779563	1.2271255	-0.2838518	0.6132206	1.4671981	-0.1324819	0.6849106	1.4181813	-0.1390329
216	3.5833333	0.3402200	1.5111390	-0.0412300	0.3556400	1.4971590	0.1324700	0.4641100	1.2670490	0.2770100	0.6354300	1.4182090	0.1391600	0.3339100	1.5164890	-0.2105500	0.4774400	1.2832190	-0.3106600	0.6459100	1.4228390	-0.1543000	0.3041600	0.9761790	-0.0635300	0.3106800	0.9744590	0.0535400	0.4314800	0.5504190	0.0389800	0.4093600	0.1045390	0.0533900	0.3011600	0.9759290	-0.1851400	0.3732800	0.5346390	-0.1689400	0.2589700	0.1014190	-0.1391100	0.4185600	0.0541090	-0.1318500	0.3865500	0.0497290	-0.1714500	0.1640700	0.0326290	-0.1125400	0.5948700	0.1030290	0.0704500	0.5570100	0.0957890	0.1054700	0.3720200	0.0603790	0.0464800	0.3850079	1.0440259	0.1021228	0.3632108	1.0399799	-0.2356934	0.1590092	1.0771190	0.0123932	0.1506630	1.0757922	-0.1200238	0.4315100	0.5541490	0.1146204	0.4410627	0.5580218	-0.0145063	0.3964100	0.1061968	0.0985444	0.4244053	0.1128206	0.0037943	0.5564133	0.0978042	0.0752733	0.5007364	0.0838976	0.1333812	0.3287078	0.0614969	0.0306951	0.3742827	0.5341795	-0.2347815	0.3898510	0.5419081	-0.1024450	0.2209019	0.1060976	-0.1837874	0.2510675	0.1120156	-0.0852689	0.3744665	0.0600617	-0.1386033	0.1439594	0.0841401	-0.1199400	0.3215846	0.0519571	-0.2016107	0.3721701	1.5566683	0.1302073	0.3524183	1.5750885	-0.2090815	0.2636762	1.5999800	-0.0282779	0.4197550	0.8418394	0.1344562	0.4200239	0.7276487	0.1507154	0.2967123	0.8055462	0.1585724	0.3941209	0.8175658	-0.2600439	0.3805995	0.7048771	-0.2749522	0.2622091	0.7969819	-0.2829107	0.4284623	0.4146130	0.1210568	0.4516020	0.2797033	0.1304457	0.3700970	0.2971353	0.1281000	0.3390809	0.3953982	-0.2291227	0.3254276	0.2588477	-0.2270169	0.2472191	0.2956923	-0.2308826	0.2713041	0.9529367	0.0402416	0.2578851	0.9506033	-0.1636261	0.4783875	1.2600545	0.3346020	0.4665667	1.1981360	0.2600107	0.5972154	1.4465266	0.1125312	0.6747232	1.4089481	0.1417976	0.4967341	1.2795047	-0.3626114	0.4626773	1.2258432	-0.2877025	0.6143258	1.4590197	-0.1383670	0.6824107	1.4047521	-0.1448410
217	3.6000000	0.3397000	1.5118290	-0.0412600	0.3517300	1.4992990	0.1346300	0.4498800	1.2658590	0.2780700	0.6281600	1.4021490	0.1346200	0.3286600	1.5153190	-0.2153800	0.4563800	1.2825990	-0.3134100	0.6444000	1.4063990	-0.1530600	0.3029400	0.9778290	-0.0626400	0.3142100	0.9767690	0.0511000	0.4263800	0.5472190	0.0394100	0.4088700	0.1044190	0.0532700	0.3015100	0.9781090	-0.1850800	0.3606800	0.5294190	-0.1614500	0.2582100	0.1011990	-0.1391800	0.4186800	0.0541190	-0.1320400	0.3861800	0.0496790	-0.1718400	0.1709700	0.0357990	-0.1180800	0.5907100	0.1004390	0.0706700	0.5502200	0.0947390	0.1074900	0.3736000	0.0622890	0.0518200	0.3838449	1.0468037	0.1027487	0.3609593	1.0415309	-0.2354505	0.1567940	1.0774238	0.0135964	0.1480448	1.0756110	-0.1189484	0.4244030	0.5522460	0.1145827	0.4338241	0.5559886	-0.0147206	0.3944384	0.1060653	0.1009599	0.4225497	0.1127278	0.0063001	0.5545679	0.0986390	0.0771418	0.4990012	0.0847733	0.1353620	0.3276365	0.0609250	0.0335723	0.3605640	0.5303838	-0.2306618	0.3758012	0.5384548	-0.0976603	0.2185583	0.1007887	-0.1812832	0.2487083	0.1071777	-0.0825372	0.3742755	0.0597609	-0.1372313	0.1420407	0.0760586	-0.1170787	0.3213775	0.0500835	-0.2001167	0.3651746	1.5584702	0.1309944	0.3447630	1.5764183	-0.2095951	0.2555495	1.6008147	-0.0280481	0.4172850	0.8405112	0.1352511	0.4157594	0.7261630	0.1512390	0.2938102	0.8065397	0.1594973	0.3896883	0.8138030	-0.2576387	0.3725928	0.7010891	-0.2720402	0.2565764	0.7967232	-0.2814405	0.4222066	0.4139175	0.1216261	0.4469193	0.2799614	0.1319393	0.3657770	0.2960101	0.1292900	0.3279774	0.3922915	-0.2253691	0.3181743	0.2560141	-0.2238919	0.2392235	0.2904544	-0.2275724	0.2705630	0.9546434	0.0414839	0.2565068	0.9515712	-0.1626220	0.4605676	1.2558335	0.3343266	0.4444499	1.1949635	0.2595653	0.5922512	1.4340969	0.1117896	0.6669878	1.3903777	0.1404996	0.4776358	1.2760134	-0.3645857	0.4413021	1.2233488	-0.2890404	0.6117418	1.4455541	-0.1398463	0.6751289	1.3857437	-0.1466442
218	3.6166667	0.3357100	1.5114290	-0.0455700	0.3553700	1.4985390	0.1326700	0.4308100	1.2594290	0.2810300	0.6247200	1.3949190	0.1334800	0.3252100	1.5150290	-0.2137000	0.4391800	1.2765590	-0.3111200	0.6295800	1.3903390	-0.1619300	0.3030500	0.9814790	-0.0633700	0.3139200	0.9787690	0.0515300	0.4259100	0.5486790	0.0377700	0.4091500	0.1043090	0.0532800	0.3006800	0.9792990	-0.1849500	0.3567200	0.5268690	-0.1627000	0.2557500	0.0981590	-0.1375900	0.4139100	0.0560690	-0.1286200	0.3855400	0.0516690	-0.1714200	0.1780100	0.0365090	-0.1230700	0.5906800	0.1002790	0.0709000	0.5498100	0.0930590	0.1072900	0.3692400	0.0608290	0.0478700	0.3842892	1.0511964	0.1017693	0.3600007	1.0451490	-0.2366929	0.1561791	1.0798696	0.0133723	0.1469133	1.0777272	-0.1192265	0.4207706	0.5530126	0.1127532	0.4301145	0.5566263	-0.0167265	0.3934853	0.1079162	0.1011644	0.4216692	0.1145830	0.0064646	0.5539750	0.1006375	0.0771028	0.4982929	0.0872822	0.1353415	0.3272257	0.0626084	0.0340184	0.3519395	0.5297416	-0.2291422	0.3663070	0.5379658	-0.0958648	0.2200896	0.0993394	-0.1816132	0.2496527	0.1060634	-0.0828067	0.3766099	0.0623591	-0.1379583	0.1440853	0.0722922	-0.1176230	0.3243103	0.0514297	-0.2007347	0.3623154	1.5611916	0.1300816	0.3397822	1.5788489	-0.2115908	0.2510518	1.6028648	-0.0289719	0.4168709	0.8417651	0.1341374	0.4140920	0.7272703	0.1499274	0.2930052	0.8096309	0.1588009	0.3876622	0.8135364	-0.2567149	0.3681656	0.7006744	-0.2709900	0.2539696	0.7989654	-0.2816975	0.4188537	0.4155395	0.1203007	0.4443715	0.2822478	0.1313116	0.3636432	0.2972564	0.1285592	0.3217292	0.3923569	-0.2243317	0.3152244	0.2565272	-0.2234300	0.2360487	0.2888079	-0.2270869	0.2712028	0.9582932	0.0410482	0.2563163	0.9547600	-0.1632214	0.4444509	1.2532043	0.3330108	0.4250406	1.1936950	0.2581106	0.5897985	1.4230753	0.1106628	0.6609336	1.3735387	0.1390189	0.4572662	1.2714194	-0.3673668	0.4192401	1.2205911	-0.2903488	0.6074682	1.4327892	-0.1451974	0.6656833	1.3680168	-0.1516010
219	3.6333333	0.3306900	1.5101090	-0.0412100	0.3474100	1.4939190	0.1353100	0.4010200	1.2569790	0.2772900	0.6224400	1.3811790	0.1286500	0.3196900	1.5138790	-0.2162800	0.4352200	1.2726190	-0.3129100	0.6293200	1.3770090	-0.1610100	0.3026600	0.9803990	-0.0673200	0.3178900	0.9797790	0.0490000	0.4290500	0.5516190	0.0363300	0.4052200	0.1010090	0.0543000	0.2975000	0.9796690	-0.1895400	0.3540400	0.5217990	-0.1610100	0.2559900	0.0941290	-0.1379600	0.4217100	0.0572990	-0.1304000	0.3851200	0.0515690	-0.1718400	0.1782300	0.0333890	-0.1237200	0.5905400	0.1003690	0.0706400	0.5497800	0.0926790	0.1069100	0.3698500	0.0604490	0.0464400	0.3840829	1.0509879	0.0976446	0.3583074	1.0441129	-0.2411045	0.1550017	1.0771051	0.0099432	0.1451904	1.0746117	-0.1227198	0.4195596	0.5502246	0.1087906	0.4286156	0.5535890	-0.0208511	0.3919979	0.1059636	0.0994201	0.4200135	0.1125006	0.0045494	0.5527136	0.0981397	0.0751843	0.4968662	0.0858251	0.1333464	0.3257424	0.0607394	0.0325075	0.3464874	0.5252527	-0.2308450	0.3599610	0.5337886	-0.0973081	0.2225248	0.0948262	-0.1845200	0.2512976	0.1019836	-0.0855225	0.3796916	0.0614089	-0.1409868	0.1467152	0.0659746	-0.1207705	0.3279596	0.0494913	-0.2038075	0.3589341	1.5585996	0.1278531	0.3348964	1.5768714	-0.2153525	0.2463850	1.5998071	-0.0314988	0.4169178	0.8394624	0.1298275	0.4136891	0.7248383	0.1458311	0.2929691	0.8082767	0.1553129	0.3862191	0.8096790	-0.2589621	0.3653309	0.6965049	-0.2731271	0.2522463	0.7963756	-0.2852009	0.4173696	0.4132148	0.1169599	0.4428037	0.2803569	0.1285298	0.3623960	0.2949730	0.1260240	0.3182168	0.3884636	-0.2263272	0.3142009	0.2531679	-0.2256742	0.2349955	0.2837554	-0.2296222	0.2714518	0.9571619	0.0373704	0.2556813	0.9531295	-0.1670754	0.4232487	1.2474208	0.3283938	0.4009519	1.1896214	0.2528005	0.5864799	1.4070188	0.1084692	0.6524370	1.3515088	0.1375283	0.4440019	1.2647547	-0.3710391	0.4035682	1.2150864	-0.2926959	0.6056886	1.4184508	-0.1491765	0.6590926	1.3496701	-0.1538818
220	3.6500000	0.3274600	1.5056390	-0.0451300	0.3423600	1.4895890	0.1309400	0.3909100	1.2497190	0.2763100	0.6039400	1.3571490	0.1252700	0.3207500	1.5077790	-0.2168700	0.4145400	1.2694590	-0.3200600	0.6176700	1.3494890	-0.1660000	0.3029800	0.9800090	-0.0677800	0.3221400	0.9800590	0.0449100	0.4307700	0.5499590	0.0383600	0.4092400	0.1043690	0.0532500	0.3009600	0.9834190	-0.1912200	0.3516100	0.5168890	-0.1623200	0.2603300	0.0937190	-0.1392100	0.4232400	0.0556290	-0.1304600	0.3906900	0.0513190	-0.1695900	0.1779000	0.0331290	-0.1235900	0.5904100	0.0996490	0.0710600	0.5491900	0.0892590	0.1071400	0.3686200	0.0611090	0.0479200	0.3841171	1.0512997	0.0968517	0.3573677	1.0440697	-0.2415405	0.1547983	1.0748811	0.0096507	0.1446309	1.0722030	-0.1228206	0.4208868	0.5489183	0.1086082	0.4297460	0.5521189	-0.0208462	0.3921525	0.1058685	0.1005371	0.4199867	0.1123293	0.0056928	0.5526777	0.0970011	0.0764401	0.4967424	0.0858242	0.1343193	0.3258342	0.0611012	0.0338262	0.3443245	0.5224734	-0.2299447	0.3567335	0.5311316	-0.0962885	0.2263263	0.0926033	-0.1848100	0.2541651	0.0999921	-0.0856367	0.3839028	0.0615639	-0.1407738	0.1504528	0.0625047	-0.1214381	0.3327861	0.0490535	-0.2038290	0.3563337	1.5558288	0.1280829	0.3322600	1.5744424	-0.2155123	0.2437483	1.5966411	-0.0314216	0.4178040	0.8385725	0.1288750	0.4147869	0.7238139	0.1452059	0.2942597	0.8075519	0.1549856	0.3864475	0.8076776	-0.2579394	0.3648293	0.6941661	-0.2722137	0.2524722	0.7949084	-0.2853339	0.4183175	0.4123000	0.1171661	0.4433341	0.2799088	0.1289808	0.3632140	0.2943961	0.1267078	0.3175691	0.3862899	-0.2257468	0.3154455	0.2516065	-0.2252771	0.2363091	0.2808457	-0.2296260	0.2723733	0.9565420	0.0368967	0.2560252	0.9522924	-0.1673291	0.4050717	1.2409556	0.3266246	0.3794089	1.1852080	0.2509000	0.5791318	1.3909674	0.1067650	0.6411672	1.3299344	0.1354369	0.4275821	1.2587048	-0.3732807	0.3847362	1.2103583	-0.2946764	0.6024173	1.3992602	-0.1515474	0.6502515	1.3261324	-0.1556017
221	3.6666667	0.3222700	1.5042690	-0.0435000	0.3367000	1.4881590	0.1288300	0.3678300	1.2419690	0.2665200	0.5927600	1.3399690	0.1259300	0.3122900	1.5085690	-0.2196000	0.3921200	1.2596790	-0.3233700	0.6142100	1.3322390	-0.1603900	0.3071600	0.9808390	-0.0714100	0.3222300	0.9778590	0.0443300	0.4300300	0.5462790	0.0376200	0.4083600	0.1061690	0.0507300	0.3017500	0.9838090	-0.1911500	0.3418800	0.5150390	-0.1677000	0.2596000	0.0916890	-0.1397300	0.4225600	0.0536090	-0.1271100	0.3898800	0.0509390	-0.1674100	0.1782600	0.0302890	-0.1243600	0.5900300	0.0982890	0.0712700	0.5456700	0.0876290	0.1081200	0.3696400	0.0632190	0.0451100	0.3878638	1.0526459	0.0931167	0.3598135	1.0457627	-0.2451881	0.1583350	1.0733073	0.0065314	0.1476679	1.0707386	-0.1258907	0.4246200	0.5484500	0.1059320	0.4339278	0.5514269	-0.0230962	0.3938847	0.1069438	0.0987145	0.4220250	0.1131935	0.0041867	0.5540856	0.0960712	0.0754695	0.4976930	0.0861515	0.1326610	0.3276981	0.0631232	0.0322558	0.3432340	0.5206162	-0.2322871	0.3548960	0.5295436	-0.0989267	0.2303738	0.0916391	-0.1869235	0.2575911	0.0992976	-0.0879267	0.3885762	0.0622344	-0.1417224	0.1545336	0.0606716	-0.1240426	0.3379373	0.0489272	-0.2049673	0.3551255	1.5543215	0.1260863	0.3306325	1.5737449	-0.2180780	0.2423482	1.5942957	-0.0335047	0.4217886	0.8383204	0.1254707	0.4185663	0.7235369	0.1420204	0.2985926	0.8078299	0.1514082	0.3891417	0.8059337	-0.2603365	0.3661841	0.6923373	-0.2745662	0.2554404	0.7947115	-0.2883786	0.4214422	0.4122956	0.1147096	0.4457480	0.2803461	0.1266626	0.3658201	0.2949996	0.1244492	0.3177124	0.3851456	-0.2280585	0.3171975	0.2509815	-0.2273916	0.2382325	0.2791931	-0.2319358	0.2773866	0.9568297	0.0333029	0.2602584	0.9527871	-0.1708684	0.3846800	1.2342272	0.3211652	0.3565685	1.1811199	0.2440417	0.5727077	1.3750444	0.1038617	0.6299530	1.3083138	0.1319231	0.4127989	1.2534633	-0.3760862	0.3668350	1.2070277	-0.2970611	0.5996331	1.3809089	-0.1543078	0.6413387	1.3036321	-0.1564407
222	3.6833333	0.3180100	1.5002590	-0.0494500	0.3222500	1.4874790	0.1270400	0.3417200	1.2430090	0.2615700	0.5708600	1.3079690	0.1315600	0.3184600	1.5042190	-0.2259800	0.3716000	1.2545990	-0.3217700	0.6010000	1.3011590	-0.1542200	0.3068900	0.9841490	-0.0717300	0.3171900	0.9810990	0.0429300	0.4297200	0.5494590	0.0354100	0.4091700	0.1078790	0.0502100	0.3006200	0.9867990	-0.1908200	0.3317100	0.5202490	-0.1710800	0.2594600	0.0956290	-0.1393500	0.4231100	0.0556590	-0.1303400	0.3898700	0.0530690	-0.1695600	0.1780400	0.0302590	-0.1241400	0.5861600	0.0966890	0.0662900	0.5394900	0.0845890	0.1082100	0.3711000	0.0652390	0.0424100	0.3859889	1.0566897	0.0929151	0.3586605	1.0498307	-0.2449798	0.1573232	1.0740035	0.0056190	0.1469227	1.0714139	-0.1266280	0.4237888	0.5503997	0.1059274	0.4338848	0.5532988	-0.0226719	0.3913162	0.1102834	0.0986940	0.4200112	0.1164374	0.0045233	0.5505806	0.0971265	0.0761252	0.4939448	0.0879986	0.1326558	0.3255807	0.0676426	0.0322891	0.3374459	0.5216267	-0.2321385	0.3486741	0.5306442	-0.0990491	0.2294714	0.0931092	-0.1866977	0.2564524	0.1009337	-0.0878403	0.3881864	0.0647742	-0.1406463	0.1538739	0.0614301	-0.1241291	0.3378105	0.0508603	-0.2040538	0.3477967	1.5551952	0.1257813	0.3271840	1.5742104	-0.2188743	0.2371816	1.5940258	-0.0351591	0.4207325	0.8405983	0.1253057	0.4174484	0.7257237	0.1418256	0.2978064	0.8104957	0.1506036	0.3873771	0.8068766	-0.2599675	0.3629222	0.6933097	-0.2742446	0.2541355	0.7971486	-0.2884778	0.4201351	0.4146192	0.1147518	0.4437638	0.2830418	0.1267269	0.3638915	0.2978257	0.1242153	0.3130671	0.3867363	-0.2279511	0.3141251	0.2530040	-0.2271425	0.2351376	0.2801618	-0.2318279	0.2774280	0.9596618	0.0326808	0.2607391	0.9556213	-0.1712321	0.3541358	1.2312848	0.3179461	0.3239066	1.1807238	0.2389872	0.5600516	1.3553993	0.1050715	0.6103674	1.2825411	0.1337230	0.3941729	1.2484517	-0.3744733	0.3439081	1.2051448	-0.2959310	0.5926511	1.3576010	-0.1522196	0.6259704	1.2758867	-0.1522742
223	3.7000000	0.3023400	1.5001090	-0.0563000	0.3156800	1.4870390	0.1202700	0.2887900	1.2381890	0.2437800	0.5660900	1.2783590	0.1414400	0.3089300	1.5047890	-0.2267500	0.3454700	1.2507490	-0.3290100	0.6110200	1.2619890	-0.1741200	0.3110900	0.9834090	-0.0758600	0.3219700	0.9821190	0.0379200	0.4199500	0.5475090	0.0303600	0.4081700	0.1062790	0.0505800	0.3012100	0.9855490	-0.1910600	0.3220600	0.5168690	-0.1726200	0.2630000	0.0967490	-0.1372300	0.4269800	0.0571190	-0.1285100	0.3896100	0.0529790	-0.1699500	0.1719300	0.0300590	-0.1183800	0.5869600	0.0970390	0.0690900	0.5455700	0.0854990	0.1053100	0.3631200	0.0643590	0.0370500	0.3889921	1.0567371	0.0885019	0.3612542	1.0501532	-0.2485756	0.1608493	1.0702433	0.0014748	0.1502837	1.0677564	-0.1304626	0.4241779	0.5477592	0.1020719	0.4352414	0.5505159	-0.0263538	0.3914606	0.1094184	0.0952038	0.4209671	0.1154113	0.0012182	0.5510935	0.0948901	0.0735682	0.4938841	0.0861412	0.1296519	0.3261491	0.0673355	0.0287199	0.3336654	0.5187064	-0.2351140	0.3450646	0.5279638	-0.1025778	0.2305240	0.0912022	-0.1881541	0.2578171	0.0992446	-0.0897967	0.3904330	0.0639340	-0.1422605	0.1554167	0.0588902	-0.1254633	0.3398835	0.0492995	-0.2054281	0.3420809	1.5524862	0.1214485	0.3238590	1.5712884	-0.2232030	0.2329752	1.5895913	-0.0400342	0.4235899	0.8378218	0.1217555	0.4191187	0.7230719	0.1380891	0.3004182	0.8090414	0.1460831	0.3886636	0.8029509	-0.2634209	0.3621988	0.6897663	-0.2774126	0.2558541	0.7956167	-0.2916316	0.4202873	0.4126750	0.1110297	0.4438392	0.2816396	0.1231998	0.3638565	0.2963141	0.1203541	0.3102608	0.3845677	-0.2306378	0.3128008	0.2512109	-0.2295124	0.2339377	0.2777181	-0.2337063	0.2823396	0.9582541	0.0282550	0.2654154	0.9543806	-0.1751677	0.3159744	1.2273133	0.3077247	0.2864352	1.1794567	0.2247623	0.5526354	1.3266120	0.1089617	0.5915234	1.2467403	0.1390185	0.3750711	1.2406251	-0.3785509	0.3229071	1.2005207	-0.2987917	0.5945870	1.3237381	-0.1611926	0.6171137	1.2383302	-0.1607343
224	3.7166667	0.2931900	1.4998890	-0.0571300	0.3153400	1.4848290	0.1171000	0.2867200	1.2351290	0.2409100	0.5685200	1.2485990	0.1429300	0.2921900	1.5049490	-0.2306700	0.3361600	1.2486490	-0.3279400	0.5883900	1.2341990	-0.1482500	0.3069600	0.9864490	-0.0746800	0.3215600	0.9835690	0.0382700	0.4209200	0.5454590	0.0298700	0.4086800	0.1062790	0.0507000	0.3002600	0.9868090	-0.1909900	0.3168000	0.5179390	-0.1746200	0.2592100	0.0936190	-0.1362900	0.4275100	0.0587790	-0.1265200	0.3895600	0.0529090	-0.1670300	0.1712600	0.0294590	-0.1191100	0.5863400	0.0982690	0.0669300	0.5424900	0.0861290	0.1021000	0.3639500	0.0634390	0.0425500	0.3842765	1.0605734	0.0889266	0.3551327	1.0537924	-0.2470806	0.1564240	1.0707467	0.0030533	0.1453116	1.0681587	-0.1284626	0.4179475	0.5487914	0.1028136	0.4291205	0.5515041	-0.0255770	0.3864562	0.1117920	0.0964582	0.4162099	0.1177023	0.0024301	0.5462390	0.0969977	0.0743683	0.4890355	0.0881290	0.1305768	0.3214585	0.0697988	0.0302645	0.3231649	0.5199535	-0.2334672	0.3350047	0.5293462	-0.1011163	0.2247172	0.0925190	-0.1849245	0.2524867	0.1008526	-0.0868056	0.3858759	0.0665099	-0.1390344	0.1501134	0.0596328	-0.1220113	0.3351661	0.0510350	-0.2021717	0.3305561	1.5532063	0.1211204	0.3118696	1.5713522	-0.2231419	0.2215898	1.5889578	-0.0399947	0.4193736	0.8390326	0.1228973	0.4140943	0.7242361	0.1390511	0.2960815	0.8114083	0.1468864	0.3819932	0.8035949	-0.2619314	0.3539908	0.6906474	-0.2758195	0.2493248	0.7979083	-0.2897625	0.4142183	0.4142706	0.1118604	0.4382214	0.2836461	0.1241843	0.3581823	0.2981289	0.1213556	0.3007757	0.3862921	-0.2286663	0.3047576	0.2531990	-0.2272917	0.2258498	0.2788166	-0.2309528	0.2791775	0.9608862	0.0292419	0.2614186	0.9569024	-0.1735371	0.2876467	1.2269794	0.3013702	0.2585405	1.1814068	0.2162470	0.5458459	1.2983197	0.1147033	0.5739305	1.2135231	0.1447184	0.3575029	1.2366534	-0.3738283	0.3014513	1.1987800	-0.2957079	0.5831429	1.2937913	-0.1548018	0.5955822	1.2066296	-0.1531329
225	3.7333333	0.2926000	1.4968990	-0.0600800	0.3101000	1.4852490	0.1127800	0.2754700	1.2276490	0.2380300	0.5632700	1.2095390	0.1451500	0.2867500	1.5057890	-0.2334400	0.3172600	1.2527990	-0.3211900	0.5627100	1.1899990	-0.2020700	0.3017000	0.9863090	-0.0763600	0.3211000	0.9835390	0.0377900	0.4197400	0.5490890	0.0274900	0.4076800	0.1079290	0.0505700	0.2917400	0.9866790	-0.1914600	0.3107100	0.5190290	-0.1734900	0.2583300	0.0915090	-0.1356500	0.4271500	0.0623990	-0.1284500	0.3892800	0.0527890	-0.1674800	0.1716900	0.0294290	-0.1192200	0.5822700	0.0970990	0.0651900	0.5357800	0.0846190	0.1040600	0.3673700	0.0648190	0.0402400	0.3790905	1.0611949	0.0863555	0.3477363	1.0541859	-0.2488223	0.1511010	1.0683897	0.0019962	0.1391328	1.0656950	-0.1291815	0.4126392	0.5474778	0.1006127	0.4235598	0.5501221	-0.0277942	0.3830978	0.1116362	0.0949735	0.4128158	0.1175202	0.0008318	0.5422189	0.0965711	0.0726419	0.4853404	0.0879547	0.1289115	0.3186660	0.0698664	0.0289360	0.3135193	0.5186496	-0.2344199	0.3258270	0.5283734	-0.1020729	0.2204463	0.0909969	-0.1847060	0.2485974	0.0997569	-0.0867146	0.3827369	0.0666671	-0.1388626	0.1463639	0.0574711	-0.1215749	0.3318914	0.0500805	-0.2019923	0.3203254	1.5508759	0.1179574	0.3006301	1.5682770	-0.2261075	0.2111549	1.5853988	-0.0427228	0.4149496	0.8378164	0.1210181	0.4093777	0.7230014	0.1370613	0.2917095	0.8108165	0.1450709	0.3747052	0.8018274	-0.2632419	0.3457146	0.6890089	-0.2769935	0.2420977	0.7969824	-0.2907769	0.4092560	0.4134864	0.1098501	0.4338633	0.2833167	0.1223715	0.3539714	0.2974052	0.1196324	0.2923979	0.3853540	-0.2293511	0.2979886	0.2525050	-0.2278410	0.2190304	0.2770588	-0.2310178	0.2750174	0.9603961	0.0275742	0.2559389	0.9562766	-0.1747072	0.2715555	1.2238602	0.2937468	0.2409269	1.1800732	0.2068619	0.5432157	1.2620012	0.1164904	0.5597029	1.1743372	0.1463524	0.3285096	1.2317790	-0.3757116	0.2754917	1.1964618	-0.2966643	0.5720437	1.2511513	-0.1707230	0.5734813	1.1653728	-0.1722810
226	3.7500000	0.2843900	1.4984090	-0.0626300	0.3057700	1.4870790	0.1060100	0.2710100	1.2274190	0.2317200	0.5435600	1.1715690	0.1617800	0.2830600	1.5054790	-0.2342600	0.3065100	1.2464690	-0.3192700	0.5556000	1.1449790	-0.2347200	0.3028300	0.9854090	-0.0774400	0.3215600	0.9806690	0.0378400	0.4177900	0.5455190	0.0281500	0.4086700	0.1061990	0.0507100	0.2953700	0.9862090	-0.1891300	0.3054500	0.5179390	-0.1707600	0.2584100	0.0953390	-0.1352300	0.4282300	0.0623890	-0.1260600	0.3901500	0.0531090	-0.1695100	0.1716400	0.0291790	-0.1191400	0.5799000	0.0939590	0.0671700	0.5328800	0.0848590	0.1055300	0.3683200	0.0653890	0.0398400	0.3803484	1.0608462	0.0843652	0.3468860	1.0540058	-0.2498887	0.1522408	1.0655159	0.0014424	0.1394554	1.0628762	-0.1293558	0.4131696	0.5452714	0.0993953	0.4241055	0.5477159	-0.0288037	0.3850499	0.1105916	0.0944252	0.4148482	0.1163182	0.0003429	0.5432778	0.0948982	0.0722477	0.4866179	0.0866853	0.1283090	0.3214083	0.0690950	0.0285529	0.3101458	0.5168102	-0.2344786	0.3228019	0.5268016	-0.1023050	0.2216638	0.0896127	-0.1841611	0.2501559	0.0986799	-0.0864091	0.3852962	0.0663006	-0.1384085	0.1480307	0.0556739	-0.1209502	0.3342819	0.0487571	-0.2015029	0.3163975	1.5484069	0.1143821	0.2956233	1.5650814	-0.2288346	0.2070198	1.5815054	-0.0456052	0.4164486	0.8357821	0.1198456	0.4104875	0.7209383	0.1358553	0.2933372	0.8094551	0.1438041	0.3737053	0.7993261	-0.2638210	0.3437346	0.6867299	-0.2773448	0.2413188	0.7955690	-0.2909628	0.4099765	0.4118259	0.1088505	0.4349505	0.2821031	0.1215626	0.3553375	0.2958664	0.1187756	0.2900323	0.3840463	-0.2293138	0.2969641	0.2515395	-0.2278201	0.2181297	0.2752496	-0.2304923	0.2771749	0.9590480	0.0264618	0.2568363	0.9550346	-0.1752658	0.2630491	1.2217163	0.2884307	0.2316069	1.1788078	0.1994813	0.5436100	1.2205547	0.1219746	0.5478187	1.1322836	0.1535781	0.3082421	1.2263724	-0.3775740	0.2604099	1.1928673	-0.2962106	0.5692928	1.2022427	-0.1946530	0.5599296	1.1196914	-0.1998611
227	3.7666667	0.2846700	1.4973890	-0.0658200	0.3012600	1.4880890	0.1017300	0.2660900	1.2241390	0.2194800	0.5273300	1.1351690	0.1710200	0.2782900	1.5062190	-0.2389400	0.2990300	1.2416990	-0.3195600	0.5111900	1.1162090	-0.2461900	0.3040500	0.9739290	-0.0800000	0.3241300	0.9709090	0.0383400	0.4051900	0.5474390	0.0331500	0.4075200	0.1099490	0.0512900	0.2970200	0.9780390	-0.1926100	0.3026500	0.5231290	-0.1688400	0.2621600	0.0986090	-0.1373300	0.4279700	0.0642590	-0.1289000	0.3897500	0.0548690	-0.1704700	0.1653000	0.0260890	-0.1139900	0.5838100	0.0960490	0.0682400	0.5363500	0.0879490	0.1033500	0.3672600	0.0646990	0.0404200	0.3816373	1.0498292	0.0813113	0.3467792	1.0433515	-0.2528264	0.1533321	1.0529302	-0.0005180	0.1399970	1.0504479	-0.1312738	0.4126506	0.5340793	0.0981543	0.4238183	0.5364498	-0.0299412	0.3866736	0.1018787	0.0932577	0.4167646	0.1075678	-0.0006325	0.5446061	0.0870864	0.0713750	0.4879506	0.0787206	0.1272608	0.3238291	0.0601703	0.0273889	0.3081576	0.5061102	-0.2362014	0.3214259	0.5164277	-0.1038619	0.2227129	0.0803939	-0.1846384	0.2516460	0.0897624	-0.0870006	0.3871371	0.0589974	-0.1396104	0.1494777	0.0459172	-0.1209674	0.3359130	0.0405939	-0.2024871	0.3132107	1.5372581	0.1092563	0.2915092	1.5534789	-0.2327087	0.2038263	1.5688553	-0.0495882	0.4171246	0.8236740	0.1180914	0.4106468	0.7092192	0.1342840	0.2942806	0.7979819	0.1417166	0.3731363	0.7872819	-0.2661755	0.3425073	0.6751572	-0.2794843	0.2409495	0.7840948	-0.2931001	0.4097886	0.4015453	0.1076417	0.4353589	0.2726133	0.1204969	0.3560101	0.2860745	0.1174292	0.2887029	0.3739985	-0.2306607	0.2964650	0.2419418	-0.2290121	0.2177796	0.2653165	-0.2312519	0.2790688	0.9470997	0.0241030	0.2579095	0.9433141	-0.1775640	0.2555617	1.2108579	0.2811326	0.2245582	1.1692324	0.1905736	0.5395324	1.1745979	0.1276006	0.5332194	1.0869066	0.1607864	0.2898410	1.2140772	-0.3816552	0.2447917	1.1828081	-0.2989067	0.5537363	1.1506968	-0.2164293	0.5359559	1.0723073	-0.2252461
228	3.7833333	0.2852300	1.5005090	-0.0681400	0.2964700	1.4881790	0.0973600	0.2340400	1.2291790	0.2044500	0.4830800	1.1009890	0.1657800	0.2789000	1.5057790	-0.2388900	0.2852600	1.2406490	-0.3160900	0.4921200	1.0851290	-0.2571300	0.3115600	0.9684590	-0.0816900	0.3251800	0.9722490	0.0340200	0.3927100	0.5372090	0.0420800	0.4080900	0.1100190	0.0513900	0.3006000	0.9689890	-0.1941400	0.3006600	0.5267890	-0.1649600	0.2628500	0.0987790	-0.1375200	0.4255500	0.0646390	-0.1302900	0.3902000	0.0569390	-0.1706200	0.1715300	0.0291490	-0.1191300	0.5870400	0.1006690	0.0664600	0.5466100	0.0942590	0.1021000	0.3668200	0.0645090	0.0427000	0.3891075	1.0448907	0.0794481	0.3536049	1.0385383	-0.2551252	0.1606516	1.0468756	-0.0019101	0.1470813	1.0444484	-0.1328457	0.4145969	0.5289006	0.0987325	0.4261650	0.5310620	-0.0288093	0.3917115	0.1002223	0.0934812	0.4221877	0.1057896	0.0002392	0.5505387	0.0871532	0.0715721	0.4936346	0.0781842	0.1271281	0.3294321	0.0578224	0.0280714	0.3111106	0.5022199	-0.2364933	0.3243455	0.5128118	-0.1040778	0.2278571	0.0788620	-0.1850876	0.2567584	0.0883231	-0.0876874	0.3923846	0.0584912	-0.1403109	0.1549206	0.0440805	-0.1214420	0.3414549	0.0396372	-0.2029614	0.3144867	1.5332589	0.1051798	0.2926153	1.5493105	-0.2354761	0.2052991	1.5629959	-0.0526884	0.4220063	0.8171873	0.1174658	0.4142839	0.7032963	0.1340321	0.2999687	0.7928031	0.1406037	0.3785995	0.7810556	-0.2673275	0.3469921	0.6698088	-0.2803274	0.2469877	0.7790254	-0.2943087	0.4122136	0.3977800	0.1081588	0.4385629	0.2700660	0.1209778	0.3596984	0.2828606	0.1175088	0.2920840	0.3709843	-0.2309722	0.3004557	0.2393877	-0.2295902	0.2221109	0.2629587	-0.2313401	0.2869144	0.9412854	0.0227405	0.2653802	0.9375809	-0.1792052	0.2407835	1.2081213	0.2715593	0.2117408	1.1701267	0.1790051	0.5228458	1.1343827	0.1337107	0.5052342	1.0491889	0.1676056	0.2788685	1.2095197	-0.3839197	0.2356653	1.1805915	-0.2990897	0.5400166	1.1089293	-0.2345438	0.5146169	1.0355383	-0.2480213
229	3.8000000	0.2804400	1.5012890	-0.0703300	0.2873200	1.4887490	0.0974800	0.2280400	1.2287790	0.1925000	0.4195300	1.0726590	0.1650700	0.2740500	1.5064090	-0.2414400	0.2728100	1.2329090	-0.3193400	0.4597700	1.0489490	-0.2708900	0.3023500	0.9802190	-0.0809000	0.3246800	0.9784590	0.0360800	0.3911800	0.5396790	0.0400900	0.4072600	0.1155990	0.0515000	0.2967800	0.9812090	-0.1935500	0.2946000	0.5213590	-0.1643700	0.2629100	0.0949490	-0.1368900	0.4247600	0.0643890	-0.1267900	0.3895800	0.0546190	-0.1680000	0.1650500	0.0258990	-0.1139600	0.5874400	0.1030790	0.0699300	0.5428400	0.0971290	0.1069800	0.3670100	0.0688690	0.0427400	0.3798604	1.0569718	0.0801225	0.3445935	1.0500470	-0.2542307	0.1514794	1.0585120	-0.0016202	0.1380492	1.0558115	-0.1324745	0.4008238	0.5401016	0.1006701	0.4134350	0.5423748	-0.0265374	0.3828992	0.1130311	0.0956677	0.4144542	0.1188457	0.0031277	0.5436593	0.1017293	0.0741754	0.4860272	0.0918920	0.1292758	0.3213696	0.0698397	0.0304153	0.2986339	0.5138565	-0.2338742	0.3114466	0.5249465	-0.1010563	0.2188084	0.0911467	-0.1823673	0.2473512	0.1010940	-0.0848475	0.3836086	0.0714705	-0.1373769	0.1459063	0.0562035	-0.1188378	0.3331624	0.0523020	-0.2001262	0.3013408	1.5452766	0.1041379	0.2802961	1.5613693	-0.2358007	0.1925163	1.5744056	-0.0535496	0.4102610	0.8280469	0.1191518	0.4015751	0.7142742	0.1357056	0.2884289	0.8045525	0.1412910	0.3686213	0.7917569	-0.2656414	0.3361500	0.6807972	-0.2783712	0.2369565	0.7903545	-0.2932250	0.3993721	0.4098968	0.1102685	0.4270556	0.2830835	0.1235180	0.3483895	0.2945325	0.1190030	0.2805114	0.3830647	-0.2282577	0.2900130	0.2517983	-0.2269635	0.2115355	0.2747584	-0.2286043	0.2775993	0.9531962	0.0234418	0.2562031	0.9491364	-0.1783769	0.2113867	1.2190570	0.2617765	0.1846028	1.1861854	0.1678397	0.4803729	1.1015301	0.1391444	0.4506338	1.0226890	0.1733374	0.2593998	1.2187049	-0.3829937	0.2177099	1.1918966	-0.2972926	0.5073892	1.0779788	-0.2506677	0.4738757	1.0122204	-0.2701081
230	3.8166667	0.2809900	1.5007290	-0.0726100	0.2816700	1.4922490	0.0954400	0.2257900	1.2279290	0.1809500	0.4072300	1.0430090	0.1660400	0.2751900	1.5060590	-0.2460200	0.2677000	1.2304690	-0.3220200	0.4194200	1.0207190	-0.2845800	0.3115200	0.9874890	-0.0859900	0.3250200	0.9862890	0.0300100	0.3820000	0.5358890	0.0342600	0.3964500	0.1177390	0.0544700	0.3004900	0.9869390	-0.1911200	0.2874800	0.5195190	-0.1669100	0.2633500	0.0949990	-0.1369600	0.4255800	0.0647290	-0.1274700	0.3896900	0.0549090	-0.1675300	0.1649900	0.0267290	-0.1128300	0.5842900	0.1027890	0.0665100	0.5409100	0.0983290	0.1012300	0.3582300	0.0683990	0.0437500	0.3886836	1.0652804	0.0751085	0.3533461	1.0574046	-0.2593146	0.1605160	1.0646300	-0.0070254	0.1470702	1.0615747	-0.1378986	0.4014204	0.5451084	0.0969803	0.4143992	0.5470970	-0.0299259	0.3862998	0.1190774	0.0929795	0.4183802	0.1246838	0.0007626	0.5490777	0.1076461	0.0705789	0.4909439	0.0974100	0.1257579	0.3246613	0.0754929	0.0284161	0.3013752	0.5196070	-0.2361662	0.3138972	0.5311086	-0.1036594	0.2243383	0.0974059	-0.1849686	0.2527546	0.1076318	-0.0877684	0.3897093	0.0772832	-0.1399578	0.1514666	0.0625727	-0.1216684	0.3394536	0.0580149	-0.2024310	0.3034705	1.5521900	0.0989216	0.2847881	1.5682039	-0.2418976	0.1955651	1.5799493	-0.0597901	0.4163854	0.8328247	0.1142924	0.4054298	0.7192537	0.1312289	0.2944771	0.8116654	0.1365349	0.3757108	0.7961186	-0.2693588	0.3415447	0.6856667	-0.2814971	0.2441945	0.7967990	-0.2972125	0.4003994	0.4157877	0.1070658	0.4289957	0.2895573	0.1205884	0.3502387	0.3000721	0.1156922	0.2838434	0.3893191	-0.2306973	0.2942871	0.2580896	-0.2296096	0.2158042	0.2808077	-0.2308599	0.2869538	0.9604268	0.0183292	0.2655125	0.9557899	-0.1835336	0.2038815	1.2232711	0.2466823	0.1797586	1.1946998	0.1517338	0.4583815	1.0660128	0.1382438	0.4176879	0.9949177	0.1724151	0.2564428	1.2225574	-0.3853073	0.2154282	1.1982314	-0.2992540	0.4800192	1.0411953	-0.2695094	0.4378166	0.9850829	-0.2954598
231	3.8333333	0.2761500	1.5032990	-0.0705500	0.2768900	1.4914990	0.0934500	0.2006800	1.2237390	0.1717500	0.3762600	1.0058990	0.1740900	0.2741500	1.5086790	-0.2456900	0.2625400	1.2346490	-0.3197300	0.3784400	0.9882890	-0.3005000	0.3205600	0.9907690	-0.0878900	0.3252100	0.9865190	0.0292000	0.3817100	0.5376390	0.0386400	0.3961100	0.1158190	0.0568000	0.3105700	0.9868790	-0.1951500	0.2830800	0.5226990	-0.1663200	0.2620800	0.0986590	-0.1373400	0.4264100	0.0680990	-0.1288000	0.3892800	0.0601490	-0.1679100	0.1582200	0.0260190	-0.1079400	0.5835300	0.1061990	0.0668500	0.5404700	0.0983590	0.1009000	0.3584500	0.0683290	0.0434700	0.3962875	1.0694831	0.0734233	0.3626975	1.0605633	-0.2606781	0.1690189	1.0665972	-0.0098510	0.1562619	1.0631219	-0.1406104	0.4006060	0.5456067	0.0972789	0.4146931	0.5473367	-0.0293391	0.3863147	0.1199096	0.0937425	0.4194786	0.1252968	0.0020291	0.5509359	0.1081149	0.0710254	0.4920983	0.0969896	0.1260289	0.3247743	0.0758803	0.0295886	0.3023855	0.5208324	-0.2357164	0.3148967	0.5326531	-0.1033443	0.2264219	0.0989095	-0.1838483	0.2550044	0.1093493	-0.0868243	0.3927664	0.0788876	-0.1392487	0.1533930	0.0637573	-0.1203306	0.3423561	0.0591652	-0.2015269	0.3040894	1.5546799	0.0968090	0.2882591	1.5710684	-0.2441570	0.1976466	1.5811023	-0.0626185	0.4213077	0.8332760	0.1134183	0.4078646	0.7198392	0.1306843	0.2990436	0.8147097	0.1348190	0.3823341	0.7957591	-0.2700573	0.3459635	0.6859167	-0.2817395	0.2509727	0.7992743	-0.2983489	0.3994595	0.4167579	0.1076542	0.4283311	0.2907509	0.1214757	0.3494272	0.3007957	0.1157995	0.2849143	0.3909611	-0.2302322	0.2958164	0.2596376	-0.2290971	0.2172722	0.2823107	-0.2299169	0.2957037	0.9637549	0.0161018	0.2753175	0.9584853	-0.1855664	0.1918569	1.2225222	0.2329968	0.1720948	1.1979029	0.1379430	0.4279315	1.0264735	0.1438682	0.3767365	0.9655649	0.1767636	0.2549582	1.2230342	-0.3828181	0.2133337	1.2002583	-0.2978598	0.4441956	0.9993096	-0.2846688	0.3928305	0.9555493	-0.3180915
232	3.8500000	0.2718500	1.5029190	-0.0724200	0.2762500	1.4924790	0.0935200	0.1897800	1.2252490	0.1682700	0.3437700	0.9898590	0.1684800	0.2749300	1.5061490	-0.2460300	0.2519200	1.2273190	-0.3183400	0.3455400	0.9724490	-0.3236700	0.3118200	0.9912190	-0.0839400	0.3252200	0.9896390	0.0337900	0.3685900	0.5406090	0.0349500	0.3931200	0.1146190	0.0587300	0.3050900	0.9919490	-0.1957000	0.2820900	0.5240890	-0.1657600	0.2585900	0.0976290	-0.1395200	0.4257100	0.0704590	-0.1298000	0.3857300	0.0612190	-0.1723400	0.1645800	0.0292590	-0.1131100	0.5879600	0.1113590	0.0686400	0.5477300	0.1048390	0.1007500	0.3580100	0.0681090	0.0457400	0.3860505	1.0705519	0.0776285	0.3548378	1.0609084	-0.2560745	0.1597967	1.0661833	-0.0069218	0.1479919	1.0623965	-0.1375370	0.3841792	0.5434241	0.1017577	0.3984806	0.5452062	-0.0253132	0.3749467	0.1187186	0.0989235	0.4085833	0.1242781	0.0071914	0.5417261	0.1091995	0.0751009	0.4827857	0.0962785	0.1307583	0.3134873	0.0733066	0.0348682	0.2893781	0.5201367	-0.2306273	0.3015953	0.5319763	-0.0974037	0.2161143	0.0977559	-0.1794830	0.2447414	0.1082984	-0.0819387	0.3823722	0.0787129	-0.1351312	0.1432622	0.0619506	-0.1156250	0.3321251	0.0586963	-0.1976162	0.2899003	1.5538913	0.0998574	0.2772692	1.5702389	-0.2408343	0.1852801	1.5796150	-0.0601589	0.4099753	0.8311588	0.1178922	0.3945003	0.7177286	0.1352056	0.2869127	0.8146611	0.1389330	0.3733284	0.7944078	-0.2655578	0.3354629	0.6848605	-0.2771793	0.2413906	0.7992943	-0.2947917	0.3839482	0.4154087	0.1124245	0.4145228	0.2900280	0.1268339	0.3354596	0.2988482	0.1203473	0.2724227	0.3904780	-0.2253499	0.2844066	0.2591029	-0.2245849	0.2054650	0.2813721	-0.2253335	0.2863776	0.9642425	0.0196677	0.2674361	0.9585380	-0.1817652	0.1701389	1.2193524	0.2254250	0.1526573	1.1991035	0.1303942	0.3854627	0.9963874	0.1485628	0.3271709	0.9450121	0.1805537	0.2396034	1.2212624	-0.3774968	0.1983885	1.1993943	-0.2942888	0.3963895	0.9665350	-0.2995002	0.3378069	0.9341777	-0.3382415
233	3.8666667	0.2711800	1.5055490	-0.0792400	0.2715700	1.4954490	0.0915100	0.1950700	1.2185890	0.1589100	0.3135800	0.9674190	0.1727000	0.2742700	1.5065590	-0.2460200	0.2373300	1.2232790	-0.3143200	0.2978700	0.9529090	-0.3375900	0.3028600	0.9941990	-0.0792800	0.3138700	0.9920490	0.0393600	0.3670400	0.5463290	0.0338200	0.3916300	0.1166990	0.0598200	0.3009600	0.9939490	-0.1939100	0.2784300	0.5325890	-0.1670800	0.2573600	0.1030590	-0.1393300	0.4219200	0.0713790	-0.1311700	0.3849500	0.0667390	-0.1727800	0.1579300	0.0261190	-0.1078300	0.5844500	0.1118790	0.0636300	0.5477500	0.1063490	0.0979000	0.3531700	0.0688990	0.0445400	0.3762403	1.0739526	0.0826769	0.3472002	1.0636272	-0.2512536	0.1501865	1.0687556	-0.0034502	0.1392747	1.0646701	-0.1341223	0.3707242	0.5448037	0.1054221	0.3845668	0.5468102	-0.0224098	0.3664290	0.1200593	0.1023129	0.3999144	0.1259775	0.0100480	0.5353325	0.1126641	0.0765156	0.4767015	0.0980090	0.1331836	0.3047569	0.0732960	0.0382649	0.2786699	0.5224269	-0.2256407	0.2903086	0.5342884	-0.0921034	0.2079267	0.0997000	-0.1758762	0.2363816	0.1103357	-0.0782173	0.3746211	0.0816059	-0.1322611	0.1351191	0.0630778	-0.1120838	0.3243416	0.0612328	-0.1945875	0.2779228	1.5558054	0.1020321	0.2690033	1.5710488	-0.2388468	0.1748778	1.5810246	-0.0591709	0.4002344	0.8326562	0.1221361	0.3833913	0.7191373	0.1394063	0.2759809	0.8172330	0.1438934	0.3646104	0.7964125	-0.2607236	0.3260881	0.6870144	-0.2723582	0.2325135	0.8019854	-0.2904240	0.3714907	0.4172428	0.1160949	0.4038275	0.2922072	0.1305788	0.3245477	0.2997989	0.1239026	0.2621838	0.3929839	-0.2206916	0.2750724	0.2616389	-0.2204313	0.1960001	0.2834053	-0.2210994	0.2766405	0.9673520	0.0242035	0.2590110	0.9612422	-0.1773728	0.1600432	1.2175560	0.2177659	0.1434836	1.2004514	0.1240435	0.3507583	0.9722054	0.1521082	0.2874102	0.9305761	0.1832279	0.2264233	1.2217499	-0.3723392	0.1861567	1.2004690	-0.2914802	0.3462215	0.9429682	-0.3152204	0.2821202	0.9224383	-0.3559070
234	3.8833333	0.2671000	1.5015590	-0.0813100	0.2711100	1.4949190	0.0916800	0.1889600	1.2177490	0.1515000	0.2755300	0.9582490	0.1661600	0.2752800	1.5061390	-0.2483700	0.2288500	1.2204690	-0.3143500	0.2681800	0.9385390	-0.3456900	0.2937800	0.9917390	-0.0817100	0.3083800	0.9929190	0.0402200	0.3635000	0.5474490	0.0314800	0.3963500	0.1199690	0.0550900	0.2872800	0.9924490	-0.1964000	0.2748600	0.5338790	-0.1686100	0.2581900	0.1032690	-0.1395200	0.4263200	0.0758690	-0.1288200	0.3851400	0.0703690	-0.1716400	0.1579200	0.0260790	-0.1078500	0.5758800	0.1085890	0.0623000	0.5384300	0.1036190	0.0959900	0.3543800	0.0713290	0.0400000	0.3665013	1.0716331	0.0804865	0.3394015	1.0608642	-0.2535928	0.1406935	1.0663835	-0.0069682	0.1305827	1.0621066	-0.1376816	0.3602209	0.5415615	0.1018766	0.3739103	0.5440455	-0.0265736	0.3609831	0.1170886	0.0981549	0.3945819	0.1235938	0.0056257	0.5306330	0.1113410	0.0712137	0.4723595	0.0956067	0.1284574	0.2998703	0.0696065	0.0339924	0.2709287	0.5199672	-0.2282748	0.2820756	0.5320800	-0.0942096	0.2038131	0.0969836	-0.1784683	0.2319398	0.1079258	-0.0805073	0.3706872	0.0806403	-0.1350809	0.1310387	0.0594751	-0.1146216	0.3204928	0.0598034	-0.1973844	0.2693187	1.5520228	0.0976917	0.2637817	1.5665197	-0.2429081	0.1679438	1.5775248	-0.0642701	0.3911452	0.8294200	0.1194524	0.3737838	0.7158176	0.1365197	0.2658376	0.8143408	0.1415324	0.3568260	0.7942509	-0.2631058	0.3184272	0.6846950	-0.2749616	0.2244796	0.7991753	-0.2934571	0.3619886	0.4143705	0.1124432	0.3959765	0.2897232	0.1269964	0.3166920	0.2962650	0.1199296	0.2553795	0.3906669	-0.2231849	0.2694450	0.2595102	-0.2228878	0.1902206	0.2805001	-0.2237987	0.2668295	0.9650589	0.0216887	0.2503764	0.9586792	-0.1799858	0.1527575	1.2127841	0.2049898	0.1364341	1.1982406	0.1125895	0.3170596	0.9520209	0.1482165	0.2500509	0.9189793	0.1775427	0.2166633	1.2164068	-0.3738027	0.1771267	1.1960379	-0.2951967	0.3056749	0.9250824	-0.3302768	0.2394377	0.9138348	-0.3711688
235	3.9000000	0.2571800	1.5062090	-0.0815800	0.2665300	1.4996890	0.0934200	0.1801000	1.2216190	0.1497000	0.2533100	0.9534290	0.1758500	0.2748600	1.5049590	-0.2523600	0.2202400	1.2166490	-0.3175000	0.2281000	0.9384490	-0.3596900	0.2934400	0.9896990	-0.0789000	0.3077900	0.9898590	0.0401000	0.3624600	0.5472890	0.0314900	0.3920500	0.1186290	0.0569000	0.2878100	0.9926890	-0.1964200	0.2758700	0.5340690	-0.1692500	0.2577000	0.1031090	-0.1369800	0.4221800	0.0747790	-0.1305100	0.3859300	0.0756590	-0.1688300	0.1581300	0.0294590	-0.1073500	0.5710800	0.1109090	0.0541700	0.5382000	0.1051490	0.0921200	0.3534400	0.0691090	0.0426300	0.3656890	1.0697345	0.0836241	0.3397516	1.0588419	-0.2511322	0.1397839	1.0642239	-0.0049361	0.1301504	1.0599040	-0.1359061	0.3597390	0.5394164	0.1031165	0.3724006	0.5421932	-0.0257883	0.3641392	0.1152823	0.0980513	0.3969641	0.1221304	0.0051370	0.5335993	0.1106955	0.0688104	0.4761640	0.0941399	0.1268211	0.3030671	0.0673530	0.0343637	0.2724886	0.5186261	-0.2261124	0.2832371	0.5307283	-0.0920184	0.2078071	0.0956815	-0.1766613	0.2356619	0.1066543	-0.0788327	0.3748307	0.0806659	-0.1338052	0.1350968	0.0574511	-0.1129163	0.3246429	0.0596835	-0.1958384	0.2685570	1.5498411	0.0980542	0.2665144	1.5625955	-0.2428502	0.1687987	1.5747784	-0.0651673	0.3914870	0.8270211	0.1211034	0.3739775	0.7134580	0.1381642	0.2658105	0.8120838	0.1445449	0.3573751	0.7930918	-0.2606552	0.3194411	0.6834796	-0.2726206	0.2253079	0.7972054	-0.2910015	0.3623647	0.4125214	0.1132860	0.3976140	0.2880710	0.1272874	0.3183579	0.2941499	0.1207342	0.2575506	0.3894781	-0.2208997	0.2722887	0.2585123	-0.2206793	0.1932912	0.2790109	-0.2217560	0.2660739	0.9630064	0.0246641	0.2503257	0.9565534	-0.1774286	0.1515781	1.2111513	0.2001872	0.1368561	1.1974799	0.1087686	0.2945182	0.9414528	0.1538340	0.2255694	0.9145228	0.1803683	0.2104813	1.2133422	-0.3721162	0.1733106	1.1936097	-0.2957212	0.2717180	0.9161922	-0.3425429	0.2047572	0.9124711	-0.3813442
236	3.9166667	0.2531900	1.5057190	-0.0794600	0.2616100	1.5014290	0.0953500	0.1770700	1.2241990	0.1454000	0.2405400	0.9550290	0.1791100	0.2756500	1.5045490	-0.2523700	0.2059400	1.2236590	-0.3238000	0.1765900	0.9488090	-0.3674900	0.2932600	0.9874290	-0.0792500	0.3121200	0.9884690	0.0383600	0.3589300	0.5459490	0.0359300	0.3883600	0.1189690	0.0587800	0.2869300	0.9900690	-0.1962800	0.2677700	0.5341190	-0.1689000	0.2575400	0.1050990	-0.1394700	0.4213600	0.0767990	-0.1251800	0.3893500	0.0828790	-0.1663500	0.1639800	0.0351590	-0.1129600	0.5678500	0.1110590	0.0526200	0.5354200	0.1038190	0.0911600	0.3488700	0.0676990	0.0405700	0.3651726	1.0673741	0.0836438	0.3399532	1.0566798	-0.2519673	0.1392600	1.0621454	-0.0055991	0.1299340	1.0579086	-0.1369016	0.3592324	0.5373353	0.1019835	0.3715210	0.5402657	-0.0271356	0.3645864	0.1136291	0.0958583	0.3971748	0.1206987	0.0028315	0.5339186	0.1091560	0.0650491	0.4768416	0.0923472	0.1234249	0.3035879	0.0658551	0.0326639	0.2736910	0.5172535	-0.2273578	0.2838957	0.5294229	-0.0932259	0.2116817	0.0948372	-0.1776443	0.2390540	0.1058126	-0.0799010	0.3788668	0.0810433	-0.1341725	0.1388635	0.0559878	-0.1143293	0.3289903	0.0598440	-0.1961811	0.2677184	1.5481567	0.0964558	0.2686400	1.5590670	-0.2450240	0.1693196	1.5722100	-0.0677816	0.3915556	0.8244343	0.1202418	0.3738676	0.7110268	0.1372885	0.2655949	0.8097712	0.1444360	0.3577393	0.7918430	-0.2612367	0.3202360	0.6821618	-0.2734799	0.2262362	0.7951097	-0.2918787	0.3619816	0.4106977	0.1118324	0.3976065	0.2864642	0.1254288	0.3184191	0.2922169	0.1191854	0.2595267	0.3883185	-0.2219325	0.2750265	0.2575808	-0.2215292	0.1962176	0.2778167	-0.2228272	0.2656581	0.9606881	0.0245867	0.2503503	0.9543524	-0.1780371	0.1500754	1.2107675	0.1951839	0.1375583	1.1967907	0.1048894	0.2786670	0.9378646	0.1583967	0.2097501	0.9142616	0.1820735	0.1982080	1.2136646	-0.3728919	0.1641234	1.1952828	-0.2994450	0.2301359	0.9157260	-0.3551437	0.1641283	0.9184023	-0.3903766
237	3.9333333	0.2525400	1.5063590	-0.0796300	0.2573800	1.5042290	0.0947400	0.1779100	1.2241790	0.1462300	0.2325700	0.9566690	0.1770600	0.2788300	1.5085690	-0.2499400	0.1852800	1.2331990	-0.3288600	0.1581400	0.9691790	-0.3677100	0.2932200	0.9896790	-0.0766400	0.3122800	0.9944590	0.0378400	0.3586200	0.5480090	0.0335100	0.3885700	0.1191890	0.0582700	0.2877300	0.9925590	-0.1938900	0.2628100	0.5316390	-0.1726400	0.2567400	0.1050090	-0.1392600	0.4194900	0.0820590	-0.1243100	0.3843300	0.0830990	-0.1651100	0.1709800	0.0384390	-0.1185900	0.5596000	0.1101990	0.0527500	0.5269900	0.1026090	0.0915200	0.3539900	0.0734490	0.0427600	0.3645300	1.0696824	0.0866213	0.3402410	1.0589909	-0.2496010	0.1390085	1.0645838	-0.0036013	0.1300570	1.0603455	-0.1351673	0.3585270	0.5397781	0.1035710	0.3703287	0.5427148	-0.0255522	0.3644373	0.1167738	0.0966106	0.3966628	0.1238554	0.0037167	0.5320851	0.1115599	0.0642751	0.4757257	0.0948808	0.1227737	0.3038208	0.0697211	0.0342761	0.2740269	0.5203844	-0.2264454	0.2839085	0.5323053	-0.0925268	0.2146733	0.0984961	-0.1770098	0.2416991	0.1092689	-0.0795921	0.3813230	0.0856722	-0.1328049	0.1421038	0.0591528	-0.1141579	0.3318856	0.0642840	-0.1946951	0.2659423	1.5514687	0.0974958	0.2705990	1.5606171	-0.2442308	0.1694466	1.5743266	-0.0678994	0.3911277	0.8262817	0.1221087	0.3733994	0.7131150	0.1390665	0.2655949	0.8121741	0.1469171	0.3576786	0.7948626	-0.2591306	0.3203968	0.6852771	-0.2718027	0.2269258	0.7977740	-0.2899002	0.3613484	0.4134610	0.1130752	0.3971322	0.2894051	0.1262414	0.3181416	0.2951119	0.1204279	0.2606174	0.3917486	-0.2209465	0.2768022	0.2613393	-0.2205654	0.1983641	0.2811305	-0.2219544	0.2654014	0.9629246	0.0273182	0.2506576	0.9565810	-0.1756829	0.1492100	1.2133434	0.1954061	0.1386550	1.1996284	0.1055315	0.2693597	0.9407755	0.1648638	0.2008919	0.9185099	0.1858043	0.1838660	1.2205294	-0.3717016	0.1531083	1.2032879	-0.2996427	0.1982914	0.9266308	-0.3608322	0.1331688	0.9320902	-0.3923941
238	3.9500000	0.2569700	1.5076690	-0.0811100	0.2572400	1.5038990	0.0947900	0.1748700	1.2271090	0.1425500	0.2055300	0.9572390	0.1844800	0.2752000	1.5084390	-0.2521400	0.1760300	1.2342890	-0.3300900	0.1151100	0.9666390	-0.3765100	0.2931400	0.9912590	-0.0769000	0.3118300	0.9942290	0.0383900	0.3596400	0.5518990	0.0335800	0.3846300	0.1177790	0.0565300	0.2870900	0.9900090	-0.1973900	0.2584700	0.5329990	-0.1748400	0.2487600	0.1023490	-0.1395700	0.4196900	0.0825490	-0.1270600	0.3850700	0.0851890	-0.1641400	0.1707500	0.0384890	-0.1185600	0.5540200	0.1104690	0.0512500	0.5266800	0.1027090	0.0886900	0.3486400	0.0699090	0.0432300	0.3643894	1.0713624	0.0866468	0.3400385	1.0602747	-0.2501682	0.1390130	1.0666142	-0.0040948	0.1300602	1.0622164	-0.1359103	0.3580205	0.5417441	0.1026435	0.3692231	0.5445492	-0.0265974	0.3628508	0.1186542	0.0950861	0.3946604	0.1256090	0.0021099	0.5290937	0.1123120	0.0612637	0.4733559	0.0958995	0.1199357	0.3023385	0.0723586	0.0335067	0.2729103	0.5224310	-0.2279885	0.2826033	0.5341194	-0.0946308	0.2156979	0.1010853	-0.1787709	0.2424324	0.1116763	-0.0819492	0.3821327	0.0890914	-0.1341608	0.1433377	0.0613346	-0.1165565	0.3330449	0.0674312	-0.1957030	0.2644787	1.5543343	0.0962153	0.2715524	1.5616762	-0.2461542	0.1690849	1.5760034	-0.0701779	0.3911862	0.8277892	0.1211927	0.3733240	0.7148230	0.1381865	0.2658873	0.8142032	0.1467734	0.3565963	0.7966516	-0.2596346	0.3193670	0.6872153	-0.2726215	0.2268330	0.7996625	-0.2903405	0.3605009	0.4154614	0.1118685	0.3960179	0.2913052	0.1245734	0.3171556	0.2971593	0.1194429	0.2600957	0.3940616	-0.2224090	0.2767438	0.2639254	-0.2220485	0.1987674	0.2834373	-0.2234036	0.2653877	0.9646927	0.0272314	0.2506089	0.9581053	-0.1761413	0.1457835	1.2164318	0.1929996	0.1386516	1.2021022	0.1048352	0.2547840	0.9424201	0.1714576	0.1862129	0.9222760	0.1890154	0.1694090	1.2256162	-0.3727249	0.1420367	1.2095377	-0.3023241	0.1631141	0.9336762	-0.3696707	0.0984514	0.9434453	-0.3966580
239	3.9666667	0.2474100	1.5085990	-0.0815100	0.2527000	1.5066590	0.0990600	0.1764200	1.2345490	0.1433800	0.1920300	0.9688990	0.1851100	0.2791000	1.5069490	-0.2537600	0.1591300	1.2400390	-0.3345300	0.1061300	0.9814390	-0.3784100	0.2888500	0.9910490	-0.0768200	0.3075500	0.9940490	0.0402300	0.3550300	0.5514390	0.0365300	0.3778000	0.1158090	0.0551600	0.2832900	0.9897690	-0.1956300	0.2549000	0.5345190	-0.1770500	0.2472200	0.1039490	-0.1395000	0.4191700	0.0843990	-0.1248700	0.3890700	0.0884590	-0.1630600	0.1773500	0.0412290	-0.1239200	0.5506500	0.1124690	0.0474400	0.5240000	0.1047490	0.0876600	0.3445700	0.0685590	0.0454100	0.3597842	1.0713087	0.0872206	0.3360120	1.0598313	-0.2503728	0.1347787	1.0668884	-0.0043862	0.1260793	1.0623207	-0.1365192	0.3534533	0.5417617	0.1025849	0.3640296	0.5444605	-0.0269146	0.3572978	0.1186269	0.0944617	0.3887177	0.1254726	0.0013912	0.5220556	0.1117759	0.0592234	0.4670317	0.0955585	0.1180773	0.2969066	0.0727347	0.0335160	0.2681906	0.5228518	-0.2295255	0.2775051	0.5343785	-0.0962368	0.2138721	0.1017516	-0.1804409	0.2401790	0.1122211	-0.0838673	0.3796868	0.0906862	-0.1346482	0.1417630	0.0615551	-0.1189407	0.3312001	0.0687452	-0.1961820	0.2585873	1.5553888	0.0958424	0.2692947	1.5610684	-0.2474872	0.1649420	1.5759660	-0.0719080	0.3869449	0.8273986	0.1209153	0.3690615	0.7146132	0.1380605	0.2618771	0.8143513	0.1472474	0.3519560	0.7967745	-0.2599624	0.3147862	0.6874890	-0.2734252	0.2229343	0.7997179	-0.2910344	0.3555813	0.4155237	0.1115859	0.3908518	0.2912740	0.1239236	0.3121189	0.2972671	0.1192881	0.2562092	0.3946689	-0.2238119	0.2736455	0.2647170	-0.2234175	0.1959455	0.2839241	-0.2249352	0.2609456	0.9646475	0.0274768	0.2465196	0.9578132	-0.1763760	0.1401625	1.2186996	0.1922589	0.1356946	1.2038485	0.1053711	0.2404240	0.9450452	0.1784139	0.1717902	0.9264793	0.1933087	0.1524735	1.2296906	-0.3732662	0.1287713	1.2141759	-0.3041306	0.1361648	0.9429402	-0.3754460	0.0723449	0.9538694	-0.3982740
240	3.9833333	0.2478700	1.5082090	-0.0813400	0.2525700	1.5080490	0.0991800	0.1758100	1.2412690	0.1436500	0.1825800	0.9754690	0.1863900	0.2798700	1.5066390	-0.2536900	0.1428600	1.2423190	-0.3433900	0.0884100	0.9879690	-0.3870800	0.2887600	0.9929590	-0.0769700	0.3074000	0.9957690	0.0407000	0.3555200	0.5491490	0.0360500	0.3614400	0.1121690	0.0521600	0.2870900	0.9919890	-0.1933600	0.2525100	0.5315490	-0.1767100	0.2426400	0.1043390	-0.1354400	0.4195000	0.0920690	-0.1259000	0.3883200	0.0903690	-0.1625600	0.1707400	0.0381690	-0.1186300	0.5520800	0.1128290	0.0498000	0.5227600	0.1069290	0.0877200	0.3400800	0.0673890	0.0416600	0.3595384	1.0731585	0.0875945	0.3361959	1.0614044	-0.2505818	0.1347384	1.0691807	-0.0048872	0.1262385	1.0644837	-0.1372481	0.3528717	0.5438209	0.1025176	0.3630078	0.5464822	-0.0272455	0.3543704	0.1200114	0.0934278	0.3855342	0.1267817	0.0001603	0.5190302	0.1129112	0.0575065	0.4641540	0.0969396	0.1164183	0.2935237	0.0742491	0.0326687	0.2665587	0.5250342	-0.2306672	0.2757012	0.5364398	-0.0979656	0.2143491	0.1042108	-0.1811655	0.2403773	0.1146149	-0.0851940	0.3803908	0.0943008	-0.1352477	0.1423119	0.0633167	-0.1202207	0.3321069	0.0719131	-0.1963507	0.2570025	1.5582435	0.0957189	0.2707936	1.5625525	-0.2489258	0.1646647	1.5780301	-0.0734919	0.3869250	0.8292391	0.1204736	0.3688794	0.7165392	0.1378314	0.2618310	0.8165346	0.1474842	0.3509225	0.7985545	-0.2603085	0.3135742	0.6894576	-0.2739861	0.2226516	0.8018891	-0.2913114	0.3543425	0.4173743	0.1112582	0.3889993	0.2928184	0.1230690	0.3102259	0.2990760	0.1189319	0.2551743	0.3970130	-0.2247196	0.2731191	0.2672117	-0.2241631	0.1957177	0.2862105	-0.2256339	0.2607091	0.9667569	0.0273777	0.2465402	0.9597453	-0.1768374	0.1383432	1.2234853	0.1922684	0.1364674	1.2078937	0.1060370	0.2321192	0.9500500	0.1842122	0.1627955	0.9327136	0.1965411	0.1404498	1.2362223	-0.3752877	0.1201940	1.2208009	-0.3065550	0.1174016	0.9528177	-0.3819307	0.0535454	0.9645397	-0.4006734
241	4.0000000	0.2522000	1.5102190	-0.0791600	0.2526400	1.5085490	0.0991000	0.1763200	1.2443390	0.1446900	0.1761600	0.9829190	0.1861800	0.2794000	1.5089690	-0.2559200	0.1348800	1.2526190	-0.3425900	0.0649800	1.0001590	-0.3974300	0.2885400	0.9947490	-0.0765000	0.3067200	0.9998890	0.0404400	0.3505600	0.5420390	0.0399200	0.3554900	0.1066090	0.0501300	0.2874700	0.9957790	-0.1930300	0.2471100	0.5347790	-0.1794500	0.2418300	0.1043990	-0.1376700	0.4186500	0.0953990	-0.1257600	0.3926800	0.0950390	-0.1609800	0.1698000	0.0353890	-0.1251100	0.5521900	0.1162790	0.0469900	0.5158300	0.1037190	0.0869400	0.3356400	0.0658390	0.0456800	0.3590956	1.0748668	0.0886520	0.3363442	1.0628910	-0.2501811	0.1345106	1.0714048	-0.0046473	0.1262621	1.0666074	-0.1372587	0.3511918	0.5449528	0.1034622	0.3610975	0.5475617	-0.0265243	0.3505819	0.1205181	0.0935818	0.3817128	0.1272055	0.0001786	0.5156212	0.1137382	0.0570898	0.4606943	0.0975785	0.1161180	0.2893313	0.0744734	0.0329638	0.2642181	0.5269179	-0.2312980	0.2731319	0.5381254	-0.0988832	0.2141806	0.1060101	-0.1817626	0.2399354	0.1162652	-0.0861095	0.3805139	0.0974749	-0.1351278	0.1421643	0.0641660	-0.1214036	0.3325404	0.0745333	-0.1961042	0.2557381	1.5607930	0.0962699	0.2721953	1.5638743	-0.2496278	0.1645089	1.5800319	-0.0741869	0.3864101	0.8303748	0.1210839	0.3679338	0.7176824	0.1386254	0.2611014	0.8183901	0.1483790	0.3497549	0.8000720	-0.2601446	0.3120072	0.6911634	-0.2740922	0.2220750	0.8039783	-0.2912621	0.3519861	0.4183619	0.1120112	0.3861034	0.2935282	0.1234811	0.3072861	0.2999698	0.1195682	0.2534307	0.3989929	-0.2252694	0.2719818	0.2692170	-0.2246650	0.1947473	0.2880649	-0.2261339	0.2602829	0.9687292	0.0279137	0.2464753	0.9615765	-0.1767053	0.1373532	1.2285123	0.1926100	0.1373007	1.2119621	0.1076523	0.2260163	0.9558308	0.1889552	0.1567352	0.9391542	0.1997127	0.1282951	1.2438108	-0.3760487	0.1117636	1.2276769	-0.3087651	0.0982468	0.9643740	-0.3899440	0.0347511	0.9767117	-0.4045393
242	4.0166667	0.2478900	1.5118790	-0.0809800	0.2486300	1.5082390	0.1011800	0.1732000	1.2545190	0.1417300	0.1582500	0.9948190	0.1837900	0.2804300	1.5088190	-0.2598400	0.1403200	1.2697390	-0.3442000	0.0568000	1.0095690	-0.3999600	0.2881900	0.9965190	-0.0768100	0.2979100	1.0009390	0.0408900	0.3458600	0.5481790	0.0422100	0.3556600	0.1122490	0.0502500	0.2863400	0.9975490	-0.1931200	0.2420600	0.5314790	-0.1762100	0.2383200	0.1068490	-0.1358800	0.4057800	0.0966190	-0.1245000	0.3804100	0.0910290	-0.1628300	0.1773300	0.0435990	-0.1244100	0.5335700	0.1137090	0.0465400	0.4964600	0.0964690	0.0889700	0.3271800	0.0632290	0.0459700	0.3580937	1.0769225	0.0892873	0.3365725	1.0645922	-0.2506966	0.1338484	1.0731440	-0.0054024	0.1260874	1.0681871	-0.1384560	0.3480704	0.5458842	0.1039723	0.3582851	0.5485445	-0.0258377	0.3445913	0.1211921	0.0931479	0.3760023	0.1278134	-0.0000040	0.5086491	0.1133661	0.0566730	0.4538057	0.0973707	0.1153593	0.2834898	0.0757371	0.0326903	0.2610831	0.5285321	-0.2323055	0.2699840	0.5396298	-0.1003789	0.2130315	0.1076207	-0.1826362	0.2387197	0.1177667	-0.0874805	0.3788073	0.0999129	-0.1357583	0.1413853	0.0651807	-0.1226217	0.3311741	0.0764192	-0.1962760	0.2537477	1.5632315	0.0962561	0.2731862	1.5650409	-0.2512464	0.1638166	1.5815108	-0.0757756	0.3845678	0.8310880	0.1212284	0.3655137	0.7184768	0.1388773	0.2593752	0.8200569	0.1483237	0.3481771	0.8010728	-0.2607005	0.3098181	0.6924417	-0.2747524	0.2211324	0.8058326	-0.2918731	0.3479181	0.4192733	0.1122746	0.3810614	0.2941802	0.1234037	0.3025006	0.3009362	0.1194404	0.2507890	0.4008218	-0.2262176	0.2698806	0.2710861	-0.2255933	0.1928713	0.2896636	-0.2268520	0.2595741	0.9705601	0.0277452	0.2465088	0.9631814	-0.1775693	0.1346501	1.2347852	0.1909388	0.1365099	1.2178113	0.1074095	0.2165103	0.9625078	0.1913464	0.1472691	0.9469052	0.2001400	0.1213532	1.2512683	-0.3775646	0.1069934	1.2348140	-0.3117183	0.0853157	0.9759606	-0.3960825	0.0226101	0.9887810	-0.4075731
243	4.0333333	0.2472200	1.5142590	-0.0813300	0.2436200	1.5124890	0.0993400	0.1730000	1.2611390	0.1420600	0.1433900	0.9998290	0.1822200	0.2796200	1.5091490	-0.2597700	0.1329500	1.2784290	-0.3446600	0.0514300	1.0254190	-0.3994600	0.2878400	0.9998190	-0.0763700	0.2975400	0.9991590	0.0406000	0.3407000	0.5477190	0.0401300	0.3457100	0.1130990	0.0496800	0.2865800	0.9975190	-0.1930500	0.2423300	0.5342890	-0.1765300	0.2369000	0.1067690	-0.1363900	0.4050100	0.0945390	-0.1246400	0.3760300	0.0892190	-0.1618400	0.1775000	0.0435190	-0.1244700	0.5138500	0.1050890	0.0474400	0.4849000	0.0918790	0.0904500	0.3222500	0.0660890	0.0459800	0.3568754	1.0805926	0.0904998	0.3367709	1.0677694	-0.2500244	0.1334001	1.0762922	-0.0057351	0.1261939	1.0711275	-0.1389978	0.3437615	0.5482042	0.1048746	0.3545579	0.5508148	-0.0245148	0.3366682	0.1229007	0.0933757	0.3684885	0.1293384	0.0007035	0.4990340	0.1128516	0.0571327	0.4443474	0.0971655	0.1152601	0.2760697	0.0785171	0.0332030	0.2578852	0.5313554	-0.2325142	0.2668824	0.5423334	-0.1009792	0.2114434	0.1105665	-0.1829806	0.2372692	0.1205903	-0.0882359	0.3763314	0.1026561	-0.1357298	0.1404329	0.0681500	-0.1232659	0.3290012	0.0788887	-0.1959421	0.2516137	1.5670315	0.0964304	0.2738154	1.5675862	-0.2522449	0.1629162	1.5843357	-0.0771962	0.3821151	0.8331999	0.1220366	0.3622106	0.7206952	0.1396276	0.2570588	0.8233325	0.1484598	0.3465433	0.8034597	-0.2604942	0.3075527	0.6950357	-0.2746512	0.2201914	0.8090819	-0.2917162	0.3424322	0.4214600	0.1129469	0.3743149	0.2959555	0.1238923	0.2961352	0.3031862	0.1197250	0.2478819	0.4038881	-0.2265020	0.2673967	0.2742481	-0.2259683	0.1906292	0.2925367	-0.2269392	0.2588768	0.9739487	0.0280720	0.2466697	0.9662623	-0.1775672	0.1322133	1.2414679	0.1894316	0.1353896	1.2245917	0.1079494	0.2052563	0.9692002	0.1926810	0.1363704	0.9552413	0.1999125	0.1156803	1.2598553	-0.3775969	0.1031704	1.2431380	-0.3130683	0.0766622	0.9893456	-0.3998834	0.0146470	1.0016853	-0.4088467
244	4.0500000	0.2432500	1.5140090	-0.0794000	0.2434500	1.5122390	0.0993600	0.1667000	1.2616790	0.1432400	0.1355700	1.0030990	0.1844300	0.2755900	1.5107690	-0.2621800	0.1240400	1.2852690	-0.3439200	0.0489800	1.0406790	-0.4022500	0.2881400	0.9963290	-0.0745300	0.2978500	1.0007590	0.0409400	0.3351700	0.5506590	0.0441700	0.3461200	0.1149590	0.0492700	0.2860900	0.9953890	-0.1931100	0.2369100	0.5307190	-0.1744300	0.2294000	0.1039190	-0.1323900	0.4049100	0.0926190	-0.1208800	0.3759100	0.0878590	-0.1619200	0.1938900	0.0529090	-0.1336300	0.5151600	0.1062090	0.0485400	0.4828100	0.0934290	0.0898900	0.3097600	0.0629590	0.0506600	0.3562138	1.0774914	0.0932012	0.3376277	1.0644727	-0.2482110	0.1334827	1.0726174	-0.0043008	0.1268589	1.0673659	-0.1379180	0.3401262	0.5435126	0.1076587	0.3512694	0.5460963	-0.0217166	0.3307078	0.1187027	0.0952541	0.3627888	0.1249761	0.0027259	0.4913599	0.1071784	0.0588040	0.4371010	0.0913768	0.1168022	0.2706405	0.0751785	0.0351799	0.2552893	0.5277850	-0.2310955	0.2644365	0.5385253	-0.0996094	0.2113166	0.1068495	-0.1822419	0.2374130	0.1167028	-0.0877349	0.3750640	0.0989820	-0.1344052	0.1411555	0.0643350	-0.1228430	0.3281534	0.0748758	-0.1945320	0.2497287	1.5643639	0.0979623	0.2739477	1.5636430	-0.2519249	0.1621043	1.5804270	-0.0768828	0.3806081	0.8283509	0.1246250	0.3597973	0.7159127	0.1422855	0.2555098	0.8196256	0.1505740	0.3458457	0.7992112	-0.2589212	0.3061001	0.6911201	-0.2731393	0.2197996	0.8057801	-0.2903547	0.3379484	0.4169773	0.1154034	0.3690618	0.2913943	0.1261538	0.2911589	0.2990137	0.1218462	0.2457520	0.4005722	-0.2253095	0.2660279	0.2709498	-0.2251084	0.1893553	0.2889394	-0.2257265	0.2588091	0.9703687	0.0299591	0.2475292	0.9625676	-0.1762206	0.1290834	1.2414477	0.1894623	0.1336139	1.2248073	0.1094829	0.1950316	0.9697604	0.1951989	0.1264367	0.9571031	0.2008151	0.1101824	1.2633325	-0.3762872	0.0997400	1.2459179	-0.3126660	0.0718834	0.9980058	-0.4026868	0.0104732	1.0087329	-0.4095096
245	4.0666667	0.2474000	1.5160990	-0.0810700	0.2436700	1.5126590	0.0993200	0.1691700	1.2615590	0.1469600	0.1342800	1.0088390	0.1854800	0.2793300	1.5107590	-0.2598600	0.1265700	1.2865090	-0.3467200	0.0287100	1.0426390	-0.4020900	0.2839400	0.9958490	-0.0720700	0.2936000	1.0004490	0.0426300	0.3299800	0.5454490	0.0463700	0.3451300	0.1147690	0.0492200	0.2867200	0.9955790	-0.1930700	0.2315300	0.5315390	-0.1726600	0.2280700	0.1038390	-0.1328900	0.4085200	0.0957690	-0.1226200	0.3757600	0.0877390	-0.1624200	0.1709600	0.0404490	-0.1191600	0.5220000	0.1098590	0.0469100	0.4878800	0.0933690	0.0880900	0.3048500	0.0593490	0.0459100	0.3514604	1.0770269	0.0963703	0.3344629	1.0637505	-0.2455196	0.1292104	1.0723303	-0.0025687	0.1232225	1.0669496	-0.1363671	0.3330085	0.5422442	0.1104621	0.3443905	0.5449787	-0.0191289	0.3230166	0.1172500	0.0967427	0.3552745	0.1236309	0.0041552	0.4835637	0.1059944	0.0599874	0.4295110	0.0891993	0.1180143	0.2631629	0.0734651	0.0365072	0.2481188	0.5266774	-0.2287658	0.2574380	0.5373980	-0.0976641	0.2061630	0.1061908	-0.1802039	0.2325388	0.1160947	-0.0861833	0.3699045	0.0989738	-0.1325069	0.1366033	0.0631714	-0.1211864	0.3229451	0.0741493	-0.1923363	0.2449056	1.5646333	0.0995653	0.2709740	1.5630607	-0.2514438	0.1579550	1.5803014	-0.0765512	0.3751551	0.8271368	0.1276117	0.3536439	0.7146407	0.1452417	0.2496813	0.8189797	0.1531610	0.3404235	0.7976051	-0.2565774	0.2999928	0.6897435	-0.2707308	0.2147777	0.8052881	-0.2879024	0.3304916	0.4157144	0.1178021	0.3614065	0.2900437	0.1282443	0.2836497	0.2976211	0.1238088	0.2388877	0.3998047	-0.2230849	0.2597032	0.2703885	-0.2230970	0.1831932	0.2880668	-0.2233103	0.2540314	0.9700247	0.0323066	0.2437109	0.9620682	-0.1741674	0.1245860	1.2435146	0.1907017	0.1299781	1.2270359	0.1119091	0.1855874	0.9730406	0.1970890	0.1176070	0.9609606	0.2024186	0.1034320	1.2683957	-0.3744109	0.0945920	1.2509961	-0.3128907	0.0619023	1.0072903	-0.4040882	0.0009929	1.0174094	-0.4093729
246	4.0833333	0.2477900	1.5158190	-0.0809900	0.2483700	1.5122690	0.1011700	0.1661200	1.2645990	0.1432300	0.1339500	1.0125990	0.1873700	0.2845100	1.5123490	-0.2612700	0.1235500	1.2909490	-0.3435900	0.0157700	1.0445990	-0.4084800	0.2838000	0.9958990	-0.0725000	0.2937600	0.9985490	0.0430000	0.3266700	0.5445290	0.0507300	0.3413600	0.1131690	0.0505000	0.2861100	0.9937690	-0.1932800	0.2264600	0.5278590	-0.1707600	0.2289100	0.1039890	-0.1330700	0.4013000	0.0933690	-0.1223900	0.3754300	0.0913690	-0.1615100	0.1933400	0.0555490	-0.1321000	0.5286100	0.1140690	0.0503400	0.4873600	0.0965790	0.0861900	0.3007500	0.0590690	0.0482600	0.3506513	1.0773068	0.0968549	0.3353483	1.0639610	-0.2462641	0.1287667	1.0726768	-0.0031468	0.1234459	1.0672488	-0.1373991	0.3301224	0.5409979	0.1108154	0.3419209	0.5440626	-0.0191013	0.3207228	0.1171857	0.0961963	0.3533939	0.1238384	0.0034428	0.4819002	0.1068899	0.0591269	0.4278208	0.0891077	0.1174524	0.2610607	0.0730586	0.0356418	0.2453001	0.5266445	-0.2291729	0.2547708	0.5371662	-0.0979236	0.2070512	0.1065194	-0.1815086	0.2336995	0.1163149	-0.0875189	0.3698585	0.0996016	-0.1335402	0.1384242	0.0630998	-0.1227539	0.3232988	0.0744374	-0.1932410	0.2446127	1.5650853	0.0989457	0.2722589	1.5627044	-0.2534268	0.1584402	1.5803271	-0.0781318	0.3738523	0.8260496	0.1282156	0.3516513	0.7134041	0.1458259	0.2478326	0.8184365	0.1533250	0.3396777	0.7970322	-0.2573245	0.2984188	0.6894405	-0.2713887	0.2138417	0.8055463	-0.2887736	0.3274690	0.4149993	0.1179441	0.3585238	0.2897417	0.1283301	0.2809632	0.2968594	0.1234869	0.2368673	0.4002207	-0.2238079	0.2588764	0.2710100	-0.2242538	0.1822508	0.2882675	-0.2240737	0.2532940	0.9700162	0.0320924	0.2440060	0.9620228	-0.1751285	0.1241221	1.2461417	0.1884779	0.1307809	1.2294749	0.1114925	0.1812937	0.9772002	0.1970357	0.1142669	0.9653472	0.2018610	0.1001521	1.2734705	-0.3745733	0.0930769	1.2558069	-0.3150376	0.0548586	1.0155831	-0.4090329	-0.0055797	1.0256839	-0.4126549
247	4.1000000	0.2525900	1.5141190	-0.0788600	0.2488100	1.5104090	0.1013800	0.1683700	1.2649990	0.1461200	0.1336700	1.0181590	0.1871300	0.2836400	1.5125290	-0.2573900	0.1235300	1.2919790	-0.3433000	0.0145000	1.0452890	-0.4061300	0.2838700	0.9957790	-0.0721700	0.2984100	0.9991990	0.0445500	0.3252200	0.5464790	0.0507800	0.3405000	0.1150990	0.0511000	0.2866400	0.9939090	-0.1932400	0.2321600	0.5296390	-0.1733700	0.2324300	0.1051790	-0.1285200	0.4085500	0.0977790	-0.1217700	0.3882100	0.0955590	-0.1565100	0.1937100	0.0524790	-0.1328900	0.5320500	0.1158890	0.0513000	0.4946100	0.0996590	0.0885400	0.2999500	0.0602490	0.0481900	0.3505034	1.0771855	0.0980652	0.3367257	1.0638168	-0.2461160	0.1286742	1.0730243	-0.0031657	0.1239963	1.0675320	-0.1378183	0.3281376	0.5404439	0.1117485	0.3403054	0.5437021	-0.0186484	0.3201725	0.1169391	0.0966252	0.3532313	0.1238520	0.0037127	0.4831025	0.1082385	0.0592570	0.4287975	0.0893245	0.1178487	0.2604297	0.0719580	0.0357909	0.2440467	0.5261266	-0.2287986	0.2533936	0.5367642	-0.0972938	0.2099111	0.1068377	-0.1817084	0.2365087	0.1168097	-0.0876616	0.3728044	0.1010920	-0.1331535	0.1418217	0.0627607	-0.1233765	0.3264969	0.0752626	-0.1929820	0.2457108	1.5652908	0.0994129	0.2746881	1.5628265	-0.2539027	0.1600119	1.5806846	-0.0783583	0.3729994	0.8255102	0.1295354	0.3502865	0.7127882	0.1470971	0.2463643	0.8180938	0.1542265	0.3396602	0.7964975	-0.2569977	0.2979619	0.6889068	-0.2711016	0.2136527	0.8052675	-0.2889941	0.3255758	0.4147288	0.1187488	0.3570329	0.2897530	0.1292060	0.2796320	0.2962318	0.1239722	0.2365718	0.4001542	-0.2236348	0.2598111	0.2713447	-0.2243519	0.1831951	0.2880660	-0.2239719	0.2526625	0.9699383	0.0325611	0.2442959	0.9619256	-0.1753112	0.1249130	1.2476816	0.1875741	0.1324439	1.2311222	0.1121118	0.1794152	0.9806003	0.1972001	0.1134256	0.9687659	0.2018935	0.0989423	1.2765720	-0.3733286	0.0931259	1.2590962	-0.3154854	0.0510998	1.0211508	-0.4105631	-0.0089981	1.0311776	-0.4130555
248	4.1166667	0.2486700	1.5119990	-0.0770300	0.2486300	1.5101790	0.1013900	0.1625900	1.2651390	0.1475300	0.1332700	1.0195190	0.1880200	0.2794500	1.5104690	-0.2535100	0.1228100	1.2917390	-0.3432000	0.0111600	1.0452490	-0.4049200	0.2838500	0.9919690	-0.0724100	0.2984700	0.9971290	0.0449600	0.3249200	0.5480990	0.0504000	0.3414400	0.1152290	0.0512100	0.2816800	0.9932890	-0.1916100	0.2259800	0.5294690	-0.1707200	0.2285100	0.1038690	-0.1305100	0.4091500	0.0996190	-0.1215500	0.3840800	0.0943390	-0.1578200	0.1924100	0.0566890	-0.1320700	0.5329300	0.1172190	0.0523500	0.4951000	0.0995890	0.0889200	0.3005800	0.0592090	0.0480800	0.3507200	1.0734799	0.0983778	0.3370906	1.0602859	-0.2469192	0.1286417	1.0694484	-0.0029315	0.1240352	1.0640135	-0.1379962	0.3268884	0.5364490	0.1124284	0.3388890	0.5398206	-0.0184317	0.3205126	0.1140198	0.0969774	0.3535342	0.1211036	0.0037002	0.4851913	0.1069590	0.0590479	0.4306827	0.0872266	0.1181181	0.2603668	0.0682842	0.0360149	0.2420711	0.5226045	-0.2286217	0.2515182	0.5332256	-0.0971809	0.2114612	0.1043218	-0.1822452	0.2380831	0.1143367	-0.0883961	0.3745465	0.0994537	-0.1334721	0.1437989	0.0597858	-0.1242945	0.3283987	0.0729867	-0.1931825	0.2463148	1.5617650	0.0996622	0.2753902	1.5590460	-0.2544136	0.1606769	1.5768514	-0.0782159	0.3728666	0.8214336	0.1299964	0.3497302	0.7086950	0.1477741	0.2458482	0.8140829	0.1549629	0.3388264	0.7924606	-0.2572300	0.2966568	0.6850896	-0.2711707	0.2128281	0.8016374	-0.2892214	0.3245216	0.4112383	0.1193518	0.3564715	0.2867364	0.1297053	0.2792437	0.2926667	0.1245731	0.2354093	0.3971651	-0.2236766	0.2596367	0.2687558	-0.2247548	0.1831942	0.2850490	-0.2239975	0.2524536	0.9659990	0.0326806	0.2441843	0.9580956	-0.1758739	0.1240109	1.2459696	0.1865922	0.1325664	1.2294263	0.1122957	0.1776903	0.9808241	0.1970042	0.1125248	0.9686554	0.2014421	0.0974897	1.2754641	-0.3724381	0.0926644	1.2583132	-0.3161289	0.0478264	1.0216419	-0.4116203	-0.0118579	1.0315474	-0.4132643
249	4.1333333	0.2529000	1.5120790	-0.0726600	0.2487600	1.5103790	0.1014500	0.1634000	1.2652490	0.1481300	0.1309400	1.0174990	0.1927100	0.2831000	1.5122690	-0.2511500	0.1223600	1.2926090	-0.3426900	0.0107300	1.0459290	-0.4023700	0.2841000	0.9940390	-0.0696700	0.2897300	0.9965590	0.0470000	0.3251100	0.5464190	0.0509800	0.3405400	0.1152390	0.0510800	0.2779400	0.9930490	-0.1937000	0.2269800	0.5243090	-0.1713800	0.2324000	0.1052990	-0.1285100	0.4046000	0.0982790	-0.1230100	0.3796700	0.0928590	-0.1600500	0.1920300	0.0565190	-0.1316500	0.5364200	0.1188190	0.0505100	0.4955200	0.1014090	0.0866500	0.3007900	0.0615790	0.0486700	0.3511043	1.0755711	0.1016223	0.3379140	1.0624727	-0.2445109	0.1288644	1.0719683	-0.0001887	0.1244578	1.0665199	-0.1355636	0.3260047	0.5383862	0.1154754	0.3379251	0.5420416	-0.0157325	0.3208649	0.1165989	0.0993483	0.3539128	0.1239602	0.0058886	0.4873907	0.1109421	0.0608427	0.4325909	0.0903146	0.1202056	0.2602494	0.0702692	0.0383212	0.2404717	0.5247836	-0.2259465	0.2501825	0.5352672	-0.0946601	0.2128296	0.1074024	-0.1803962	0.2395593	0.1174168	-0.0867994	0.3759967	0.1028780	-0.1317148	0.1457112	0.0625464	-0.1227424	0.3299411	0.0759823	-0.1912628	0.2475478	1.5641134	0.1024386	0.2769149	1.5615640	-0.2518589	0.1620193	1.5792646	-0.0754818	0.3727774	0.8231821	0.1331580	0.3493413	0.7104367	0.1509701	0.2455265	0.8159172	0.1582294	0.3382076	0.7943314	-0.2548067	0.2956225	0.6871235	-0.2686210	0.2122396	0.8039239	-0.2865372	0.3237741	0.4135524	0.1222308	0.3560389	0.2893777	0.1323915	0.2790164	0.2947347	0.1272266	0.2344832	0.3998232	-0.2212468	0.2594530	0.2718563	-0.2227437	0.1832826	0.2876326	-0.2215679	0.2524141	0.9680398	0.0356247	0.2444042	0.9601855	-0.1734370	0.1237982	1.2485781	0.1883140	0.1333871	1.2322211	0.1152411	0.1764514	0.9846328	0.1999063	0.1119591	0.9724079	0.2040541	0.0973721	1.2787123	-0.3690558	0.0932251	1.2620019	-0.3137560	0.0467518	1.0255963	-0.4092157	-0.0126606	1.0354605	-0.4103805
250	4.1500000	0.2533800	1.5118190	-0.0748700	0.2486200	1.5101090	0.1014700	0.1633500	1.2631790	0.1479600	0.1340200	1.0133890	0.1982400	0.2793400	1.5121290	-0.2494000	0.1217700	1.2874790	-0.3429000	0.0112400	1.0462190	-0.4042600	0.2837500	0.9918690	-0.0698400	0.2897400	0.9941990	0.0474100	0.3210200	0.5428890	0.0554700	0.3413600	0.1152590	0.0512300	0.2817500	0.9914990	-0.1916900	0.2281200	0.5223090	-0.1703200	0.2329100	0.1052490	-0.1286000	0.4043800	0.0964790	-0.1239900	0.3797200	0.0930490	-0.1596000	0.1924300	0.0549790	-0.1313700	0.5322800	0.1205490	0.0521000	0.4927000	0.1014590	0.0888400	0.3003100	0.0626290	0.0488600	0.3507993	1.0736777	0.1019615	0.3380234	1.0605694	-0.2450603	0.1285381	1.0699928	-0.0002702	0.1243076	1.0645194	-0.1359791	0.3244218	0.5362190	0.1160890	0.3363929	0.5400372	-0.0153596	0.3204549	0.1152989	0.0992768	0.3535993	0.1228206	0.0057316	0.4883247	0.1108745	0.0604982	0.4332786	0.0895841	0.1200549	0.2596305	0.0684465	0.0381245	0.2387573	0.5226283	-0.2260918	0.2488791	0.5330860	-0.0948206	0.2133159	0.1062450	-0.1810670	0.2402618	0.1163086	-0.0876295	0.3763319	0.1020647	-0.1325332	0.1467717	0.0612611	-0.1235324	0.3303439	0.0748513	-0.1919427	0.2478395	1.5622760	0.1025186	0.2771731	1.5599468	-0.2516633	0.1624708	1.5773065	-0.0751619	0.3718350	0.8207381	0.1337139	0.3481304	0.7080554	0.1516017	0.2445472	0.8136024	0.1586515	0.3372658	0.7918853	-0.2553034	0.2942990	0.6848060	-0.2689750	0.2111081	0.8017472	-0.2868248	0.3223172	0.4117687	0.1226727	0.3548509	0.2879216	0.1326703	0.2780931	0.2929460	0.1273941	0.2332089	0.3981201	-0.2215888	0.2586865	0.2705342	-0.2234371	0.1828082	0.2859714	-0.2217877	0.2518276	0.9657611	0.0356899	0.2440700	0.9578976	-0.1739123	0.1234343	1.2464615	0.1876993	0.1342761	1.2299154	0.1156416	0.1761563	0.9836494	0.2013154	0.1121033	0.9713065	0.2051233	0.0966218	1.2770129	-0.3686509	0.0935877	1.2604999	-0.3143942	0.0461151	1.0244158	-0.4103977	-0.0127505	1.0338915	-0.4110837
251	4.1666667	0.2530700	1.5120890	-0.0725800	0.2488600	1.5119490	0.1015400	0.1641700	1.2632590	0.1483700	0.1357000	1.0111690	0.2007900	0.2829900	1.5105190	-0.2511900	0.1214100	1.2907590	-0.3420800	0.0176800	1.0472590	-0.3995800	0.2793600	0.9954390	-0.0715400	0.2889300	0.9962990	0.0473300	0.3199100	0.5409790	0.0561600	0.3404200	0.1151590	0.0511700	0.2775900	0.9947690	-0.1936600	0.2234100	0.5174190	-0.1687200	0.2278200	0.1038690	-0.1303500	0.4087000	0.0995990	-0.1246300	0.3794900	0.0927890	-0.1600400	0.1898400	0.0544390	-0.1285000	0.5328200	0.1226890	0.0521700	0.4940800	0.1050490	0.0860400	0.2998600	0.0625390	0.0505600	0.3466312	1.0773013	0.1005861	0.3339882	1.0641820	-0.2467752	0.1243788	1.0738734	-0.0019818	0.1202327	1.0683662	-0.1378158	0.3194783	0.5395643	0.1149525	0.3314643	0.5434937	-0.0164712	0.3170024	0.1192112	0.0979791	0.3501758	0.1269055	0.0045060	0.4863950	0.1160005	0.0587937	0.4310978	0.0939905	0.1184579	0.2559703	0.0717480	0.0370055	0.2329002	0.5258976	-0.2271689	0.2434145	0.5363814	-0.0962252	0.2097606	0.1104813	-0.1824299	0.2369022	0.1206438	-0.0893669	0.3730772	0.1063519	-0.1343286	0.1437617	0.0654118	-0.1250776	0.3269913	0.0788581	-0.1934641	0.2449896	1.5658719	0.1014470	0.2744302	1.5637966	-0.2526539	0.1596609	1.5811581	-0.0762707	0.3671440	0.8242304	0.1323648	0.3433324	0.7114496	0.1503300	0.2398559	0.8169982	0.1571168	0.3320713	0.7950453	-0.2570687	0.2887819	0.6880119	-0.2704044	0.2058920	0.8052315	-0.2880933	0.3176132	0.4154210	0.1215173	0.3504499	0.2919289	0.1314352	0.2740536	0.2964084	0.1261198	0.2278262	0.4018096	-0.2227770	0.2537942	0.2746302	-0.2248904	0.1782382	0.2896760	-0.2227413	0.2472825	0.9693375	0.0340214	0.2395988	0.9614597	-0.1757919	0.1212925	1.2486729	0.1867224	0.1330693	1.2321059	0.1150293	0.1749994	0.9863255	0.2019814	0.1109485	0.9740863	0.2056032	0.0946731	1.2796707	-0.3690828	0.0922924	1.2637062	-0.3151608	0.0464628	1.0271620	-0.4103798	-0.0121649	1.0358892	-0.4112184
252	4.1833333	0.2533800	1.5116990	-0.0723500	0.2450600	1.5079790	0.1037800	0.1666100	1.2584690	0.1512800	0.1400100	1.0045990	0.2011800	0.2792200	1.5123190	-0.2492800	0.1265800	1.2878190	-0.3405100	0.0347500	1.0480690	-0.3957700	0.2837900	0.9959090	-0.0672100	0.2891800	0.9962990	0.0477500	0.3200600	0.5428890	0.0539600	0.3412900	0.1151890	0.0513700	0.2771000	0.9947290	-0.1936800	0.2230200	0.5190290	-0.1687900	0.2285000	0.1038090	-0.1305000	0.4048700	0.0982790	-0.1234300	0.3753600	0.0915190	-0.1614800	0.1913200	0.0556190	-0.1293300	0.5326600	0.1206990	0.0521500	0.4942800	0.1029290	0.0894000	0.2992900	0.0634790	0.0526700	0.3511807	1.0782859	0.1052688	0.3383453	1.0649933	-0.2428180	0.1286909	1.0741531	0.0025342	0.1244719	1.0685524	-0.1335593	0.3227325	0.5395412	0.1195559	0.3343801	0.5436128	-0.0120693	0.3213517	0.1198112	0.1019616	0.3543062	0.1276139	0.0083042	0.4915246	0.1172165	0.0621153	0.4362750	0.0946571	0.1220450	0.2599608	0.0720891	0.0410303	0.2351777	0.5258131	-0.2225497	0.2463949	0.5361196	-0.0919893	0.2132322	0.1112530	-0.1789027	0.2408283	0.1213439	-0.0863020	0.3768191	0.1067010	-0.1314815	0.1477069	0.0663601	-0.1216600	0.3304158	0.0791736	-0.1902606	0.2492650	1.5664179	0.1055811	0.2788523	1.5644950	-0.2484955	0.1641103	1.5815035	-0.0721660	0.3714167	0.8240945	0.1368690	0.3472577	0.7113242	0.1549315	0.2441152	0.8171766	0.1619295	0.3352825	0.7947308	-0.2531658	0.2914867	0.6878451	-0.2661311	0.2090119	0.8055941	-0.2833701	0.3210343	0.4157294	0.1259821	0.3541819	0.2924498	0.1356380	0.2779418	0.2966805	0.1304178	0.2302016	0.4021710	-0.2184421	0.2563137	0.2753331	-0.2211130	0.1811726	0.2900544	-0.2183823	0.2517504	0.9696528	0.0385718	0.2439478	0.9616670	-0.1716747	0.1270194	1.2466319	0.1906761	0.1396373	1.2303516	0.1191080	0.1817512	0.9845798	0.2065589	0.1176634	0.9725202	0.2099376	0.1017694	1.2783918	-0.3646126	0.0999514	1.2626925	-0.3106393	0.0588880	1.0256302	-0.4047889	0.0003449	1.0330828	-0.4060131
253	4.2000000	0.2530400	1.5119090	-0.0700300	0.2450600	1.5080990	0.1061700	0.1666300	1.2635390	0.1512300	0.1406500	1.0019790	0.2027300	0.2825300	1.5103890	-0.2489000	0.1236200	1.2860090	-0.3371200	0.0404000	1.0463290	-0.3918000	0.2795800	0.9930290	-0.0646900	0.2888600	0.9980490	0.0498500	0.3196200	0.5431490	0.0542300	0.3402600	0.1133590	0.0517700	0.2776300	0.9946490	-0.1911600	0.2235400	0.5236690	-0.1690000	0.2279200	0.1037690	-0.1303900	0.4094200	0.1013490	-0.1206000	0.3796700	0.0927690	-0.1565400	0.1919100	0.0516290	-0.1303200	0.5294600	0.1179990	0.0531700	0.4930600	0.1016790	0.0942100	0.3044500	0.0650990	0.0530200	0.3467673	1.0756746	0.1081214	0.3345224	1.0621463	-0.2403323	0.1245926	1.0715342	0.0047389	0.1206223	1.0658106	-0.1314918	0.3179312	0.5366153	0.1217927	0.3297538	0.5408088	-0.0099914	0.3178447	0.1172873	0.1039398	0.3509939	0.1252574	0.0103294	0.4885633	0.1152590	0.0640193	0.4332506	0.0921203	0.1239482	0.2566256	0.0693354	0.0429570	0.2300428	0.5227174	-0.2204121	0.2417605	0.5328745	-0.0899113	0.2098587	0.1087119	-0.1773075	0.2377390	0.1187366	-0.0848708	0.3736958	0.1043285	-0.1296843	0.1447790	0.0635982	-0.1202875	0.3271315	0.0765403	-0.1884781	0.2458122	1.5636822	0.1078793	0.2761443	1.5618880	-0.2461108	0.1610905	1.5789879	-0.0701067	0.3669724	0.8210342	0.1397239	0.3426401	0.7082879	0.1575638	0.2393776	0.8142241	0.1643982	0.3305106	0.7916523	-0.2510899	0.2864856	0.6847921	-0.2640099	0.2042526	0.8026788	-0.2810068	0.3164214	0.4130078	0.1281535	0.3498644	0.2899577	0.1378502	0.2738075	0.2938260	0.1323684	0.2254151	0.3993667	-0.2164840	0.2518791	0.2728459	-0.2194561	0.1769760	0.2871759	-0.2163360	0.2473338	0.9668008	0.0411161	0.2398862	0.9586577	-0.1693527	0.1251968	1.2422047	0.1927004	0.1385005	1.2261810	0.1208391	0.1812621	0.9803506	0.2085496	0.1168415	0.9685278	0.2120028	0.1009563	1.2741910	-0.3620243	0.0998222	1.2586777	-0.3078491	0.0649017	1.0214538	-0.4006280	0.0064116	1.0272180	-0.4023373
254	4.2166667	0.2539400	1.5134890	-0.0655700	0.2454200	1.5057290	0.1087800	0.1671400	1.2563790	0.1510000	0.1403500	1.0002090	0.2030800	0.2790100	1.5124090	-0.2469300	0.1295000	1.2855790	-0.3350000	0.0473600	1.0421190	-0.3917600	0.2792900	0.9931690	-0.0649600	0.2851900	0.9958190	0.0521700	0.3201100	0.5426990	0.0564700	0.3409500	0.1115990	0.0524100	0.2815800	0.9931490	-0.1889300	0.2187200	0.5223290	-0.1676100	0.2329900	0.1050990	-0.1286200	0.4093800	0.0995790	-0.1215900	0.3882400	0.0957990	-0.1559700	0.1924200	0.0520390	-0.1306800	0.5292900	0.1156490	0.0541100	0.4933300	0.0997290	0.0948600	0.2991500	0.0613290	0.0516200	0.3460938	1.0760256	0.1082522	0.3346813	1.0625604	-0.2406365	0.1242162	1.0715767	0.0042308	0.1205916	1.0658502	-0.1321525	0.3171714	0.5366434	0.1215377	0.3291704	0.5409267	-0.0103833	0.3180662	0.1175228	0.1031530	0.3513557	0.1255869	0.0094772	0.4891853	0.1156454	0.0633456	0.4338252	0.0922872	0.1232592	0.2570338	0.0695770	0.0419948	0.2288576	0.5227594	-0.2206724	0.2408049	0.5328390	-0.0904650	0.2109021	0.1092164	-0.1782481	0.2389122	0.1192354	-0.0861115	0.3753571	0.1051370	-0.1304682	0.1461168	0.0638800	-0.1215641	0.3286200	0.0771233	-0.1892004	0.2454453	1.5637499	0.1077912	0.2767638	1.5622357	-0.2461678	0.1612888	1.5791732	-0.0704743	0.3664218	0.8210742	0.1397959	0.3419679	0.7082836	0.1575438	0.2386046	0.8141503	0.1642208	0.3298265	0.7915466	-0.2515497	0.2855767	0.6847706	-0.2643320	0.2036790	0.8028277	-0.2811574	0.3158026	0.4131391	0.1277933	0.3494629	0.2901863	0.1373850	0.2735714	0.2939147	0.1317489	0.2247147	0.3997030	-0.2169410	0.2517096	0.2734579	-0.2202059	0.1770519	0.2873798	-0.2167887	0.2467844	0.9668124	0.0408796	0.2398349	0.9587017	-0.1698535	0.1266323	1.2402198	0.1920113	0.1410865	1.2245451	0.1199242	0.1837299	0.9787324	0.2078056	0.1190566	0.9670715	0.2112956	0.1047738	1.2730095	-0.3617387	0.1042384	1.2574337	-0.3072703	0.0752750	1.0198671	-0.3988876	0.0167675	1.0241388	-0.4010734
255	4.2333333	0.2581900	1.5119090	-0.0612200	0.2505600	1.5054690	0.1133800	0.1681900	1.2543490	0.1520000	0.1439900	0.9983190	0.2064400	0.2782100	1.5147290	-0.2466400	0.1309600	1.2791490	-0.3357800	0.0563400	1.0287890	-0.3895200	0.2793300	0.9929090	-0.0645900	0.2849100	0.9957490	0.0519700	0.3188300	0.5445790	0.0566400	0.3398700	0.1131390	0.0541300	0.2818100	0.9931090	-0.1887900	0.2173900	0.5280890	-0.1673300	0.2279500	0.1038890	-0.1304200	0.4091900	0.1015690	-0.1252200	0.3793800	0.0928090	-0.1599200	0.1921000	0.0526890	-0.1304800	0.5248300	0.1128090	0.0583500	0.4847800	0.0973590	0.0946000	0.2989400	0.0614290	0.0532000	0.3459236	1.0758350	0.1091279	0.3350705	1.0624207	-0.2403865	0.1241199	1.0715034	0.0045033	0.1207187	1.0657834	-0.1321117	0.3165772	0.5363704	0.1221345	0.3289449	0.5407563	-0.0098138	0.3174546	0.1171817	0.1033115	0.3510159	0.1252971	0.0096527	0.4885823	0.1147937	0.0638798	0.4330804	0.0915375	0.1236409	0.2566790	0.0696098	0.0419991	0.2276891	0.5225236	-0.2206440	0.2401739	0.5324064	-0.0908874	0.2113356	0.1092766	-0.1787900	0.2397154	0.1191976	-0.0870675	0.3763328	0.1053430	-0.1314023	0.1469098	0.0637823	-0.1222072	0.3292634	0.0771691	-0.1898096	0.2464612	1.5633983	0.1091143	0.2776306	1.5625949	-0.2454006	0.1621573	1.5793098	-0.0695028	0.3660536	0.8206622	0.1406035	0.3414344	0.7078960	0.1582664	0.2380207	0.8137958	0.1646750	0.3290193	0.7910657	-0.2516715	0.2845422	0.6844320	-0.2643073	0.2030541	0.8027886	-0.2806905	0.3151062	0.4128525	0.1282774	0.3486539	0.2898223	0.1377750	0.2729372	0.2936276	0.1320026	0.2238863	0.3997311	-0.2171007	0.2512143	0.2737291	-0.2206547	0.1767364	0.2872324	-0.2168150	0.2466248	0.9665096	0.0413393	0.2400074	0.9584255	-0.1697703	0.1284974	1.2379289	0.1925196	0.1442034	1.2224597	0.1198388	0.1868209	0.9769143	0.2082560	0.1218094	0.9652334	0.2118764	0.1090840	1.2699577	-0.3606288	0.1091350	1.2542759	-0.3057360	0.0867873	1.0157007	-0.3956758	0.0281928	1.0185889	-0.3983381
256	4.2500000	0.2630100	1.5092690	-0.0590600	0.2609700	1.5026390	0.1177000	0.1726200	1.2446790	0.1584300	0.1463500	0.9973090	0.2084300	0.2746800	1.5126090	-0.2450300	0.1348800	1.2764290	-0.3305400	0.0631800	1.0245890	-0.3888900	0.2787500	0.9929990	-0.0646900	0.2851400	0.9954890	0.0522800	0.3193900	0.5405890	0.0568700	0.3285400	0.1113490	0.0570500	0.2763100	0.9944390	-0.1869900	0.2165100	0.5293990	-0.1670800	0.2280600	0.1055990	-0.1306400	0.4098200	0.1017590	-0.1293500	0.3752500	0.0915190	-0.1676100	0.1925100	0.0564790	-0.1298200	0.5090400	0.1064390	0.0531000	0.4773100	0.0945490	0.0890600	0.2939400	0.0620290	0.0505600	0.3456800	1.0759709	0.1090918	0.3340894	1.0627071	-0.2406064	0.1237722	1.0718695	0.0049426	0.1200879	1.0662004	-0.1317331	0.3152744	0.5365143	0.1222921	0.3275686	0.5409704	-0.0094258	0.3142122	0.1172254	0.1028370	0.3476323	0.1252646	0.0092684	0.4846626	0.1133605	0.0631426	0.4293182	0.0906763	0.1228525	0.2534723	0.0706765	0.0417635	0.2259667	0.5227034	-0.2210049	0.2393057	0.5323249	-0.0918402	0.2107900	0.1102202	-0.1799314	0.2397583	0.1199920	-0.0887601	0.3761542	0.1060930	-0.1337333	0.1469553	0.0650149	-0.1232644	0.3286413	0.0780716	-0.1915863	0.2484431	1.5629505	0.1104637	0.2773021	1.5632198	-0.2443853	0.1630190	1.5795966	-0.0678036	0.3653152	0.8204999	0.1406471	0.3404771	0.7078305	0.1583127	0.2374609	0.8138483	0.1645290	0.3271702	0.7912924	-0.2523373	0.2825982	0.6846864	-0.2647291	0.2013939	0.8031252	-0.2803120	0.3132358	0.4128844	0.1282037	0.3460956	0.2895610	0.1373878	0.2707141	0.2939886	0.1318425	0.2223413	0.4002452	-0.2176758	0.2497851	0.2746127	-0.2216297	0.1756439	0.2877805	-0.2172571	0.2462879	0.9665194	0.0413373	0.2392233	0.9585259	-0.1698830	0.1311096	1.2354297	0.1941216	0.1475767	1.2200952	0.1207938	0.1899462	0.9748150	0.2088981	0.1245827	0.9632085	0.2129814	0.1123562	1.2673955	-0.3588519	0.1135707	1.2511925	-0.3036619	0.0970428	1.0124693	-0.3930618	0.0385172	1.0139568	-0.3957193
257	4.2666667	0.2627000	1.5114390	-0.0563900	0.2664600	1.5003190	0.1224100	0.1753300	1.2444590	0.1617800	0.1586100	0.9895290	0.2103800	0.2773600	1.5147090	-0.2377700	0.1449800	1.2752290	-0.3229900	0.0887000	1.0153590	-0.3727700	0.2789800	0.9948990	-0.0643600	0.2850800	0.9976690	0.0543300	0.3184400	0.5425290	0.0570300	0.3237200	0.1099190	0.0588400	0.2768300	0.9924990	-0.1866800	0.2174100	0.5302190	-0.1676000	0.2273300	0.1056690	-0.1305100	0.4020300	0.0989190	-0.1292400	0.3670000	0.0904890	-0.1688300	0.1923600	0.0580290	-0.1299900	0.5029100	0.1020890	0.0536600	0.4741000	0.0913490	0.0902400	0.2806200	0.0566890	0.0483000	0.3464142	1.0777926	0.1095951	0.3338154	1.0646813	-0.2404430	0.1243449	1.0741269	0.0059767	0.1202734	1.0684926	-0.1308141	0.3146878	0.5382859	0.1229625	0.3270013	0.5427556	-0.0084627	0.3099022	0.1183336	0.1027460	0.3432454	0.1262016	0.0093070	0.4797382	0.1123431	0.0630147	0.4243901	0.0903232	0.1225456	0.2489614	0.0729106	0.0417838	0.2248891	0.5250509	-0.2210987	0.2392865	0.5343278	-0.0925182	0.2098903	0.1125918	-0.1806535	0.2396162	0.1221337	-0.0900626	0.3752514	0.1075285	-0.1360488	0.1467526	0.0677584	-0.1237563	0.3272883	0.0797702	-0.1931961	0.2520137	1.5641397	0.1130508	0.2779673	1.5659369	-0.2423740	0.1651860	1.5818107	-0.0647975	0.3653386	0.8219004	0.1410713	0.3402489	0.7093585	0.1587806	0.2376675	0.8157778	0.1648410	0.3259028	0.7934049	-0.2530065	0.2812246	0.6869539	-0.2650462	0.2002686	0.8055129	-0.2795281	0.3115972	0.4143416	0.1286495	0.3431904	0.2904695	0.1374801	0.2681918	0.2957539	0.1320714	0.2211795	0.4026960	-0.2179966	0.2484473	0.2771580	-0.2224251	0.1745672	0.2901591	-0.2172486	0.2468335	0.9684020	0.0418032	0.2391512	0.9604973	-0.1696205	0.1359275	1.2339207	0.1972650	0.1523718	1.2191001	0.1223644	0.1966063	0.9731299	0.2097585	0.1305832	0.9616953	0.2147698	0.1196677	1.2647295	-0.3552412	0.1208090	1.2486042	-0.2988536	0.1138267	1.0089649	-0.3848123	0.0548556	1.0086946	-0.3882585
258	4.2833333	0.2671100	1.5108290	-0.0516800	0.2715500	1.4958790	0.1267800	0.1786800	1.2319990	0.1674700	0.1860900	0.9781590	0.2062500	0.2777500	1.5146290	-0.2353000	0.1572600	1.2742090	-0.3152300	0.0943400	1.0129690	-0.3728200	0.2789300	0.9932090	-0.0645700	0.2900100	0.9953790	0.0590300	0.3185000	0.5402690	0.0572000	0.3170300	0.1091490	0.0623600	0.2761900	0.9947090	-0.1869800	0.2167300	0.5314590	-0.1665900	0.2233800	0.1059090	-0.1282000	0.4019400	0.0988290	-0.1297000	0.3628300	0.0891490	-0.1704300	0.1859100	0.0567590	-0.1238300	0.4920600	0.0969590	0.0480100	0.4673600	0.0860290	0.0874900	0.2793600	0.0587490	0.0503300	0.3474094	1.0760581	0.1094611	0.3327319	1.0631858	-0.2410175	0.1249682	1.0727737	0.0070082	0.1200911	1.0672273	-0.1299471	0.3140781	0.5365061	0.1232754	0.3258138	0.5408896	-0.0078708	0.3047606	0.1159699	0.1025793	0.3375595	0.1235702	0.0092053	0.4735173	0.1074829	0.0618504	0.4185588	0.0862716	0.1214990	0.2433158	0.0718783	0.0421532	0.2235420	0.5235320	-0.2215190	0.2392425	0.5326267	-0.0935289	0.2077041	0.1115560	-0.1809610	0.2383360	0.1209572	-0.0910210	0.3728367	0.1054315	-0.1383702	0.1453038	0.0674922	-0.1236490	0.3242574	0.0780471	-0.1946391	0.2563450	1.5615543	0.1158148	0.2785469	1.5651288	-0.2400008	0.1677866	1.5804071	-0.0612200	0.3656854	0.8197253	0.1407677	0.3403067	0.7073548	0.1586851	0.2382973	0.8141712	0.1648685	0.3240117	0.7919321	-0.2541975	0.2792965	0.6854957	-0.2657958	0.1984879	0.8040520	-0.2791006	0.3097531	0.4122072	0.1287685	0.3399524	0.2877249	0.1371940	0.2652795	0.2941583	0.1322774	0.2194377	0.4013073	-0.2183721	0.2461684	0.2758913	-0.2230646	0.1726391	0.2889519	-0.2171007	0.2474243	0.9666297	0.0418573	0.2384852	0.9588679	-0.1698357	0.1429807	1.2272886	0.2011034	0.1583636	1.2128576	0.1230838	0.2103498	0.9672558	0.2083319	0.1439058	0.9547323	0.2152788	0.1268358	1.2597005	-0.3517348	0.1285648	1.2432169	-0.2946334	0.1286457	1.0030106	-0.3787549	0.0690125	1.0011767	-0.3826229
259	4.3000000	0.2668200	1.5110290	-0.0517200	0.2666500	1.5002090	0.1251400	0.1808900	1.2330990	0.1708100	0.2044700	0.9782390	0.2138000	0.2763500	1.5144990	-0.2327400	0.1582800	1.2585590	-0.3112200	0.1217400	1.0105590	-0.3631000	0.2791600	0.9927290	-0.0602200	0.2897500	0.9937690	0.0610100	0.3184800	0.5424790	0.0572700	0.3069100	0.1061590	0.0613000	0.2717300	0.9920990	-0.1825200	0.2116600	0.5345890	-0.1651300	0.2229600	0.1041690	-0.1286900	0.4057600	0.1000990	-0.1272900	0.3709200	0.0914390	-0.1671200	0.1872900	0.0527190	-0.1248400	0.4806200	0.0875190	0.0503600	0.4548600	0.0799590	0.0882800	0.2616500	0.0559590	0.0559700	0.3484529	1.0756836	0.1135874	0.3317688	1.0629104	-0.2369739	0.1259276	1.0724017	0.0124430	0.1202553	1.0668835	-0.1245074	0.3133988	0.5358661	0.1273802	0.3244165	0.5400289	-0.0033592	0.2976969	0.1146198	0.1061955	0.3298101	0.1217901	0.0128722	0.4651786	0.1029534	0.0643598	0.4106329	0.0826632	0.1240942	0.2355665	0.0720582	0.0463712	0.2220623	0.5236058	-0.2175929	0.2389762	0.5324402	-0.0901105	0.2059351	0.1114696	-0.1777071	0.2374732	0.1206782	-0.0882866	0.3714158	0.1044287	-0.1364779	0.1441849	0.0678718	-0.1202261	0.3222213	0.0771878	-0.1922109	0.2599121	1.5607502	0.1218563	0.2790742	1.5653848	-0.2340088	0.1699642	1.5803309	-0.0543980	0.3663454	0.8186598	0.1445998	0.3405686	0.7064902	0.1625895	0.2392560	0.8138652	0.1690934	0.3222073	0.7919707	-0.2509373	0.2773888	0.6855827	-0.2621481	0.1970213	0.8039133	-0.2741539	0.3073989	0.4110930	0.1326508	0.3356607	0.2858684	0.1406362	0.2613050	0.2937538	0.1363073	0.2176818	0.4013552	-0.2146716	0.2440743	0.2759409	-0.2198296	0.1708577	0.2889313	-0.2131043	0.2483654	0.9660638	0.0464127	0.2382136	0.9583619	-0.1653235	0.1495312	1.2227881	0.2085571	0.1640778	1.2086425	0.1274904	0.2258226	0.9652890	0.2118664	0.1593256	0.9510684	0.2205941	0.1338092	1.2544746	-0.3451340	0.1357910	1.2375292	-0.2859785	0.1478167	0.9979609	-0.3679495	0.0873638	0.9938745	-0.3724557
260	4.3166667	0.2628900	1.5108290	-0.0472200	0.2766900	1.4975190	0.1315100	0.1907700	1.2270290	0.1729400	0.2126700	0.9523790	0.2143200	0.2728000	1.5144990	-0.2307500	0.1637400	1.2551090	-0.3117200	0.1388600	1.0085590	-0.3591800	0.2788400	0.9929290	-0.0580800	0.2899400	0.9953990	0.0638400	0.3187800	0.5422390	0.0567900	0.2987400	0.1071090	0.0657900	0.2713700	0.9922990	-0.1827400	0.2111900	0.5340890	-0.1626300	0.2234800	0.1058490	-0.1281100	0.4097100	0.1018390	-0.1319500	0.3673000	0.0907390	-0.1685000	0.1890400	0.0530890	-0.1236600	0.4402400	0.0733090	0.0429200	0.4238900	0.0684890	0.0855700	0.2528400	0.0597090	0.0663300	0.3494273	1.0760216	0.1153770	0.3296856	1.0633104	-0.2353870	0.1264408	1.0728814	0.0159304	0.1195416	1.0674113	-0.1210764	0.3119278	0.5361069	0.1293765	0.3214483	0.5399730	-0.0008171	0.2877533	0.1143788	0.1081075	0.3185378	0.1208853	0.0148182	0.4510939	0.0975767	0.0639923	0.3979722	0.0792167	0.1239607	0.2252434	0.0745574	0.0497431	0.2205080	0.5242584	-0.2160791	0.2386886	0.5327454	-0.0893272	0.2043901	0.1117918	-0.1764886	0.2368247	0.1207702	-0.0878039	0.3700967	0.1042342	-0.1369173	0.1432539	0.0687044	-0.1186102	0.3202786	0.0771822	-0.1917989	0.2636216	1.5606334	0.1258813	0.2784632	1.5662029	-0.2303094	0.1715123	1.5810660	-0.0495574	0.3666786	0.8181347	0.1456027	0.3404694	0.7063470	0.1639091	0.2404476	0.8144404	0.1712372	0.3195443	0.7927694	-0.2497850	0.2749234	0.6863707	-0.2606968	0.1949771	0.8044708	-0.2713199	0.3037576	0.4108214	0.1343875	0.3294643	0.2846227	0.1417285	0.2556361	0.2946982	0.1387282	0.2160304	0.4019855	-0.2132255	0.2421592	0.2766045	-0.2187087	0.1692626	0.2893329	-0.2112330	0.2490877	0.9661845	0.0488870	0.2370888	0.9585261	-0.1629606	0.1577739	1.2170491	0.2136500	0.1707922	1.2035742	0.1298135	0.2406053	0.9604504	0.2115364	0.1734988	0.9453882	0.2224440	0.1398462	1.2503989	-0.3426227	0.1421605	1.2328899	-0.2805199	0.1667321	0.9938389	-0.3609959	0.1053134	0.9874404	-0.3661109
261	4.3333333	0.2624700	1.5109790	-0.0471700	0.2819400	1.4951790	0.1336600	0.2079300	1.2165690	0.1791200	0.2336400	0.9443890	0.2192400	0.2715600	1.5143290	-0.2302900	0.1749800	1.2571790	-0.3127100	0.1659600	1.0102990	-0.3552700	0.2790700	0.9908190	-0.0576400	0.2858700	0.9932590	0.0681000	0.3191100	0.5461490	0.0559500	0.2884400	0.1041690	0.0667600	0.2625400	0.9894090	-0.1737400	0.2115300	0.5404490	-0.1619800	0.2228300	0.1060290	-0.1279700	0.4021600	0.0990890	-0.1354700	0.3670700	0.0906390	-0.1722600	0.1898800	0.0583490	-0.1221600	0.4351200	0.0629890	0.0431500	0.4137700	0.0621690	0.0856500	0.2387100	0.0584690	0.0714200	0.3511396	1.0739107	0.1151749	0.3277042	1.0614045	-0.2353609	0.1277763	1.0710170	0.0181265	0.1193951	1.0656561	-0.1187744	0.3117136	0.5341001	0.1296238	0.3194627	0.5374042	-0.0002051	0.2780534	0.1120363	0.1090183	0.3072422	0.1176679	0.0155235	0.4373001	0.0895907	0.0624346	0.3856557	0.0732893	0.1228976	0.2148249	0.0750692	0.0520674	0.2194361	0.5231097	-0.2161215	0.2390830	0.5311897	-0.0901367	0.2031321	0.1099747	-0.1769690	0.2366347	0.1186799	-0.0890950	0.3685531	0.1017540	-0.1394578	0.1429131	0.0674116	-0.1186776	0.3181511	0.0748848	-0.1934172	0.2680962	1.5582798	0.1278919	0.2775390	1.5645964	-0.2286352	0.1734978	1.5793073	-0.0464591	0.3682382	0.8154817	0.1447870	0.3416567	0.7040698	0.1634877	0.2427702	0.8129173	0.1717893	0.3171502	0.7915433	-0.2503627	0.2727859	0.6852291	-0.2608937	0.1932710	0.8029670	-0.2699275	0.3011665	0.4083184	0.1345901	0.3240751	0.2811728	0.1414841	0.2507207	0.2935572	0.1399839	0.2147474	0.4006915	-0.2133630	0.2405074	0.2752405	-0.2192745	0.1680094	0.2877843	-0.2109188	0.2506170	0.9639815	0.0495982	0.2363961	0.9564549	-0.1621066	0.1694302	1.2090719	0.2181893	0.1804559	1.1963381	0.1311064	0.2588882	0.9537432	0.2106454	0.1910227	0.9378597	0.2239686	0.1474545	1.2449567	-0.3433128	0.1498266	1.2268696	-0.2779075	0.1898247	0.9903773	-0.3563721	0.1275501	0.9806558	-0.3625161
262	4.3500000	0.2626400	1.5107590	-0.0469100	0.2777000	1.4971690	0.1356100	0.2236900	1.2176590	0.1872600	0.2668500	0.9442090	0.2171500	0.2719400	1.5100890	-0.2280700	0.1857400	1.2428390	-0.3083300	0.1879500	0.9719890	-0.3456100	0.2744800	0.9942790	-0.0559500	0.2910700	0.9950390	0.0704200	0.3195800	0.5494090	0.0576600	0.2538700	0.0943590	0.0714600	0.2614000	0.9931590	-0.1696400	0.2151800	0.5447590	-0.1638700	0.2146300	0.1051590	-0.1302000	0.4021600	0.0992590	-0.1360600	0.3671000	0.0908790	-0.1720300	0.1849000	0.0599890	-0.1216400	0.4334700	0.0640190	0.0425400	0.4121800	0.0635390	0.0861700	0.2214600	0.0526690	0.0769700	0.3483012	1.0771774	0.1161529	0.3210948	1.0648290	-0.2338337	0.1243067	1.0748525	0.0214552	0.1144582	1.0695338	-0.1151883	0.3071879	0.5376291	0.1309806	0.3129178	0.5402224	0.0012480	0.2626810	0.1141203	0.1119125	0.2901263	0.1187850	0.0178725	0.4197958	0.0867430	0.0621504	0.3693458	0.0723086	0.1235604	0.1977869	0.0792267	0.0563716	0.2146039	0.5274477	-0.2151330	0.2353950	0.5351544	-0.0897778	0.1976922	0.1131090	-0.1766300	0.2320724	0.1215581	-0.0893739	0.3633853	0.1036902	-0.1408033	0.1381938	0.0710721	-0.1182186	0.3124280	0.0772126	-0.1941177	0.2678106	1.5616099	0.1310241	0.2728452	1.5685231	-0.2261711	0.1709352	1.5835324	-0.0426235	0.3656304	0.8186150	0.1448750	0.3386762	0.7074736	0.1641385	0.2405063	0.8170924	0.1737730	0.3105012	0.7962364	-0.2499176	0.2666584	0.6898278	-0.2600749	0.1872227	0.8069677	-0.2673746	0.2939615	0.4110175	0.1362709	0.3138117	0.2826627	0.1429558	0.2406666	0.2973076	0.1430172	0.2096356	0.4045984	-0.2125126	0.2349444	0.2788555	-0.2188838	0.1627351	0.2914465	-0.2097880	0.2472487	0.9674750	0.0514195	0.2307505	0.9600458	-0.1599489	0.1809384	1.2061656	0.2245360	0.1890640	1.1942282	0.1336341	0.2799404	0.9537761	0.2092361	0.2117794	0.9356390	0.2262512	0.1543568	1.2405177	-0.3417446	0.1557356	1.2223713	-0.2731094	0.2109553	0.9860986	-0.3472381	0.1473371	0.9735656	-0.3547715
263	4.3666667	0.2672000	1.5104390	-0.0446100	0.2782000	1.4947990	0.1359400	0.2282800	1.2179990	0.1853100	0.2862400	0.9401790	0.2180500	0.2669200	1.5103990	-0.2255900	0.2020900	1.2363090	-0.2982600	0.1983200	0.9682790	-0.3370600	0.2708800	0.9937990	-0.0536000	0.2916800	0.9972190	0.0700200	0.3143700	0.5446390	0.0605700	0.2482500	0.0926590	0.0781200	0.2529000	0.9944690	-0.1674400	0.2110800	0.5420490	-0.1618000	0.2138400	0.1033790	-0.1306900	0.4056700	0.0989490	-0.1378800	0.3657900	0.0908690	-0.1729400	0.1854600	0.0592490	-0.1217600	0.4238800	0.0607990	0.0404600	0.4080700	0.0618290	0.0867000	0.2086600	0.0483190	0.0877500	0.3468089	1.0762775	0.1174990	0.3151091	1.0644456	-0.2317365	0.1220804	1.0747917	0.0260544	0.1104625	1.0696812	-0.1102593	0.3043399	0.5368252	0.1332307	0.3071811	0.5386548	0.0032648	0.2506773	0.1124947	0.1169039	0.2758229	0.1161727	0.0219337	0.4059277	0.0815343	0.0631346	0.3570706	0.0686262	0.1261257	0.1837443	0.0788955	0.0629841	0.2112534	0.5280011	-0.2134748	0.2333951	0.5351832	-0.0886116	0.1942879	0.1121168	-0.1754066	0.2296596	0.1202493	-0.0886727	0.3602128	0.1021004	-0.1415605	0.1355585	0.0702043	-0.1166130	0.3086848	0.0758687	-0.1941887	0.2691053	1.5604004	0.1345378	0.2690933	1.5678612	-0.2228956	0.1699285	1.5834538	-0.0377455	0.3650191	0.8175222	0.1453676	0.3377281	0.7066396	0.1654511	0.2401776	0.8172225	0.1768845	0.3050974	0.7973495	-0.2487896	0.2618208	0.6907926	-0.2586002	0.1819721	0.8072368	-0.2641004	0.2889204	0.4096536	0.1391935	0.3063903	0.2803572	0.1459118	0.2333099	0.2970103	0.1478809	0.2061892	0.4046425	-0.2109471	0.2312536	0.2785349	-0.2177730	0.1591923	0.2911579	-0.2078630	0.2450904	0.9669345	0.0539585	0.2258889	0.9598288	-0.1569529	0.1929858	1.2008657	0.2296211	0.1988743	1.1890781	0.1360668	0.3011038	0.9516403	0.2078464	0.2334242	0.9312029	0.2281055	0.1626821	1.2326538	-0.3390284	0.1627775	1.2145481	-0.2675288	0.2307266	0.9784816	-0.3375813	0.1663781	0.9639449	-0.3460331
264	4.3833333	0.2670500	1.5101190	-0.0419600	0.2778900	1.4945190	0.1382300	0.2337900	1.2135090	0.1871300	0.3105700	0.9467390	0.2242300	0.2622700	1.5123190	-0.2209100	0.2098200	1.2413590	-0.2944400	0.2334300	0.9696890	-0.3235700	0.2792500	0.9964890	-0.0537500	0.2916900	0.9972790	0.0682100	0.3107500	0.5414090	0.0622700	0.2451900	0.0913490	0.0803400	0.2569800	0.9926090	-0.1651800	0.2106500	0.5394790	-0.1619700	0.2145900	0.1051190	-0.1302100	0.4050200	0.1006490	-0.1387600	0.3702700	0.0942490	-0.1737200	0.1817400	0.0603990	-0.1208000	0.4197600	0.0590090	0.0438100	0.3992400	0.0569690	0.0900000	0.2049200	0.0441190	0.0895800	0.3570562	1.0786417	0.1164793	0.3209669	1.0673309	-0.2323311	0.1314094	1.0771877	0.0281470	0.1180702	1.0722489	-0.1079543	0.3113760	0.5389115	0.1334043	0.3116404	0.5399277	0.0034531	0.2499115	0.1135718	0.1200480	0.2729653	0.1162749	0.0243709	0.4036652	0.0795404	0.0631439	0.3561813	0.0679583	0.1272238	0.1810274	0.0807808	0.0676066	0.2182957	0.5312510	-0.2143233	0.2419158	0.5381397	-0.0900198	0.2007625	0.1139452	-0.1767300	0.2372661	0.1218683	-0.0905717	0.3674715	0.1031703	-0.1445744	0.1426776	0.0720755	-0.1175628	0.3150938	0.0768980	-0.1966462	0.2801405	1.5624062	0.1356166	0.2754009	1.5704730	-0.2221200	0.1787393	1.5859898	-0.0353511	0.3753090	0.8191498	0.1436416	0.3472104	0.7086032	0.1645598	0.2509313	0.8204695	0.1775461	0.3109441	0.8008627	-0.2501832	0.2678604	0.6942380	-0.2596378	0.1881479	0.8104003	-0.2633657	0.2940877	0.4113097	0.1401683	0.3095132	0.2812028	0.1469952	0.2365078	0.2993722	0.1506598	0.2128923	0.4074119	-0.2119996	0.2375271	0.2808688	-0.2193569	0.1657637	0.2936534	-0.2084440	0.2549327	0.9694869	0.0541023	0.2330817	0.9626982	-0.1565428	0.2117381	1.1995233	0.2326716	0.2163264	1.1877415	0.1366364	0.3306297	0.9549586	0.2064520	0.2640633	0.9319137	0.2284240	0.1810769	1.2290888	-0.3382912	0.1788410	1.2109262	-0.2631074	0.2623260	0.9764834	-0.3275298	0.1978067	0.9593426	-0.3374235
265	4.4000000	0.2627200	1.5104390	-0.0401100	0.2831200	1.4944690	0.1402900	0.2440200	1.2240590	0.1963400	0.3421600	0.9518390	0.2209600	0.2526100	1.5105890	-0.2173700	0.2142200	1.2376990	-0.2921700	0.2494000	0.9710990	-0.3235000	0.2761200	0.9939390	-0.0516100	0.2923500	0.9937390	0.0680500	0.2967000	0.5311690	0.0708700	0.2426400	0.0903090	0.0856600	0.2625000	0.9932190	-0.1652600	0.2155500	0.5368490	-0.1604100	0.2186300	0.1084990	-0.1312300	0.4011400	0.0960890	-0.1435000	0.3618300	0.0896290	-0.1785100	0.1827400	0.0601790	-0.1217900	0.4117100	0.0543490	0.0485800	0.3948500	0.0554590	0.0905300	0.1997900	0.0405690	0.0960600	0.3555362	1.0756251	0.1177245	0.3156473	1.0651738	-0.2304132	0.1292034	1.0745922	0.0324715	0.1143665	1.0699692	-0.1033545	0.3058164	0.5354186	0.1364908	0.3037091	0.5357686	0.0062559	0.2396161	0.1096069	0.1260995	0.2608496	0.1114692	0.0296774	0.3919202	0.0739529	0.0662355	0.3458829	0.0629869	0.1316193	0.1692613	0.0769898	0.0748309	0.2146726	0.5291828	-0.2132682	0.2400976	0.5356269	-0.0890044	0.1969304	0.1106858	-0.1758262	0.2348663	0.1183431	-0.0898926	0.3635991	0.0996240	-0.1458293	0.1398633	0.0687274	-0.1156937	0.3104578	0.0734756	-0.1973896	0.2801205	1.5590674	0.1383250	0.2693536	1.5678863	-0.2188722	0.1761190	1.5833598	-0.0305999	0.3735717	0.8150943	0.1448642	0.3444271	0.7049097	0.1666165	0.2494795	0.8182717	0.1807032	0.3059315	0.7993435	-0.2494942	0.2630790	0.6925804	-0.2587603	0.1828908	0.8084368	-0.2608613	0.2873745	0.4077578	0.1440889	0.3017156	0.2771096	0.1512914	0.2287052	0.2962543	0.1561694	0.2090424	0.4049507	-0.2110643	0.2334151	0.2780837	-0.2189388	0.1617273	0.2910050	-0.2069971	0.2530835	0.9666924	0.0564120	0.2289489	0.9604278	-0.1538227	0.2213393	1.1947182	0.2389940	0.2228535	1.1827518	0.1398562	0.3531820	0.9575607	0.2053390	0.2885986	0.9308927	0.2297209	0.1862441	1.2219965	-0.3361724	0.1826958	1.2037453	-0.2582011	0.2811657	0.9729986	-0.3188376	0.2166417	0.9524802	-0.3296272
266	4.4166667	0.2625900	1.5102090	-0.0375800	0.2832800	1.4963690	0.1405800	0.2582600	1.2240890	0.2028900	0.3644000	0.9550890	0.2189400	0.2525400	1.5119990	-0.2112600	0.2142000	1.2318190	-0.2892400	0.2933800	0.9757190	-0.3179600	0.2793800	0.9925990	-0.0537100	0.2916000	0.9932190	0.0682400	0.2921800	0.5377090	0.0732600	0.2400900	0.0909490	0.0875600	0.2659000	0.9934690	-0.1649200	0.2199200	0.5413090	-0.1616700	0.2237000	0.1101190	-0.1305500	0.4055900	0.0992290	-0.1414800	0.3671600	0.0896190	-0.1788500	0.1867800	0.0604990	-0.1230400	0.4123700	0.0542790	0.0467500	0.3986800	0.0583990	0.0925200	0.1996600	0.0431790	0.0972300	0.3601385	1.0738790	0.1151195	0.3172136	1.0643809	-0.2328856	0.1331819	1.0728392	0.0323975	0.1171713	1.0685511	-0.1033656	0.3060720	0.5336046	0.1357796	0.3019389	0.5332215	0.0053706	0.2370692	0.1074499	0.1282258	0.2566931	0.1085468	0.0313041	0.3885220	0.0707517	0.0659287	0.3438027	0.0602475	0.1323115	0.1653721	0.0747046	0.0779830	0.2176646	0.5283927	-0.2162404	0.2446494	0.5348564	-0.0918327	0.1998388	0.1091198	-0.1786533	0.2390371	0.1167837	-0.0928828	0.3666620	0.0980169	-0.1502351	0.1436238	0.0670959	-0.1177623	0.3127178	0.0717716	-0.2014574	0.2850889	1.5571342	0.1374118	0.2693247	1.5666891	-0.2192417	0.1789026	1.5815931	-0.0296927	0.3775578	0.8125905	0.1422013	0.3473292	0.7028115	0.1648193	0.2537981	0.8173545	0.1797661	0.3076516	0.7988380	-0.2528487	0.2650049	0.6919605	-0.2619600	0.1843979	0.8073344	-0.2628623	0.2869483	0.4060006	0.1441958	0.3007140	0.2750619	0.1518146	0.2277343	0.2947188	0.1576457	0.2118245	0.4038214	-0.2141050	0.2359913	0.2766150	-0.2224067	0.1643754	0.2898242	-0.2094279	0.2573442	0.9650204	0.0545820	0.2313816	0.9593270	-0.1555755	0.2365754	1.1918172	0.2417068	0.2346475	1.1796977	0.1411822	0.3800060	0.9621466	0.2008391	0.3174157	0.9326911	0.2270585	0.1969208	1.2171310	-0.3383318	0.1914135	1.1984839	-0.2560666	0.3115662	0.9761229	-0.3129122	0.2477086	0.9503820	-0.3253842
267	4.4333333	0.2577300	1.5108690	-0.0357500	0.2832200	1.4986290	0.1428700	0.2736300	1.2164990	0.2070100	0.3888100	0.9573090	0.2262800	0.2475100	1.5125690	-0.2090900	0.2287700	1.2399990	-0.2785600	0.3127600	0.9759490	-0.3096400	0.2801500	0.9961990	-0.0534600	0.2965200	0.9975490	0.0698600	0.2892900	0.5344790	0.0782200	0.2397700	0.0892790	0.0873900	0.2713400	0.9978390	-0.1622800	0.2202300	0.5365590	-0.1609300	0.2193400	0.1070990	-0.1322900	0.4048800	0.0973790	-0.1417000	0.3709400	0.0906590	-0.1746300	0.1819200	0.0612590	-0.1214300	0.4116000	0.0526190	0.0492100	0.3990300	0.0550690	0.0928100	0.2000400	0.0423990	0.0956000	0.3619624	1.0769005	0.1148887	0.3166773	1.0685087	-0.2327755	0.1344565	1.0758908	0.0343048	0.1175399	1.0719792	-0.1013091	0.3034144	0.5364162	0.1376421	0.2977869	0.5354827	0.0072176	0.2337225	0.1096315	0.1318571	0.2521697	0.1101787	0.0346415	0.3847431	0.0723473	0.0677662	0.3410438	0.0620067	0.1348023	0.1610700	0.0765847	0.0823900	0.2176509	0.5323589	-0.2164998	0.2459915	0.5388908	-0.0919673	0.1997198	0.1123307	-0.1788653	0.2400836	0.1200436	-0.0932647	0.3671003	0.1008913	-0.1516061	0.1441308	0.0703270	-0.1173633	0.3123180	0.0745803	-0.2026577	0.2866812	1.5599851	0.1388515	0.2661711	1.5703177	-0.2171959	0.1782915	1.5846777	-0.0266266	0.3783986	0.8150324	0.1420557	0.3470911	0.7054860	0.1655266	0.2549715	0.8210648	0.1809841	0.3069639	0.8030222	-0.2536748	0.2643431	0.6960572	-0.2625604	0.1834909	0.8111752	-0.2624012	0.2841310	0.4088545	0.1466245	0.2978924	0.2777092	0.1544608	0.2248870	0.2974109	0.1608856	0.2115827	0.4074993	-0.2144508	0.2355971	0.2799765	-0.2231822	0.1639814	0.2934081	-0.2092564	0.2588862	0.9682787	0.0549611	0.2314957	0.9632488	-0.1549897	0.2499357	1.1933375	0.2468193	0.2452934	1.1805312	0.1455431	0.4048233	0.9707767	0.2000470	0.3443162	0.9383768	0.2279959	0.2069241	1.2181863	-0.3366474	0.1992011	1.1990391	-0.2512502	0.3366961	0.9842313	-0.3041147	0.2740749	0.9542356	-0.3183728
268	4.4500000	0.2579200	1.5122590	-0.0262800	0.2878900	1.5005790	0.1471200	0.2949400	1.2258690	0.2062700	0.4175800	0.9629990	0.2198200	0.2432400	1.5126690	-0.2025600	0.2374200	1.2396390	-0.2741900	0.3407400	0.9864990	-0.2929400	0.2801100	0.9887690	-0.0538500	0.3001700	0.9917290	0.0705200	0.2841400	0.5301490	0.0851000	0.2405700	0.0874490	0.0880500	0.2708100	0.9933390	-0.1597100	0.2253100	0.5355090	-0.1586400	0.2245200	0.1082990	-0.1305000	0.4054300	0.0973990	-0.1395700	0.3710800	0.0908290	-0.1743200	0.1827000	0.0577990	-0.1223800	0.4157800	0.0553690	0.0475000	0.3985200	0.0566690	0.0930600	0.1961600	0.0391690	0.0986100	0.3628854	1.0687886	0.1141589	0.3155645	1.0619141	-0.2334026	0.1350239	1.0681379	0.0357495	0.1173196	1.0648033	-0.0998318	0.3004051	0.5283976	0.1395869	0.2933529	0.5271556	0.0088665	0.2313928	0.1014616	0.1348258	0.2487790	0.1016734	0.0372599	0.3823262	0.0648850	0.0688993	0.3395701	0.0543381	0.1367651	0.1578929	0.0677817	0.0858864	0.2176142	0.5253396	-0.2170510	0.2471665	0.5320582	-0.0919055	0.1996223	0.1049654	-0.1788094	0.2409728	0.1128139	-0.0930322	0.3674010	0.0944033	-0.1525794	0.1444081	0.0626758	-0.1165609	0.3119528	0.0679578	-0.2035849	0.2875713	1.5522741	0.1404839	0.2621465	1.5636781	-0.2147201	0.1770485	1.5771792	-0.0229830	0.3785281	0.8064085	0.1418170	0.3462757	0.6971468	0.1662448	0.2553312	0.8135391	0.1819910	0.3061921	0.7962849	-0.2548284	0.2636422	0.6891867	-0.2635723	0.1821287	0.8039404	-0.2629436	0.2813042	0.4010023	0.1488979	0.2955132	0.2697536	0.1568548	0.2224243	0.2894677	0.1637415	0.2114461	0.4002508	-0.2148526	0.2354092	0.2724576	-0.2237536	0.1635532	0.2862784	-0.2092128	0.2594942	0.9603495	0.0547731	0.2308828	0.9562361	-0.1551258	0.2658298	1.1865765	0.2507144	0.2575744	1.1727863	0.1492813	0.4302976	0.9717400	0.1970168	0.3722321	0.9369921	0.2263713	0.2166319	1.2101421	-0.3348947	0.2064422	1.1912525	-0.2467745	0.3628486	0.9877913	-0.2936343	0.3028370	0.9527766	-0.3097909
269	4.4666667	0.2539100	1.5104790	-0.0178500	0.2931000	1.4984990	0.1491200	0.3055100	1.2257290	0.2084100	0.4398400	0.9686590	0.2207200	0.2467500	1.5146790	-0.1951300	0.2327500	1.2415090	-0.2659400	0.3540100	0.9956890	-0.2835700	0.2841200	0.9945390	-0.0492100	0.3004500	0.9944090	0.0700800	0.2855100	0.5342590	0.0874100	0.2403000	0.0855290	0.0880800	0.2666100	0.9930390	-0.1576300	0.2221700	0.5332890	-0.1564000	0.2240600	0.1066190	-0.1309500	0.4088200	0.0985590	-0.1370200	0.3707700	0.0905790	-0.1711000	0.1826100	0.0578190	-0.1241200	0.4150700	0.0539890	0.0474900	0.3980400	0.0568790	0.0927600	0.1964900	0.0395490	0.0964600	0.3680332	1.0738556	0.1183343	0.3184634	1.0683379	-0.2289513	0.1395365	1.0732900	0.0419616	0.1209725	1.0704274	-0.0934932	0.3012373	0.5335396	0.1454703	0.2929042	0.5321955	0.0149452	0.2334521	0.1059958	0.1405318	0.2498292	0.1061209	0.0429645	0.3843815	0.0697999	0.0730087	0.3424779	0.0589426	0.1412659	0.1591599	0.0719581	0.0922530	0.2205448	0.5314330	-0.2122881	0.2509800	0.5383081	-0.0869809	0.2026443	0.1107387	-0.1748838	0.2447362	0.1186769	-0.0892493	0.3712999	0.1003397	-0.1490559	0.1476381	0.0682841	-0.1124793	0.3151805	0.0736130	-0.2000863	0.2918871	1.5574250	0.1470161	0.2619574	1.5698695	-0.2073648	0.1791328	1.5824880	-0.0147264	0.3822219	0.8109745	0.1459841	0.3491094	0.7019339	0.1711133	0.2596919	0.8190312	0.1873019	0.3089717	0.8025360	-0.2507486	0.2663145	0.6953624	-0.2592332	0.1846608	0.8099437	-0.2579928	0.2824754	0.4062212	0.1547558	0.2971506	0.2748926	0.1623980	0.2241270	0.2942362	0.1697411	0.2142676	0.4062118	-0.2103564	0.2381927	0.2782520	-0.2198487	0.1662872	0.2921944	-0.2045892	0.2641853	0.9657071	0.0595644	0.2342053	0.9624037	-0.1501645	0.2835167	1.1917863	0.2575290	0.2726302	1.1770750	0.1568013	0.4561423	0.9841424	0.1980968	0.4005900	0.9469123	0.2285288	0.2259696	1.2154911	-0.3274430	0.2139483	1.1963883	-0.2371812	0.3857090	1.0032916	-0.2790663	0.3287017	0.9642554	-0.2969487
270	4.4833333	0.2539200	1.5122290	-0.0148200	0.2924100	1.5066090	0.1511300	0.3199100	1.2282590	0.2107500	0.4706800	0.9797590	0.2224700	0.2423000	1.5166690	-0.1901400	0.2360600	1.2445590	-0.2627600	0.3825100	1.0058390	-0.2739400	0.2840000	0.9951590	-0.0471300	0.3004700	0.9935890	0.0708900	0.2769300	0.5335290	0.0961700	0.2414000	0.0854690	0.0883200	0.2705800	0.9972890	-0.1527400	0.2327600	0.5390490	-0.1482300	0.2242300	0.1081490	-0.1278900	0.4088300	0.0985390	-0.1373400	0.3707900	0.0906690	-0.1708300	0.1824500	0.0554090	-0.1230600	0.4153000	0.0536790	0.0480000	0.3940900	0.0569390	0.0922000	0.1967100	0.0378390	0.0985600	0.3688402	1.0738408	0.1199994	0.3175728	1.0696442	-0.2269159	0.1399610	1.0735166	0.0453459	0.1207274	1.0711558	-0.0899595	0.2976348	0.5334351	0.1493230	0.2882766	0.5321845	0.0187468	0.2318367	0.1050763	0.1432795	0.2474671	0.1052519	0.0456153	0.3825897	0.0698936	0.0742206	0.3414827	0.0583420	0.1429729	0.1571352	0.0704046	0.0953388	0.2201302	0.5322316	-0.2102017	0.2514439	0.5392273	-0.0840244	0.2018250	0.1108360	-0.1734195	0.2447205	0.1188402	-0.0873483	0.3711316	0.1009663	-0.1477755	0.1469127	0.0680925	-0.1105574	0.3144982	0.0742170	-0.1991440	0.2922261	1.5579453	0.1507572	0.2579363	1.5712161	-0.2025424	0.1774331	1.5831413	-0.0091350	0.3814719	0.8101436	0.1480530	0.3474683	0.7013661	0.1739259	0.2594767	0.8192597	0.1902535	0.3083947	0.8035864	-0.2493372	0.2656282	0.6963052	-0.2577020	0.1833360	0.8107516	-0.2562317	0.2794118	0.4061337	0.1583415	0.2948249	0.2745899	0.1655468	0.2217466	0.2936132	0.1731209	0.2136841	0.4067578	-0.2084825	0.2375782	0.2784823	-0.2184551	0.1652523	0.2926638	-0.2027320	0.2645530	0.9659086	0.0617084	0.2335493	0.9634014	-0.1477962	0.2988162	1.1933696	0.2613318	0.2851123	1.1773697	0.1613806	0.4802731	0.9944034	0.1964645	0.4272725	0.9545464	0.2273683	0.2322378	1.2159811	-0.3235337	0.2185663	1.1969045	-0.2315120	0.4067092	1.0179108	-0.2677259	0.3537375	0.9744760	-0.2875271
271	4.5000000	0.2544200	1.5136590	-0.0080500	0.2941500	1.5041190	0.1604100	0.3354600	1.2287690	0.2166300	0.4930300	0.9981290	0.2142400	0.2412000	1.5142390	-0.1873700	0.2348900	1.2446890	-0.2536200	0.4046500	1.0188490	-0.2708800	0.2751200	0.9939990	-0.0420800	0.2915100	0.9885690	0.0777200	0.2721400	0.5348190	0.1013300	0.2452300	0.0868290	0.0901500	0.2617200	0.9962990	-0.1528300	0.2304400	0.5380890	-0.1482200	0.2239100	0.1083490	-0.1277600	0.4046900	0.0971790	-0.1390600	0.3667100	0.0892290	-0.1729100	0.1824200	0.0599190	-0.1216600	0.4148500	0.0537590	0.0475000	0.3983200	0.0528990	0.0923900	0.2016800	0.0370190	0.0997100	0.3608147	1.0716944	0.1247905	0.3083936	1.0691523	-0.2217680	0.1315568	1.0722069	0.0513293	0.1118838	1.0704734	-0.0838503	0.2869467	0.5315613	0.1552248	0.2765899	0.5306641	0.0245961	0.2254224	0.1025914	0.1474139	0.2403020	0.1031272	0.0497323	0.3758890	0.0689707	0.0767069	0.3357036	0.0564036	0.1459828	0.1506584	0.0672769	0.0997576	0.2122803	0.5314632	-0.2054343	0.2442401	0.5384228	-0.0786254	0.1941909	0.1095683	-0.1696296	0.2376754	0.1175685	-0.0833049	0.3635130	0.1001433	-0.1444857	0.1395578	0.0665610	-0.1064631	0.3065001	0.0735629	-0.1959965	0.2851067	1.5563826	0.1573083	0.2468870	1.5705130	-0.1950633	0.1683923	1.5820375	-0.0011760	0.3724081	0.8078420	0.1528169	0.3379928	0.6991530	0.1791769	0.2508795	0.8174153	0.1957708	0.2997210	0.8033891	-0.2448794	0.2571623	0.6959123	-0.2532206	0.1739351	0.8100257	-0.2515028	0.2698524	0.4044046	0.1637833	0.2866375	0.2728734	0.1704359	0.2135765	0.2910742	0.1781141	0.2058646	0.4058289	-0.2039124	0.2298689	0.2774485	-0.2143905	0.1572087	0.2916078	-0.1984005	0.2559127	0.9643305	0.0667414	0.2242093	0.9628176	-0.1425528	0.3094502	1.1935767	0.2676318	0.2921775	1.1761953	0.1684568	0.5002916	1.0059019	0.1949831	0.4502524	0.9629471	0.2261489	0.2326854	1.2151343	-0.3169514	0.2186177	1.1959438	-0.2239451	0.4221366	1.0345603	-0.2563967	0.3739198	0.9864503	-0.2777443
272	4.5166667	0.2552800	1.5133290	-0.0013000	0.2934000	1.5060790	0.1604900	0.3441400	1.2344990	0.2187900	0.5100000	1.0079590	0.2138500	0.2414300	1.5159390	-0.1826600	0.2295100	1.2421790	-0.2490200	0.4323100	1.0393090	-0.2597400	0.2709200	0.9880490	-0.0333100	0.2803600	0.9843690	0.0886600	0.2659000	0.5347890	0.1046900	0.2468900	0.0887290	0.0897800	0.2621100	0.9903690	-0.1504900	0.2307900	0.5422890	-0.1479900	0.2242000	0.1061490	-0.1273800	0.4091400	0.0986090	-0.1377400	0.3750700	0.0921690	-0.1724000	0.1830000	0.0564790	-0.1224600	0.4153800	0.0533790	0.0479200	0.4034300	0.0543090	0.0940500	0.1970400	0.0371890	0.0973300	0.3571058	1.0649337	0.1338499	0.3048242	1.0637982	-0.2133441	0.1274625	1.0665400	0.0605106	0.1078563	1.0653397	-0.0749087	0.2815624	0.5253251	0.1639025	0.2704299	0.5250595	0.0330632	0.2249072	0.0957016	0.1529816	0.2391644	0.0968658	0.0552080	0.3754559	0.0643721	0.0808029	0.3361044	0.0503376	0.1505216	0.1502382	0.0594723	0.1051685	0.2101275	0.5261886	-0.1978927	0.2425131	0.5331270	-0.0700745	0.1925455	0.1041046	-0.1638638	0.2365527	0.1121320	-0.0769713	0.3623866	0.0956763	-0.1386003	0.1380230	0.0605245	-0.1007150	0.3049298	0.0691579	-0.1905874	0.2831374	1.5508387	0.1661578	0.2423531	1.5654662	-0.1853416	0.1650347	1.5769833	0.0087115	0.3679705	0.8012057	0.1614649	0.3333690	0.6925249	0.1879302	0.2466304	0.8106928	0.2049452	0.2965445	0.7987610	-0.2371242	0.2542964	0.6910511	-0.2457247	0.1698440	0.8044906	-0.2439453	0.2657839	0.3982229	0.1715751	0.2841634	0.2666934	0.1773665	0.2109810	0.2840386	0.1850621	0.2037757	0.4004753	-0.1968065	0.2280540	0.2721054	-0.2079460	0.1549389	0.2861657	-0.1919186	0.2514254	0.9580337	0.0757347	0.2198076	0.9573686	-0.1339496	0.3234870	1.1912274	0.2756512	0.3030849	1.1723685	0.1776942	0.5229610	1.0157380	0.1953322	0.4760430	0.9696767	0.2264187	0.2369620	1.2107337	-0.3086958	0.2229036	1.1911357	-0.2147554	0.4429489	1.0533838	-0.2430686	0.4011643	0.9999796	-0.2658681
273	4.5333333	0.2599300	1.5132690	0.0007800	0.2984300	1.5057190	0.1650800	0.3492900	1.2390290	0.2207300	0.5377800	1.0202090	0.2106900	0.2453000	1.5173390	-0.1800800	0.2212600	1.2425090	-0.2447200	0.4366700	1.0518690	-0.2536700	0.2667200	0.9849990	-0.0262100	0.2756400	0.9808690	0.0911400	0.2656200	0.5356590	0.1057100	0.2503100	0.0883790	0.0919000	0.2574800	0.9896990	-0.1485700	0.2393800	0.5423390	-0.1415700	0.2281500	0.1057190	-0.1259900	0.4093700	0.0970190	-0.1372700	0.3749300	0.0900390	-0.1720700	0.1825900	0.0540390	-0.1218100	0.4150500	0.0537890	0.0473700	0.4030200	0.0545890	0.0938400	0.2015800	0.0372090	0.0997500	0.3533868	1.0608838	0.1412969	0.3017933	1.0610581	-0.2065026	0.1233491	1.0644928	0.0675501	0.1040219	1.0637998	-0.0680936	0.2773741	0.5223840	0.1697649	0.2656014	0.5229575	0.0387979	0.2256828	0.0925182	0.1557168	0.2393777	0.0944822	0.0579283	0.3760649	0.0634139	0.0820173	0.3375211	0.0480548	0.1521690	0.1513326	0.0556421	0.1078811	0.2097278	0.5243549	-0.1927351	0.2421897	0.5310149	-0.0640470	0.1926582	0.1019488	-0.1609306	0.2368516	0.1098046	-0.0734890	0.3627036	0.0942724	-0.1355305	0.1381211	0.0577495	-0.0979453	0.3050457	0.0682123	-0.1878479	0.2830273	1.5482266	0.1726391	0.2398529	1.5634413	-0.1781650	0.1634531	1.5755780	0.0158687	0.3637129	0.7979542	0.1679339	0.3293093	0.6892044	0.1942309	0.2425357	0.8068835	0.2119251	0.2940660	0.7977675	-0.2312664	0.2526087	0.6897902	-0.2402951	0.1666816	0.8022258	-0.2382591	0.2629494	0.3953957	0.1764987	0.2828375	0.2639598	0.1814016	0.2096901	0.2804470	0.1891760	0.2036007	0.3985360	-0.1921597	0.2281552	0.2702713	-0.2039890	0.1545474	0.2840557	-0.1881014	0.2466618	0.9548195	0.0829904	0.2154553	0.9549367	-0.1270627	0.3372154	1.1922349	0.2807632	0.3142742	1.1718483	0.1841452	0.5458452	1.0313243	0.1919215	0.5028694	0.9811898	0.2231792	0.2371252	1.2098093	-0.3021778	0.2237875	1.1897903	-0.2082359	0.4560038	1.0732132	-0.2338911	0.4204303	1.0158180	-0.2573893
274	4.5500000	0.2601200	1.5130590	0.0011700	0.3004800	1.5028690	0.1758800	0.3529300	1.2447190	0.2187200	0.5590700	1.0261090	0.2121100	0.2455200	1.5172890	-0.1799700	0.2249100	1.2417790	-0.2401700	0.4470800	1.0665090	-0.2451300	0.2761600	0.9841790	-0.0197100	0.2860100	0.9813490	0.0956800	0.2610100	0.5317690	0.1071500	0.2430500	0.0872290	0.0942000	0.2657500	0.9905290	-0.1444200	0.2379700	0.5429790	-0.1395500	0.2286800	0.1054690	-0.1260100	0.4088700	0.0949890	-0.1372700	0.3756700	0.0886290	-0.1718600	0.1821900	0.0574490	-0.1225900	0.4154100	0.0534890	0.0478400	0.3991900	0.0546890	0.0931600	0.2021200	0.0358590	0.0999300	0.3633169	1.0595965	0.1483516	0.3119365	1.0606249	-0.2009418	0.1324450	1.0640712	0.0743590	0.1131962	1.0637124	-0.0618437	0.2848702	0.5214976	0.1746243	0.2723192	0.5229726	0.0438827	0.2367918	0.0917324	0.1571491	0.2497354	0.0944957	0.0595165	0.3870068	0.0642105	0.0819948	0.3491427	0.0478741	0.1522931	0.1623730	0.0546165	0.1094731	0.2214086	0.5244880	-0.1887025	0.2539933	0.5307029	-0.0595368	0.2033046	0.1024121	-0.1601568	0.2477278	0.1098801	-0.0724765	0.3736988	0.0942597	-0.1343482	0.1485976	0.0581740	-0.0976802	0.3157082	0.0689375	-0.1869428	0.2947087	1.5484039	0.1782278	0.2495359	1.5636627	-0.1725252	0.1738017	1.5760169	0.0218894	0.3723037	0.7963892	0.1735356	0.3376242	0.6877208	0.1995752	0.2517124	0.8052703	0.2183029	0.3044736	0.7985520	-0.2262890	0.2634288	0.6904110	-0.2357611	0.1765655	0.8021020	-0.2331435	0.2714759	0.3947291	0.1803371	0.2924789	0.2634116	0.1840751	0.2193608	0.2792577	0.1921765	0.2149488	0.3987611	-0.1889552	0.2392482	0.2706921	-0.2017949	0.1654910	0.2843732	-0.1858968	0.2557567	0.9537980	0.0900301	0.2246743	0.9544211	-0.1209218	0.3575799	1.1950742	0.2828082	0.3339550	1.1739854	0.1881228	0.5732729	1.0470061	0.1886013	0.5339415	0.9934301	0.2196108	0.2445869	1.2107756	-0.2959654	0.2320530	1.1904710	-0.2017315	0.4742229	1.0919742	-0.2251645	0.4441964	1.0318756	-0.2488128
275	4.5666667	0.2644600	1.5129490	0.0054600	0.2966300	1.5030890	0.1782000	0.3627800	1.2523690	0.2227300	0.5699500	1.0393690	0.2074800	0.2494200	1.5148290	-0.1712600	0.2299500	1.2426790	-0.2375000	0.4557000	1.0851090	-0.2320400	0.2860200	0.9844190	-0.0147400	0.3009100	0.9810290	0.1038900	0.2622900	0.5289990	0.1078100	0.2501600	0.0882190	0.0944700	0.2755200	0.9893290	-0.1372100	0.2388500	0.5436990	-0.1360600	0.2282000	0.1056590	-0.1259400	0.4086300	0.0947690	-0.1366400	0.3748100	0.0899790	-0.1720100	0.1826400	0.0561290	-0.1226000	0.4152600	0.0539390	0.0473700	0.4035500	0.0566090	0.0944700	0.2014600	0.0372790	0.0998100	0.3733060	1.0593231	0.1538513	0.3223880	1.0610420	-0.1967703	0.1420251	1.0647768	0.0794665	0.1229355	1.0646884	-0.0572483	0.2915412	0.5215349	0.1778140	0.2784869	0.5239177	0.0473101	0.2451502	0.0919315	0.1570855	0.2575920	0.0954358	0.0597221	0.3950125	0.0653918	0.0807900	0.3575988	0.0482156	0.1510245	0.1705510	0.0549279	0.1095997	0.2317497	0.5254780	-0.1868377	0.2645221	0.5309179	-0.0572459	0.2113619	0.1036184	-0.1613666	0.2559978	0.1103841	-0.0734782	0.3821027	0.0946347	-0.1353561	0.1562573	0.0592496	-0.0992007	0.3238515	0.0701326	-0.1881575	0.3054552	1.5500331	0.1820722	0.2585291	1.5650975	-0.1684606	0.1834861	1.5776463	0.0262008	0.3806583	0.7954913	0.1775958	0.3454139	0.6870235	0.2032855	0.2607100	0.8048423	0.2229511	0.3145748	0.7999529	-0.2229035	0.2735293	0.6918062	-0.2330369	0.1863879	0.8033189	-0.2297890	0.2786786	0.3949026	0.1825398	0.3001826	0.2635884	0.1851541	0.2270466	0.2791337	0.1935359	0.2246636	0.3998015	-0.1879764	0.2483226	0.2718207	-0.2017739	0.1744390	0.2856433	-0.1857393	0.2653098	0.9539552	0.0954524	0.2345003	0.9549756	-0.1162965	0.3725385	1.1991177	0.2831781	0.3488123	1.1778887	0.1906219	0.5928453	1.0617367	0.1848555	0.5564980	1.0054568	0.2153804	0.2491268	1.2124171	-0.2911719	0.2364042	1.1921293	-0.1967827	0.4868218	1.1096065	-0.2160729	0.4616012	1.0477168	-0.2398470
276	4.5833333	0.2693300	1.5125990	0.0078100	0.3051100	1.5043290	0.1806600	0.3712200	1.2569990	0.2248200	0.5876500	1.0569890	0.1987500	0.2501200	1.5129090	-0.1672800	0.2339800	1.2400990	-0.2351900	0.4699100	1.0954690	-0.2248500	0.2907300	0.9854090	-0.0106300	0.3015000	0.9829590	0.1067800	0.2614900	0.5300190	0.1102600	0.2512900	0.0883990	0.0946100	0.2748400	0.9911290	-0.1351500	0.2432900	0.5464690	-0.1333300	0.2286000	0.1054590	-0.1259600	0.4055900	0.0918990	-0.1330300	0.3757200	0.0885090	-0.1717500	0.1820100	0.0559590	-0.1219900	0.4156300	0.0536090	0.0478700	0.4063300	0.0574990	0.0925500	0.2052000	0.0386390	0.0978100	0.3781663	1.0599800	0.1583886	0.3274179	1.0620940	-0.1933539	0.1466514	1.0660624	0.0838057	0.1276106	1.0661355	-0.0533521	0.2924522	0.5222399	0.1800384	0.2787617	0.5254567	0.0497856	0.2472139	0.0928859	0.1562400	0.2590933	0.0970319	0.0591688	0.3964996	0.0671160	0.0790038	0.3595356	0.0492968	0.1491405	0.1724292	0.0561040	0.1089291	0.2362744	0.5272466	-0.1858062	0.2690556	0.5319136	-0.0557298	0.2128737	0.1056407	-0.1631375	0.2575401	0.1116935	-0.0749913	0.3834684	0.0954941	-0.1367706	0.1573017	0.0614516	-0.1012496	0.3251848	0.0719133	-0.1898238	0.3104843	1.5524639	0.1848836	0.2616099	1.5667530	-0.1652871	0.1874542	1.5795837	0.0296437	0.3836895	0.7952226	0.1806754	0.3477331	0.6869962	0.2060183	0.2645635	0.8052807	0.2266634	0.3193525	0.8018730	-0.2201649	0.2781539	0.6938272	-0.2310477	0.1909546	0.8052517	-0.2273183	0.2799234	0.3957823	0.1838313	0.3017898	0.2644446	0.1853857	0.2286828	0.2798187	0.1940508	0.2283808	0.4016186	-0.1877320	0.2511909	0.2736795	-0.2023872	0.1772350	0.2877901	-0.1863114	0.2698639	0.9549209	0.0999606	0.2391558	0.9561625	-0.1124645	0.3821981	1.2036613	0.2827176	0.3579897	1.1826581	0.1918813	0.6066983	1.0773101	0.1792056	0.5732523	1.0186938	0.2089163	0.2492693	1.2137477	-0.2876992	0.2361280	1.1938039	-0.1932263	0.4935480	1.1253716	-0.2085565	0.4721850	1.0619415	-0.2322472
277	4.6000000	0.2652700	1.5129390	0.0097600	0.3017800	1.5028390	0.1828000	0.3930700	1.2576390	0.2221700	0.5992400	1.0655190	0.1959600	0.2447600	1.5129990	-0.1628300	0.2438800	1.2387790	-0.2307700	0.4742300	1.1010490	-0.2199500	0.2908900	0.9879290	-0.0104800	0.3069500	0.9820390	0.1103100	0.2542100	0.5283590	0.1133300	0.2502200	0.0883590	0.0944900	0.2793200	0.9944890	-0.1323900	0.2429800	0.5443590	-0.1314500	0.2284100	0.1055490	-0.1258700	0.4056300	0.0884590	-0.1321300	0.3757400	0.0882990	-0.1719400	0.1875500	0.0529790	-0.1231200	0.4153300	0.0539390	0.0472700	0.4062600	0.0597290	0.0928200	0.1999700	0.0398290	0.0964400	0.3784266	1.0621299	0.1590052	0.3277423	1.0646698	-0.1937716	0.1468124	1.0686428	0.0843693	0.1277887	1.0688825	-0.0531990	0.2882130	0.5243584	0.1788154	0.2740460	0.5283058	0.0488579	0.2440547	0.0949826	0.1525313	0.2555243	0.0996707	0.0557985	0.3928859	0.0695677	0.0747445	0.3562703	0.0513205	0.1446671	0.1691512	0.0584761	0.1053969	0.2356545	0.5302756	-0.1881821	0.2683465	0.5343851	-0.0574700	0.2100297	0.1085395	-0.1676646	0.2546952	0.1140521	-0.0791246	0.3804565	0.0971767	-0.1407776	0.1540728	0.0645776	-0.1058866	0.3222569	0.0744288	-0.1941504	0.3101737	1.5560533	0.1844307	0.2592192	1.5694203	-0.1655122	0.1860178	1.5824445	0.0298429	0.3819416	0.7963059	0.1799875	0.3451085	0.6883679	0.2050852	0.2636191	0.8073021	0.2264799	0.3195577	0.8049324	-0.2211198	0.2780143	0.6969946	-0.2326790	0.1908117	0.8085130	-0.2287675	0.2759689	0.3980334	0.1818502	0.2981611	0.2666179	0.1825350	0.2251109	0.2817918	0.1914044	0.2271876	0.4046318	-0.1907679	0.2494683	0.2765989	-0.2060930	0.1752624	0.2909449	-0.1899801	0.2699503	0.9574031	0.1004552	0.2392758	0.9588869	-0.1125930	0.3904550	1.2095964	0.2779433	0.3655683	1.1884941	0.1896768	0.6172478	1.0897898	0.1709523	0.5855987	1.0302711	0.2004200	0.2475801	1.2157378	-0.2865143	0.2339926	1.1958523	-0.1925281	0.4955470	1.1373959	-0.2043115	0.4767118	1.0731372	-0.2279410
278	4.6166667	0.2653300	1.5128090	0.0122600	0.3030200	1.5004290	0.1892100	0.3978000	1.2591290	0.2263600	0.6114700	1.0704690	0.1976600	0.2361800	1.5134390	-0.1564600	0.2476000	1.2401790	-0.2258700	0.4721100	1.1152990	-0.2104400	0.2951900	0.9885990	-0.0062500	0.3079200	0.9796090	0.1127600	0.2590300	0.5250790	0.1150900	0.2513000	0.0885490	0.0945700	0.2831600	0.9945890	-0.1277300	0.2425900	0.5417290	-0.1315600	0.2288900	0.1053890	-0.1259000	0.4053400	0.0842990	-0.1324000	0.3753600	0.0844790	-0.1718400	0.1874900	0.0541190	-0.1228500	0.4156400	0.0535490	0.0477400	0.4071800	0.0557390	0.0923300	0.1999900	0.0397890	0.0965500	0.3827777	1.0624322	0.1637035	0.3320326	1.0655713	-0.1900041	0.1509944	1.0690697	0.0891450	0.1319421	1.0695301	-0.0488004	0.2883970	0.5243126	0.1819168	0.2736537	0.5289525	0.0520869	0.2450817	0.0948525	0.1532971	0.2560757	0.1000205	0.0567528	0.3934397	0.0694244	0.0749064	0.3572184	0.0508676	0.1447486	0.1699126	0.0588642	0.1062902	0.2385999	0.5311498	-0.1860810	0.2712763	0.5346907	-0.0549255	0.2105510	0.1092948	-0.1675093	0.2552610	0.1143011	-0.0787547	0.3808076	0.0965447	-0.1403980	0.1542370	0.0657834	-0.1057642	0.3225911	0.0745299	-0.1939767	0.3131180	1.5575967	0.1882937	0.2594034	1.5700736	-0.1614492	0.1875990	1.5829447	0.0344772	0.3846158	0.7954297	0.1834268	0.3469223	0.6877014	0.2083921	0.2670040	0.8073192	0.2305765	0.3236634	0.8057763	-0.2177182	0.2816498	0.6979907	-0.2298656	0.1945506	0.8098870	-0.2258437	0.2763721	0.3980653	0.1842101	0.2988754	0.2664988	0.1840476	0.2257972	0.2816276	0.1932159	0.2294601	0.4055296	-0.1892466	0.2511065	0.2773985	-0.2052080	0.1767767	0.2919737	-0.1890194	0.2742565	0.9579188	0.1049791	0.2435392	0.9597541	-0.1086300	0.4004379	1.2136085	0.2783540	0.3751207	1.1921969	0.1920972	0.6289135	1.0980863	0.1690387	0.5985950	1.0380540	0.1985957	0.2474976	1.2160184	-0.2803044	0.2338030	1.1959262	-0.1863774	0.4981509	1.1462032	-0.1956146	0.4813131	1.0812257	-0.2189959
279	4.6333333	0.2694700	1.5127490	0.0165000	0.3026800	1.5043490	0.1918700	0.4025000	1.2611190	0.2305800	0.6222800	1.0847490	0.1989400	0.2352300	1.5134190	-0.1539000	0.2438600	1.2404990	-0.2239300	0.4814300	1.1289790	-0.2045200	0.2951400	0.9900190	-0.0056000	0.3105800	0.9859590	0.1153600	0.2598900	0.5277990	0.1153800	0.2501700	0.0882790	0.0944900	0.2874900	0.9933490	-0.1222000	0.2425400	0.5458190	-0.1288000	0.2286500	0.1036690	-0.1263900	0.4095300	0.0856190	-0.1340100	0.3754400	0.0842890	-0.1720500	0.1831900	0.0528090	-0.1205300	0.4198600	0.0552690	0.0489200	0.4104200	0.0572690	0.0930000	0.1960100	0.0361190	0.0978000	0.3826687	1.0635310	0.1646628	0.3319809	1.0669416	-0.1893753	0.1510304	1.0701801	0.0902584	0.1320051	1.0707346	-0.0478216	0.2851318	0.5252053	0.1815435	0.2699492	0.5303348	0.0517871	0.2422589	0.0951842	0.1513801	0.2528596	0.1007052	0.0549286	0.3907835	0.0698346	0.0726516	0.3547503	0.0509167	0.1424734	0.1667365	0.0593973	0.1043812	0.2373315	0.5327068	-0.1870059	0.2699744	0.5358514	-0.0554351	0.2072637	0.1104052	-0.1697340	0.2520141	0.1150437	-0.0807026	0.3775774	0.0963622	-0.1425193	0.1506595	0.0672431	-0.1079814	0.3193175	0.0749583	-0.1963030	0.3119431	1.5596750	0.1893072	0.2554106	1.5714001	-0.1605520	0.1849134	1.5841548	0.0360597	0.3834176	0.7957057	0.1833321	0.3450125	0.6881342	0.2081890	0.2662194	0.8083548	0.2309412	0.3234470	0.8072754	-0.2175909	0.2810240	0.6996070	-0.2302293	0.1940718	0.8118031	-0.2262147	0.2732499	0.3988359	0.1833369	0.2959183	0.2670192	0.1825923	0.2228388	0.2821357	0.1920266	0.2276486	0.4069438	-0.1906334	0.2487804	0.2785934	-0.2070046	0.1742291	0.2934754	-0.1907586	0.2742131	0.9593353	0.1056841	0.2435239	0.9613243	-0.1081261	0.4056351	1.2184972	0.2773739	0.3801515	1.1965573	0.1923246	0.6362586	1.1081460	0.1665489	0.6073470	1.0477535	0.1959545	0.2448620	1.2170718	-0.2766381	0.2307784	1.1968508	-0.1829769	0.4977814	1.1574231	-0.1897496	0.4831155	1.0914790	-0.2125511
280	4.6500000	0.2693000	1.5144890	0.0214300	0.2989000	1.5063690	0.1942000	0.3985500	1.2662090	0.2351200	0.6300500	1.0960090	0.1936400	0.2399400	1.5133990	-0.1493400	0.2473600	1.2415090	-0.2192100	0.4841600	1.1335190	-0.1990300	0.2952300	0.9887490	-0.0056800	0.3078500	0.9856990	0.1177800	0.2611400	0.5344890	0.1171100	0.2483600	0.0855290	0.0964000	0.2873600	0.9935590	-0.1180100	0.2466500	0.5500290	-0.1261200	0.2291200	0.1034590	-0.1265000	0.4096400	0.0856090	-0.1343100	0.3751400	0.0825890	-0.1702300	0.1881900	0.0523190	-0.1217700	0.4208700	0.0568490	0.0466500	0.4106800	0.0569690	0.0932800	0.1960400	0.0383590	0.0986400	0.3825044	1.0618604	0.1649773	0.3324844	1.0657436	-0.1893996	0.1510597	1.0687080	0.0904342	0.1323024	1.0694314	-0.0477789	0.2828261	0.5237156	0.1809536	0.2671586	0.5292542	0.0511400	0.2403382	0.0931595	0.1499096	0.2505417	0.0989731	0.0534744	0.3889560	0.0679425	0.0708036	0.3532263	0.0487515	0.1407345	0.1644704	0.0575121	0.1029734	0.2368350	0.5318710	-0.1882897	0.2692141	0.5347441	-0.0560373	0.2055275	0.1087439	-0.1718099	0.2501490	0.1130921	-0.0823035	0.3757734	0.0936269	-0.1442675	0.1485791	0.0658682	-0.1099369	0.3176076	0.0728332	-0.1983503	0.3104726	1.5589125	0.1900406	0.2524667	1.5700187	-0.1598643	0.1826439	1.5825246	0.0371682	0.3825789	0.7935781	0.1826242	0.3437131	0.6861849	0.2075603	0.2657125	0.8067731	0.2308562	0.3238744	0.8061584	-0.2181304	0.2811314	0.6986801	-0.2311907	0.1941840	0.8110881	-0.2274140	0.2710444	0.3972022	0.1824346	0.2938660	0.2651215	0.1813195	0.2207907	0.2803033	0.1910078	0.2268872	0.4058872	-0.1922055	0.2478239	0.2771799	-0.2088330	0.1729105	0.2923706	-0.1926421	0.2740735	0.9579943	0.1056115	0.2437816	0.9602597	-0.1084030	0.4090479	1.2209487	0.2771033	0.3835998	1.1983390	0.1930793	0.6419096	1.1165858	0.1640216	0.6144685	1.0556061	0.1932237	0.2436720	1.2160894	-0.2725483	0.2288833	1.1956996	-0.1795772	0.4982702	1.1639276	-0.1838667	0.4851453	1.0971401	-0.2059340
281	4.6666667	0.2690100	1.5145390	0.0237900	0.2983500	1.5101190	0.1993100	0.3983700	1.2665590	0.2374500	0.6376700	1.1054290	0.1891900	0.2351500	1.5155290	-0.1446000	0.2472800	1.2401690	-0.2167700	0.4845400	1.1379290	-0.1894700	0.2914700	0.9862690	-0.0010600	0.3066500	0.9854890	0.1203000	0.2670200	0.5339490	0.1198100	0.2510600	0.0865690	0.0945100	0.2869900	0.9931790	-0.1171300	0.2478300	0.5508390	-0.1256000	0.2333900	0.1049990	-0.1245500	0.4094000	0.0853490	-0.1300300	0.3790400	0.0836390	-0.1683900	0.1886400	0.0532690	-0.1225000	0.4199900	0.0587190	0.0461500	0.4105700	0.0593290	0.0937000	0.2002900	0.0384990	0.0963600	0.3782562	1.0586879	0.1699103	0.3295591	1.0633413	-0.1844966	0.1472557	1.0663586	0.0949327	0.1290245	1.0673643	-0.0433025	0.2785597	0.5212667	0.1846762	0.2624686	0.5272538	0.0547441	0.2370433	0.0903491	0.1524001	0.2468813	0.0965173	0.0560168	0.3856194	0.0659891	0.0731353	0.3502187	0.0463318	0.1431314	0.1610551	0.0546195	0.1053712	0.2336973	0.5302101	-0.1847925	0.2655984	0.5328513	-0.0517091	0.2020282	0.1061056	-0.1688823	0.2463315	0.1102763	-0.0787817	0.3720778	0.0906873	-0.1407501	0.1447422	0.0632661	-0.1069972	0.3141561	0.0702642	-0.1953147	0.3057704	1.5568935	0.1952584	0.2465722	1.5676699	-0.1543507	0.1773855	1.5800183	0.0427838	0.3784401	0.7908260	0.1866065	0.3396382	0.6834551	0.2114807	0.2617871	0.8039265	0.2352130	0.3211631	0.8043937	-0.2137293	0.2783655	0.6970221	-0.2273045	0.1911277	0.8092893	-0.2240111	0.2670330	0.3945791	0.1856775	0.2901609	0.2622933	0.1841875	0.2171366	0.2775474	0.1940349	0.2237458	0.4039369	-0.1888618	0.2447528	0.2749325	-0.2055974	0.1694831	0.2902694	-0.1897492	0.2698504	0.9554350	0.1100993	0.2403560	0.9581616	-0.1039375	0.4099491	1.2223818	0.2809836	0.3841751	1.1992228	0.1977840	0.6445148	1.1249418	0.1645365	0.6188383	1.0632748	0.1931958	0.2405418	1.2146902	-0.2650948	0.2247321	1.1940459	-0.1726623	0.4961451	1.1687154	-0.1738109	0.4844931	1.1011110	-0.1949957
282	4.6833333	0.2648500	1.5142290	0.0288800	0.2947200	1.5103190	0.2037900	0.3948200	1.2662390	0.2400600	0.6406900	1.1153890	0.1867900	0.2355200	1.5154090	-0.1417200	0.2467200	1.2395590	-0.2144800	0.4831200	1.1419190	-0.1857800	0.2964500	0.9870290	0.0009100	0.3126200	0.9849690	0.1224100	0.2683600	0.5317390	0.1194800	0.2484100	0.0853690	0.0964600	0.2907100	0.9935590	-0.1125400	0.2480300	0.5490590	-0.1263300	0.2341500	0.1030490	-0.1245200	0.4143400	0.0812590	-0.1323100	0.3788500	0.0819890	-0.1689400	0.1881900	0.0487490	-0.1222600	0.4208500	0.0570690	0.0466600	0.4109900	0.0591090	0.0938800	0.2003600	0.0384590	0.0964800	0.3829572	1.0588920	0.1721945	0.3350097	1.0642338	-0.1824109	0.1519776	1.0668624	0.0969806	0.1340395	1.0681304	-0.0413220	0.2829542	0.5223025	0.1856745	0.2663560	0.5285947	0.0558435	0.2416871	0.0908211	0.1524659	0.2510070	0.0972312	0.0561258	0.3903733	0.0666430	0.0728604	0.3552527	0.0469154	0.1428848	0.1653132	0.0551992	0.1056100	0.2388250	0.5316275	-0.1837077	0.2702576	0.5341793	-0.0502011	0.2067083	0.1066590	-0.1687729	0.2507619	0.1107190	-0.0783385	0.3768616	0.0903077	-0.1399913	0.1491292	0.0641682	-0.1070439	0.3190533	0.0703047	-0.1949064	0.3086267	1.5580957	0.1986609	0.2487887	1.5686168	-0.1513265	0.1796534	1.5805387	0.0460933	0.3831128	0.7914042	0.1877267	0.3443197	0.6841494	0.2125603	0.2668110	0.8044655	0.2368600	0.3267102	0.8055972	-0.2120576	0.2838325	0.6983394	-0.2259455	0.1965701	0.8105593	-0.2228333	0.2715883	0.3954095	0.1862665	0.2947848	0.2629112	0.1843280	0.2218389	0.2782030	0.1946144	0.2287960	0.4051165	-0.1880986	0.2498179	0.2758194	-0.2050794	0.1743033	0.2912726	-0.1893807	0.2745598	0.9560759	0.1120317	0.2455092	0.9592186	-0.1021194	0.4146826	1.2261860	0.2825274	0.3889674	1.2027270	0.2001550	0.6506055	1.1357946	0.1630303	0.6266402	1.0730860	0.1909686	0.2427664	1.2164134	-0.2609547	0.2261932	1.1952487	-0.1686316	0.4994573	1.1741401	-0.1673560	0.4886395	1.1057971	-0.1875531
283	4.7000000	0.2694500	1.5140090	0.0311100	0.2998700	1.5133990	0.2084100	0.3910300	1.2678690	0.2449300	0.6391400	1.1240890	0.1864700	0.2348700	1.5153590	-0.1393700	0.2506600	1.2399690	-0.2098700	0.4837000	1.1429790	-0.1805100	0.2961100	0.9903090	0.0037700	0.3121800	0.9834590	0.1225600	0.2683700	0.5326890	0.1200300	0.2473900	0.0851390	0.0964300	0.2910100	0.9952490	-0.1120000	0.2477000	0.5487590	-0.1262400	0.2345700	0.1015690	-0.1244000	0.4146400	0.0789890	-0.1313200	0.3786600	0.0800890	-0.1696400	0.1890600	0.0498990	-0.1232300	0.4157100	0.0559890	0.0444200	0.4070300	0.0579690	0.0929000	0.1973000	0.0382190	0.0993200	0.3823492	1.0614807	0.1751358	0.3351962	1.0676179	-0.1791265	0.1514430	1.0702543	0.0997554	0.1338100	1.0718247	-0.0384143	0.2821882	0.5255791	0.1873346	0.2650482	0.5322657	0.0575277	0.2406424	0.0934702	0.1532703	0.2494815	0.1001419	0.0569376	0.3890841	0.0693809	0.0730855	0.3543145	0.0495084	0.1432506	0.1639545	0.0581256	0.1066763	0.2387830	0.5353590	-0.1818747	0.2697948	0.5375878	-0.0479623	0.2065573	0.1093224	-0.1679569	0.2503681	0.1131521	-0.0771905	0.3766460	0.0920954	-0.1386714	0.1487496	0.0671137	-0.1063247	0.3190570	0.0726616	-0.1939010	0.3072340	1.5618813	0.2025936	0.2464082	1.5722412	-0.1473979	0.1775493	1.5840583	0.0501782	0.3826090	0.7943254	0.1895586	0.3438475	0.6871346	0.2143242	0.2665476	0.8074132	0.2392070	0.3269849	0.8094105	-0.2094416	0.2840816	0.7021984	-0.2237156	0.1967045	0.8144975	-0.2207176	0.2708236	0.3984447	0.1875226	0.2939479	0.2656282	0.1851639	0.2210512	0.2810851	0.1959010	0.2288078	0.4085734	-0.1865611	0.2499371	0.2790140	-0.2037810	0.1741563	0.2944741	-0.1883052	0.2739232	0.9592624	0.1146668	0.2453442	0.9628839	-0.0992709	0.4127829	1.2310475	0.2855308	0.3869692	1.2076945	0.2037535	0.6494777	1.1465610	0.1631782	0.6267292	1.0830410	0.1900837	0.2414294	1.2198314	-0.2562610	0.2240440	1.1983871	-0.1639385	0.4986938	1.1787405	-0.1604692	0.4881562	1.1099725	-0.1796784
284	4.7166667	0.2696700	1.5136490	0.0339400	0.3000500	1.5096590	0.2085100	0.3908200	1.2643590	0.2471600	0.6396100	1.1269290	0.1842000	0.2397700	1.5130090	-0.1371900	0.2455200	1.2389990	-0.2054500	0.4821700	1.1431190	-0.1741200	0.2956900	0.9865190	0.0058200	0.3122400	0.9850090	0.1227800	0.2683600	0.5318190	0.1220800	0.2487200	0.0875090	0.0971600	0.2863900	0.9930490	-0.1077300	0.2520500	0.5491590	-0.1241200	0.2343800	0.1029190	-0.1244800	0.4148500	0.0715590	-0.1325100	0.3790300	0.0749690	-0.1733300	0.1897600	0.0477090	-0.1204600	0.4156200	0.0555890	0.0473500	0.4031400	0.0596090	0.0917900	0.2028500	0.0442090	0.1029300	0.3817178	1.0572958	0.1771368	0.3350867	1.0638862	-0.1766420	0.1509584	1.0664658	0.1016482	0.1335092	1.0682289	-0.0363421	0.2818786	0.5220588	0.1884033	0.2640403	0.5290109	0.0586210	0.2401543	0.0899345	0.1537200	0.2483850	0.0967595	0.0573547	0.3878432	0.0658248	0.0728415	0.3535800	0.0460219	0.1432140	0.1632730	0.0548738	0.1074657	0.2391494	0.5322207	-0.1809447	0.2700204	0.5341521	-0.0465177	0.2067833	0.1052501	-0.1680021	0.2505344	0.1088845	-0.0768212	0.3765490	0.0869728	-0.1383009	0.1489248	0.0635216	-0.1063139	0.3191249	0.0681917	-0.1938871	0.3060969	1.5583780	0.2056854	0.2445940	1.5687867	-0.1442501	0.1760084	1.5803471	0.0533023	0.3822073	0.7904416	0.1906352	0.3436387	0.6833578	0.2153910	0.2665966	0.8035016	0.2408060	0.3272817	0.8062312	-0.2078022	0.2844350	0.6990967	-0.2224496	0.1966874	0.8112643	-0.2194434	0.2705667	0.3948542	0.1882486	0.2936350	0.2618991	0.1855075	0.2208500	0.2775675	0.1968025	0.2292035	0.4051996	-0.1859398	0.2504083	0.2754421	-0.2034363	0.1743611	0.2908508	-0.1880932	0.2733252	0.9554135	0.1164760	0.2450626	0.9593099	-0.0971648	0.4104977	1.2285827	0.2878602	0.3844201	1.2053507	0.2065140	0.6476667	1.1499089	0.1625169	0.6261551	1.0854522	0.1882548	0.2392239	1.2165823	-0.2525125	0.2210859	1.1950332	-0.1601161	0.4968841	1.1759548	-0.1549298	0.4864054	1.1068021	-0.1731524
285	4.7333333	0.2703700	1.5133190	0.0382900	0.3055100	1.5089990	0.2130700	0.3873700	1.2651790	0.2493800	0.6306100	1.1362490	0.1802900	0.2397300	1.5149690	-0.1366100	0.2452200	1.2393890	-0.2030300	0.4750900	1.1403490	-0.1679200	0.2958700	0.9843990	0.0085000	0.3119100	0.9796890	0.1225200	0.2660900	0.5276490	0.1230000	0.2477000	0.0873490	0.0971300	0.2868300	0.9907790	-0.1072200	0.2566400	0.5463090	-0.1218900	0.2341900	0.1030790	-0.1241900	0.4151900	0.0659390	-0.1321800	0.3787300	0.0725990	-0.1729400	0.1943100	0.0490890	-0.1181500	0.4110900	0.0544590	0.0427200	0.3980500	0.0567490	0.0905000	0.2018300	0.0457990	0.1029200	0.3819641	1.0547110	0.1795130	0.3353349	1.0618842	-0.1735427	0.1512855	1.0646148	0.1043035	0.1338264	1.0666213	-0.0334133	0.2818967	0.5203077	0.1897835	0.2633821	0.5276428	0.0602684	0.2398054	0.0884383	0.1543303	0.2473978	0.0954964	0.0580772	0.3864403	0.0639874	0.0726125	0.3527282	0.0443334	0.1430921	0.1628825	0.0540258	0.1086273	0.2405245	0.5307735	-0.1793164	0.2713146	0.5324297	-0.0446214	0.2079028	0.1033078	-0.1673278	0.2516514	0.1067435	-0.0759504	0.3773183	0.0835254	-0.1374445	0.1500949	0.0624122	-0.1056626	0.3199929	0.0656052	-0.1932072	0.3063096	1.5565525	0.2090019	0.2436727	1.5670381	-0.1407191	0.1755474	1.5783770	0.0568429	0.3823650	0.7882235	0.1921439	0.3438952	0.6812594	0.2168078	0.2672718	0.8011858	0.2427627	0.3280170	0.8049198	-0.2055050	0.2854448	0.6977870	-0.2204675	0.1973043	0.8097053	-0.2172129	0.2705608	0.3931548	0.1892035	0.2934836	0.2601332	0.1859841	0.2209216	0.2759613	0.1979402	0.2305490	0.4036185	-0.1845576	0.2517289	0.2737938	-0.2023303	0.1755624	0.2891628	-0.1870734	0.2734837	0.9532148	0.1189171	0.2452221	0.9574648	-0.0942840	0.4073816	1.2276168	0.2908462	0.3806438	1.2047137	0.2099091	0.6439339	1.1551177	0.1616646	0.6238024	1.0895396	0.1860433	0.2368724	1.2153846	-0.2489057	0.2179362	1.1939513	-0.1563927	0.4942955	1.1729459	-0.1492056	0.4833117	1.1036278	-0.1665222
286	4.7500000	0.2756900	1.5128690	0.0407000	0.3108600	1.5082390	0.2154500	0.3874600	1.2610090	0.2493300	0.6306400	1.1377690	0.1809000	0.2449700	1.5149690	-0.1343700	0.2447400	1.2371190	-0.2027200	0.4739500	1.1336190	-0.1655800	0.2961400	0.9826690	0.0108100	0.3125100	0.9796990	0.1252000	0.2703200	0.5258090	0.1248400	0.2575400	0.0904890	0.0970700	0.2828300	0.9885390	-0.1055800	0.2573500	0.5424990	-0.1201700	0.2346400	0.1027490	-0.1240400	0.4153600	0.0624390	-0.1329600	0.3791600	0.0688690	-0.1722600	0.1950700	0.0473790	-0.1172100	0.4146700	0.0537290	0.0416200	0.3985800	0.0566790	0.0902000	0.2072000	0.0477690	0.1017000	0.3823600	1.0525265	0.1815235	0.3356889	1.0601271	-0.1708349	0.1517402	1.0633353	0.1065534	0.1342391	1.0655331	-0.0309082	0.2829014	0.5187249	0.1908693	0.2637800	0.5264369	0.0615593	0.2409524	0.0875474	0.1543789	0.2480015	0.0948473	0.0582299	0.3861347	0.0628925	0.0717971	0.3530239	0.0432839	0.1423801	0.1642257	0.0537278	0.1091572	0.2421462	0.5296565	-0.1781728	0.2731482	0.5309352	-0.0432789	0.2091932	0.1017253	-0.1669902	0.2531012	0.1049309	-0.0755176	0.3780678	0.0805265	-0.1372062	0.1515642	0.0615560	-0.1052748	0.3207922	0.0634364	-0.1930531	0.3077693	1.5551445	0.2120539	0.2439063	1.5659959	-0.1375984	0.1763913	1.5772377	0.0599955	0.3828685	0.7864939	0.1933625	0.3447418	0.6795286	0.2179238	0.2682808	0.7992279	0.2443692	0.3287984	0.8039392	-0.2037203	0.2865390	0.6968248	-0.2189676	0.1978240	0.8085759	-0.2153050	0.2716701	0.3916992	0.1898042	0.2945657	0.2587499	0.1860764	0.2222520	0.2747311	0.1985786	0.2321057	0.4023961	-0.1836103	0.2531804	0.2725580	-0.2016562	0.1769264	0.2878321	-0.1863906	0.2737284	0.9514894	0.1209958	0.2454426	0.9560016	-0.0917811	0.4046669	1.2261273	0.2933777	0.3772523	1.2038809	0.2126312	0.6409975	1.1589864	0.1610510	0.6219310	1.0923858	0.1838611	0.2351328	1.2146811	-0.2465800	0.2155410	1.1934055	-0.1537835	0.4921792	1.1683564	-0.1451789	0.4800965	1.0990306	-0.1617619
287	4.7666667	0.2711900	1.5128990	0.0427400	0.3069000	1.5086090	0.2171700	0.3839700	1.2607090	0.2537700	0.6298000	1.1376190	0.1784400	0.2446500	1.5148490	-0.1342700	0.2448400	1.2377490	-0.2002300	0.4675700	1.1290690	-0.1658800	0.3010500	0.9826490	0.0135600	0.3170400	0.9785990	0.1268500	0.2705800	0.5242590	0.1274000	0.2564800	0.0903790	0.0969600	0.2878400	0.9866390	-0.1031300	0.2627600	0.5386990	-0.1185100	0.2346200	0.0993590	-0.1232400	0.4147400	0.0584490	-0.1325400	0.3792000	0.0610390	-0.1693800	0.1901200	0.0480790	-0.1160100	0.4144500	0.0538490	0.0410900	0.3981900	0.0548890	0.0895100	0.2062300	0.0493090	0.1015800	0.3875117	1.0524735	0.1840131	0.3403836	1.0600961	-0.1679774	0.1566944	1.0634046	0.1093297	0.1389932	1.0656238	-0.0279884	0.2877470	0.5189117	0.1922841	0.2681436	0.5269606	0.0634382	0.2455427	0.0884621	0.1547081	0.2520845	0.0959882	0.0588025	0.3894140	0.0629962	0.0712122	0.3568147	0.0436020	0.1417316	0.1689103	0.0554698	0.1101036	0.2478936	0.5299878	-0.1765722	0.2791690	0.5310117	-0.0415536	0.2134431	0.1020562	-0.1665182	0.2575952	0.1050290	-0.0750095	0.3820374	0.0783947	-0.1365189	0.1558844	0.0631555	-0.1049232	0.3246531	0.0623347	-0.1925494	0.3126683	1.5557168	0.2153030	0.2480089	1.5666511	-0.1346754	0.1807427	1.5775572	0.0630823	0.3876050	0.7864323	0.1950112	0.3496308	0.6795089	0.2194082	0.2737046	0.7990315	0.2463607	0.3338396	0.8042951	-0.2016825	0.2917939	0.6972193	-0.2171140	0.2027196	0.8088535	-0.2128829	0.2765338	0.3920560	0.1907292	0.2992611	0.2592306	0.1864222	0.2271842	0.2753052	0.1995091	0.2373908	0.4027263	-0.1823382	0.2579774	0.2728973	-0.2008033	0.1817845	0.2882583	-0.1853663	0.2787692	0.9514786	0.1236725	0.2502062	0.9560036	-0.0888748	0.4046967	1.2261987	0.2959631	0.3765421	1.2045094	0.2156675	0.6403073	1.1626929	0.1605444	0.6219546	1.0951755	0.1822260	0.2357572	1.2156279	-0.2445126	0.2159200	1.1944263	-0.1512892	0.4925418	1.1633446	-0.1423729	0.4787705	1.0941953	-0.1584774
288	4.7833333	0.2756600	1.5127790	0.0409000	0.3120100	1.5067690	0.2186200	0.3841000	1.2583590	0.2537300	0.6214100	1.1373590	0.1750600	0.2496300	1.5147090	-0.1296700	0.2391700	1.2403890	-0.1971100	0.4660700	1.1226990	-0.1660800	0.3010800	0.9830490	0.0134200	0.3087700	0.9793790	0.1272700	0.2700400	0.5257290	0.1297800	0.2575000	0.0905890	0.0970900	0.2882600	0.9850990	-0.1032400	0.2720200	0.5459590	-0.1127500	0.2355900	0.0975590	-0.1233100	0.4146200	0.0582090	-0.1327800	0.3805000	0.0556690	-0.1687400	0.1995200	0.0476390	-0.1161700	0.4148100	0.0535790	0.0413800	0.3985400	0.0547390	0.0893800	0.2062900	0.0492290	0.1017200	0.3873540	1.0527751	0.1836540	0.3407333	1.0602075	-0.1676985	0.1568963	1.0643102	0.1088045	0.1393649	1.0664784	-0.0282728	0.2877764	0.5196495	0.1911163	0.2681678	0.5280823	0.0626973	0.2451644	0.0897271	0.1526628	0.2516190	0.0975056	0.0570931	0.3877121	0.0635020	0.0686733	0.3554612	0.0441390	0.1390625	0.1689218	0.0575193	0.1084774	0.2496543	0.5307408	-0.1777614	0.2812209	0.5314696	-0.0424099	0.2139517	0.1023537	-0.1681772	0.2583636	0.1050915	-0.0764250	0.3820737	0.0764894	-0.1381291	0.1564255	0.0645290	-0.1064682	0.3246984	0.0615735	-0.1943116	0.3134965	1.5564235	0.2156680	0.2483198	1.5677430	-0.1344357	0.1812816	1.5785931	0.0632924	0.3871173	0.7869215	0.1940949	0.3493879	0.6800348	0.2182868	0.2737089	0.7993812	0.2453248	0.3345997	0.8051780	-0.2024209	0.2928985	0.6981032	-0.2180859	0.2031906	0.8095688	-0.2135210	0.2765211	0.3928469	0.1891541	0.2989924	0.2600387	0.1844866	0.2271264	0.2762891	0.1978003	0.2388922	0.4033259	-0.1836980	0.2591633	0.2733936	-0.2023420	0.1826886	0.2888534	-0.1868485	0.2786302	0.9520510	0.1232764	0.2503740	0.9564604	-0.0888798	0.3999199	1.2258387	0.2960389	0.3708204	1.2047735	0.2161777	0.6343349	1.1642374	0.1574811	0.6163327	1.0961230	0.1781063	0.2317317	1.2169021	-0.2448486	0.2119459	1.1960565	-0.1511807	0.4879771	1.1571670	-0.1432012	0.4720925	1.0884879	-0.1590265
289	4.8000000	0.2762500	1.5125290	0.0472300	0.3119800	1.5117790	0.2193000	0.3758100	1.2563690	0.2541000	0.6155300	1.1369590	0.1754300	0.2537200	1.5141390	-0.1273900	0.2388200	1.2407790	-0.1946100	0.4630100	1.1144790	-0.1620500	0.3064000	0.9835190	0.0182500	0.3133600	0.9785990	0.1289500	0.2716100	0.5262790	0.1298000	0.2527100	0.0890190	0.0988400	0.2934400	0.9873790	-0.1009100	0.2771700	0.5457790	-0.1104700	0.2399100	0.0991090	-0.1211400	0.4181900	0.0576690	-0.1311000	0.3847200	0.0549690	-0.1696600	0.1950600	0.0459690	-0.1121900	0.4144100	0.0537790	0.0409000	0.3978600	0.0549090	0.0892100	0.2030500	0.0465090	0.1037500	0.3924850	1.0532868	0.1883371	0.3463842	1.0604756	-0.1625513	0.1621917	1.0648783	0.1131829	0.1448405	1.0669642	-0.0237167	0.2922243	0.5202937	0.1947721	0.2722562	0.5290009	0.0667340	0.2487323	0.0906920	0.1554689	0.2547507	0.0986325	0.0601293	0.3903252	0.0638413	0.0705509	0.3584989	0.0444839	0.1409546	0.1723838	0.0591153	0.1117920	0.2566457	0.5314881	-0.1739062	0.2883057	0.5319114	-0.0383669	0.2184158	0.1028621	-0.1652465	0.2629972	0.1053041	-0.0733932	0.3861752	0.0743375	-0.1352112	0.1607463	0.0663843	-0.1035778	0.3287084	0.0606765	-0.1915531	0.3183402	1.5575826	0.2205060	0.2533807	1.5687745	-0.1297114	0.1861330	1.5794605	0.0677950	0.3917396	0.7873276	0.1978706	0.3540249	0.6804914	0.2219530	0.2789392	0.7998073	0.2494179	0.3406644	0.8060020	-0.1981412	0.2992908	0.6989621	-0.2139849	0.2090703	0.8103079	-0.2090737	0.2808471	0.3935121	0.1924193	0.3030047	0.2606527	0.1873122	0.2312594	0.2771565	0.2010451	0.2451931	0.4039374	-0.1801063	0.2647359	0.2738623	-0.1990707	0.1881975	0.2896455	-0.1835203	0.2837665	0.9526322	0.1279022	0.2558222	0.9568958	-0.0839661	0.3974188	1.2252671	0.3004215	0.3676436	1.2049950	0.2207943	0.6310199	1.1642529	0.1592181	0.6130665	1.0955598	0.1788834	0.2319549	1.2179031	-0.2407449	0.2122086	1.1974626	-0.1464987	0.4872753	1.1493938	-0.1396624	0.4689743	1.0813139	-0.1553948
290	4.8166667	0.2765000	1.5123790	0.0474800	0.3174200	1.5060890	0.2233000	0.3759500	1.2539890	0.2541900	0.6109800	1.1344390	0.1777600	0.2542300	1.5122590	-0.1276600	0.2388700	1.2383990	-0.1949000	0.4501900	1.0984190	-0.1685800	0.3113800	0.9843290	0.0206100	0.3186000	0.9812990	0.1313700	0.2773100	0.5251690	0.1333600	0.2537300	0.0892490	0.0989400	0.3025500	0.9883190	-0.0943700	0.2767700	0.5414190	-0.1114300	0.2397200	0.0986590	-0.1189700	0.4150000	0.0546590	-0.1274000	0.3894000	0.0547590	-0.1677200	0.2039100	0.0489990	-0.1142100	0.4146400	0.0536190	0.0415100	0.3984700	0.0567290	0.0900700	0.2030900	0.0464790	0.1039200	0.3968035	1.0540340	0.1905422	0.3518485	1.0610218	-0.1597411	0.1671104	1.0658480	0.1150169	0.1501754	1.0678615	-0.0216452	0.2960028	0.5210962	0.1961105	0.2762471	0.5300900	0.0685152	0.2509370	0.0918987	0.1559662	0.2570000	0.1000009	0.0609522	0.3916861	0.0642298	0.0706202	0.3600264	0.0449272	0.1409086	0.1746594	0.0610958	0.1126018	0.2625874	0.5324431	-0.1724873	0.2942736	0.5324899	-0.0369226	0.2222125	0.1035096	-0.1645397	0.2669128	0.1056113	-0.0726228	0.3894439	0.0726615	-0.1343681	0.1644131	0.0681255	-0.1029354	0.3320466	0.0600986	-0.1908196	0.3227386	1.5586011	0.2232471	0.2576904	1.5697421	-0.1273178	0.1905186	1.5803782	0.0702412	0.3955945	0.7879755	0.1995113	0.3578378	0.6811494	0.2233764	0.2832343	0.8005194	0.2508753	0.3462553	0.8070374	-0.1961172	0.3050186	0.7000412	-0.2121868	0.2146048	0.8114641	-0.2069975	0.2843042	0.3942886	0.1933872	0.3058996	0.2613855	0.1879718	0.2342235	0.2782165	0.2017983	0.2506035	0.4047781	-0.1789653	0.2695809	0.2745550	-0.1981326	0.1928624	0.2906213	-0.1825505	0.2884490	0.9535804	0.1299822	0.2611933	0.9577261	-0.0815102	0.3944082	1.2245218	0.3021927	0.3639620	1.2051229	0.2227000	0.6272830	1.1622938	0.1592102	0.6089063	1.0932041	0.1782890	0.2299811	1.2189902	-0.2396818	0.2110158	1.1989413	-0.1447116	0.4833403	1.1379652	-0.1411850	0.4616687	1.0710813	-0.1571426
291	4.8333333	0.2815900	1.5196090	0.0420400	0.3174300	1.5124290	0.2180600	0.3671900	1.2467790	0.2460900	0.6061300	1.1348490	0.1514900	0.2587100	1.5202390	-0.1303100	0.2476200	1.2321390	-0.2070100	0.4485600	1.0790090	-0.1725700	0.3157200	0.9878290	0.0226500	0.3329300	0.9826790	0.1429900	0.2747500	0.5286890	0.1242100	0.2500200	0.0939790	0.0989900	0.2978800	0.9895890	-0.0980300	0.2747700	0.5493790	-0.1115000	0.2390300	0.0988390	-0.1161600	0.4186700	0.0575190	-0.1372600	0.3850400	0.0549990	-0.1733100	0.2032200	0.0478390	-0.1226900	0.4152900	0.0532090	0.0366400	0.3968100	0.0614190	0.0832100	0.2005600	0.0510390	0.1071700	0.4012929	1.0576479	0.1923393	0.3559140	1.0642962	-0.1578224	0.1715185	1.0694562	0.1171694	0.1543841	1.0713606	-0.0194526	0.2984883	0.5244419	0.1964217	0.2777649	0.5337562	0.0689017	0.2517429	0.0954123	0.1558373	0.2570058	0.1036736	0.0607431	0.3918533	0.0671500	0.0689174	0.3607048	0.0477342	0.1396211	0.1747891	0.0652688	0.1131062	0.2665366	0.5358050	-0.1715659	0.2983273	0.5352836	-0.0359120	0.2240983	0.1068956	-0.1652339	0.2689512	0.1085070	-0.0733067	0.3907586	0.0737657	-0.1354850	0.1662302	0.0726064	-0.1036053	0.3334087	0.0623509	-0.1919042	0.3263160	1.5628503	0.2242254	0.2608300	1.5733646	-0.1262071	0.1938445	1.5841282	0.0713382	0.3996385	0.7908813	0.2002710	0.3614588	0.6841920	0.2239592	0.2877580	0.8039553	0.2524418	0.3504141	0.8104931	-0.1946022	0.3090594	0.7035808	-0.2109015	0.2186342	0.8153396	-0.2052970	0.2864313	0.3976637	0.1933991	0.3076335	0.2645974	0.1875814	0.2359446	0.2817588	0.2021099	0.2539561	0.4081628	-0.1784958	0.2723574	0.2779070	-0.1982045	0.1955939	0.2942413	-0.1825006	0.2929433	0.9572058	0.1320685	0.2654341	0.9611514	-0.0793435	0.3908394	1.2247557	0.3003698	0.3588493	1.2070723	0.2211097	0.6214161	1.1628211	0.1527189	0.6029901	1.0933549	0.1707961	0.2299651	1.2218621	-0.2416166	0.2109868	1.2023675	-0.1456956	0.4793881	1.1254715	-0.1441950	0.4539169	1.0604039	-0.1608232
